"../../../Engine/Content/Functions/Engine_MaterialFunctions01/Shading/PowerToRoughness.uasset" 0
"../../../Engine/Content/Functions/Engine_MaterialFunctions01/Shading/PowerToRoughness.uexp" 1
"../../../Engine/Content/Functions/Engine_MaterialFunctions01/Shading/ConvertFromDiffSpec.uasset" 2
"../../../Engine/Content/Functions/Engine_MaterialFunctions01/Shading/ConvertFromDiffSpec.uexp" 3
"../../../Engine/Content/EngineSounds/Master.uasset" 4
"../../../Engine/Content/EngineSounds/Master.uexp" 5
"../../../Engine/Content/EngineSky/VolumetricClouds/CloudWeatherTexture.uasset" 6
"../../../Engine/Content/EngineSky/VolumetricClouds/CloudWeatherTexture.uexp" 7
"../../../Engine/Content/Functions/Engine_MaterialFunctions02/Utility/MakeFloat2.uasset" 8
"../../../Engine/Content/Functions/Engine_MaterialFunctions02/Utility/MakeFloat2.uexp" 9
"../../../Engine/Content/EngineSky/VolumetricClouds/CloudGradientTexture.uasset" 10
"../../../Engine/Content/EngineSky/VolumetricClouds/CloudGradientTexture.uexp" 11
"../../../Engine/Content/EngineSky/VolumetricClouds/T_NoiseShape64.ubulk" 12
"../../../Engine/Content/EngineSky/VolumetricClouds/T_NoiseShape64.uasset" 13
"../../../Engine/Content/EngineSky/VolumetricClouds/T_NoiseShape64.uexp" 14
"../../../Engine/Content/EngineSky/VolumetricClouds/T_VolumeNoiseShape64.uasset" 15
"../../../Engine/Content/EngineSky/VolumetricClouds/T_VolumeNoiseShape64.uexp" 16
"../../../Engine/Content/EngineSky/VolumetricClouds/T_NoiseErosion.ubulk" 17
"../../../Engine/Content/EngineSky/VolumetricClouds/T_NoiseErosion.uasset" 18
"../../../Engine/Content/EngineSky/VolumetricClouds/T_NoiseErosion.uexp" 19
"../../../Engine/Content/EngineSky/VolumetricClouds/T_VolumeNoiseErosion32.uasset" 20
"../../../Engine/Content/EngineSky/VolumetricClouds/T_VolumeNoiseErosion32.uexp" 21
"../../../Engine/Content/EngineSky/VolumetricClouds/m_SimpleVolumetricCloud.uasset" 22
"../../../Engine/Content/EngineSky/VolumetricClouds/m_SimpleVolumetricCloud.uexp" 23
"../../../Engine/Content/EngineSky/VolumetricClouds/m_SimpleVolumetricCloud_Inst.uasset" 24
"../../../Engine/Content/EngineSky/VolumetricClouds/m_SimpleVolumetricCloud_Inst.uexp" 25
"../../../Engine/Content/EngineResources/GradientTexture0.uasset" 26
"../../../Engine/Content/EngineResources/GradientTexture0.uexp" 27
"../../../Engine/Content/EngineResources/DefaultVolumeTexture2D.uasset" 28
"../../../Engine/Content/EngineResources/DefaultVolumeTexture2D.uexp" 29
"../../../Engine/Content/EngineResources/DefaultVolumeTexture.uasset" 30
"../../../Engine/Content/EngineResources/DefaultVolumeTexture.uexp" 31
"../../../Engine/Content/EngineResources/DefaultTextureCube.uasset" 32
"../../../Engine/Content/EngineResources/DefaultTextureCube.uexp" 33
"../../../Engine/Content/EngineResources/DefaultTexture.ubulk" 34
"../../../Engine/Content/EngineResources/DefaultTexture.uasset" 35
"../../../Engine/Content/EngineResources/DefaultTexture.uexp" 36
"../../../Engine/Content/EngineResources/Black.uasset" 37
"../../../Engine/Content/EngineResources/Black.uexp" 38
"../../../Engine/Content/EngineResources/FilmGrains/Marcie_Grain_v3_128_M2_000.uasset" 39
"../../../Engine/Content/EngineResources/FilmGrains/Marcie_Grain_v3_128_M2_000.uexp" 40
"../../../Engine/Content/EngineMeshes/Sphere.ubulk" 41
"../../../Engine/Content/EngineMeshes/Sphere.uasset" 42
"../../../Engine/Content/EngineMeshes/Sphere.uexp" 43
"../../../Engine/Content/EngineResources/WhiteSquareTexture.uasset" 44
"../../../Engine/Content/EngineResources/WhiteSquareTexture.uexp" 45
"../../../Engine/Content/EngineMaterials/Widget3DPassThrough.uasset" 46
"../../../Engine/Content/EngineMaterials/Widget3DPassThrough.uexp" 47
"../../../Engine/Content/EngineMaterials/Widget3DPassThrough_Translucent.uasset" 48
"../../../Engine/Content/EngineMaterials/Widget3DPassThrough_Translucent.uexp" 49
"../../../Engine/Content/EngineMaterials/Widget3DPassThrough_Translucent_OneSided.uasset" 50
"../../../Engine/Content/EngineMaterials/Widget3DPassThrough_Translucent_OneSided.uexp" 51
"../../../Engine/Content/EngineMaterials/Widget3DPassThrough_Opaque.uasset" 52
"../../../Engine/Content/EngineMaterials/Widget3DPassThrough_Opaque.uexp" 53
"../../../Engine/Content/EngineMaterials/Widget3DPassThrough_Opaque_OneSided.uasset" 54
"../../../Engine/Content/EngineMaterials/Widget3DPassThrough_Opaque_OneSided.uexp" 55
"../../../Engine/Content/EngineMaterials/Widget3DPassThrough_Masked_OneSided.uasset" 56
"../../../Engine/Content/EngineMaterials/Widget3DPassThrough_Masked_OneSided.uexp" 57
"../../../Engine/Content/EngineMaterials/Widget3DPassThrough_Masked.uasset" 58
"../../../Engine/Content/EngineMaterials/Widget3DPassThrough_Masked.uexp" 59
"../../../Engine/Content/EngineMaterials/WeightMapPlaceholderTexture.uasset" 60
"../../../Engine/Content/EngineMaterials/WeightMapPlaceholderTexture.uexp" 61
"../../../Engine/Content/EngineMaterials/RemoveSurfaceMaterial.uasset" 62
"../../../Engine/Content/EngineMaterials/RemoveSurfaceMaterial.uexp" 63
"../../../Engine/Content/EngineMaterials/PreintegratedSkinBRDF.uasset" 64
"../../../Engine/Content/EngineMaterials/PreintegratedSkinBRDF.uexp" 65
"../../../Engine/Content/EngineMaterials/DefaultCalibrationGrayscale.uasset" 66
"../../../Engine/Content/EngineMaterials/DefaultCalibrationGrayscale.uexp" 67
"../../../Engine/Content/EngineMaterials/PPM_DefaultCalibrationGrayscale.uasset" 68
"../../../Engine/Content/EngineMaterials/PPM_DefaultCalibrationGrayscale.uexp" 69
"../../../Engine/Content/EngineMaterials/DefaultCalibrationColor.uasset" 70
"../../../Engine/Content/EngineMaterials/DefaultCalibrationColor.uexp" 71
"../../../Engine/Content/EngineMaterials/PPM_DefaultCalibrationColor.uasset" 72
"../../../Engine/Content/EngineMaterials/PPM_DefaultCalibrationColor.uexp" 73
"../../../Engine/Content/Functions/Engine_MaterialFunctions02/WorldPositionOffset/CameraOffset.uasset" 74
"../../../Engine/Content/Functions/Engine_MaterialFunctions02/WorldPositionOffset/CameraOffset.uexp" 75
"../../../Engine/Content/EngineMaterials/PhAT_JointLimitMaterial.uasset" 76
"../../../Engine/Content/EngineMaterials/PhAT_JointLimitMaterial.uexp" 77
"../../../Engine/Content/EngineMaterials/InvalidLightmapSettings.ubulk" 78
"../../../Engine/Content/EngineMaterials/InvalidLightmapSettings.uasset" 79
"../../../Engine/Content/EngineMaterials/InvalidLightmapSettings.uexp" 80
"../../../Engine/Content/EngineMaterials/M_InvalidLightmapSettings.uasset" 81
"../../../Engine/Content/EngineMaterials/M_InvalidLightmapSettings.uexp" 82
"../../../Engine/Content/EngineMaterials/MiniFont.uasset" 83
"../../../Engine/Content/EngineMaterials/MiniFont.uexp" 84
"../../../Engine/Content/EngineMaterials/Good64x64TilingNoiseHighFreq.uasset" 85
"../../../Engine/Content/EngineMaterials/Good64x64TilingNoiseHighFreq.uexp" 86
"../../../Engine/Content/EngineMaterials/GizmoMaterial.uasset" 87
"../../../Engine/Content/EngineMaterials/GizmoMaterial.uexp" 88
"../../../Engine/Content/EngineMaterials/BaseFlattenEmissiveMap_VT.uasset" 89
"../../../Engine/Content/EngineMaterials/BaseFlattenEmissiveMap_VT.uexp" 90
"../../../Engine/Content/EngineMaterials/BaseFlattenGrayscaleMap_VT.uasset" 91
"../../../Engine/Content/EngineMaterials/BaseFlattenGrayscaleMap_VT.uexp" 92
"../../../Engine/Content/EngineMaterials/BaseFlattenLinearColor_VT.uasset" 93
"../../../Engine/Content/EngineMaterials/BaseFlattenLinearColor_VT.uexp" 94
"../../../Engine/Content/EngineMaterials/Black_1x1_EXR_Texture_VT.uasset" 95
"../../../Engine/Content/EngineMaterials/Black_1x1_EXR_Texture_VT.uexp" 96
"../../../Engine/Content/EngineMaterials/BaseFlattenDiffuseMap_VT.uasset" 97
"../../../Engine/Content/EngineMaterials/BaseFlattenDiffuseMap_VT.uexp" 98
"../../../Engine/Content/EngineMaterials/BaseFlattenNormalMap_VT.uasset" 99
"../../../Engine/Content/EngineMaterials/BaseFlattenNormalMap_VT.uexp" 100
"../../../Engine/Content/EngineMaterials/FlattenMaterial_WS_Normal_VT.uasset" 101
"../../../Engine/Content/EngineMaterials/FlattenMaterial_WS_Normal_VT.uexp" 102
"../../../Engine/Content/EngineMaterials/FlattenMaterial_VT.uasset" 103
"../../../Engine/Content/EngineMaterials/FlattenMaterial_VT.uexp" 104
"../../../Engine/Content/EngineMaterials/BaseFlattenNormalMap.uasset" 105
"../../../Engine/Content/EngineMaterials/BaseFlattenNormalMap.uexp" 106
"../../../Engine/Content/EngineMaterials/BaseFlattenGrayscaleMap.uasset" 107
"../../../Engine/Content/EngineMaterials/BaseFlattenGrayscaleMap.uexp" 108
"../../../Engine/Content/EngineMaterials/BaseFlattenDiffuseMap.uasset" 109
"../../../Engine/Content/EngineMaterials/BaseFlattenDiffuseMap.uexp" 110
"../../../Engine/Content/Functions/Engine_MaterialFunctions02/PivotPainter2/Black_1x1_EXR_Texture.uasset" 111
"../../../Engine/Content/Functions/Engine_MaterialFunctions02/PivotPainter2/Black_1x1_EXR_Texture.uexp" 112
"../../../Engine/Content/EngineMaterials/BaseFlattenEmissiveMap.uasset" 113
"../../../Engine/Content/EngineMaterials/BaseFlattenEmissiveMap.uexp" 114
"../../../Engine/Content/EngineMaterials/BaseFlattenLinearColor.uasset" 115
"../../../Engine/Content/EngineMaterials/BaseFlattenLinearColor.uexp" 116
"../../../Engine/Content/EngineMaterials/FlattenMaterial.uasset" 117
"../../../Engine/Content/EngineMaterials/FlattenMaterial.uexp" 118
"../../../Engine/Content/EngineMaterials/DefaultWhiteGrid_Low.uasset" 119
"../../../Engine/Content/EngineMaterials/DefaultWhiteGrid_Low.uexp" 120
"../../../Engine/Content/EngineMaterials/EmissiveMeshMaterial.uasset" 121
"../../../Engine/Content/EngineMaterials/EmissiveMeshMaterial.uexp" 122
"../../../Engine/Content/EngineMaterials/DefaultWhiteGrid.ubulk" 123
"../../../Engine/Content/EngineMaterials/DefaultWhiteGrid.uasset" 124
"../../../Engine/Content/EngineMaterials/DefaultWhiteGrid.uexp" 125
"../../../Engine/Content/EngineFonts/RobotoDistanceField.uasset" 126
"../../../Engine/Content/EngineFonts/RobotoDistanceField.uexp" 127
"../../../Engine/Content/EngineMaterials/DefaultTextMaterialOpaque.uasset" 128
"../../../Engine/Content/EngineMaterials/DefaultTextMaterialOpaque.uexp" 129
"../../../Engine/Content/EngineMaterials/DefaultDiffuse.ubulk" 130
"../../../Engine/Content/EngineMaterials/DefaultDiffuse.uasset" 131
"../../../Engine/Content/EngineMaterials/DefaultDiffuse.uexp" 132
"../../../Engine/Content/Functions/Engine_MaterialFunctions02/Utility/BreakOutFloat2Components.uasset" 133
"../../../Engine/Content/Functions/Engine_MaterialFunctions02/Utility/BreakOutFloat2Components.uexp" 134
"../../../Engine/Content/EngineMaterials/DefaultPostProcessMaterial.uasset" 135
"../../../Engine/Content/EngineMaterials/DefaultPostProcessMaterial.uexp" 136
"../../../Engine/Content/EngineMaterials/DefaultPhysicalMaterial.uasset" 137
"../../../Engine/Content/EngineMaterials/DefaultPhysicalMaterial.uexp" 138
"../../../Engine/Content/EngineMaterials/DefaultLightFunctionMaterial.uasset" 139
"../../../Engine/Content/EngineMaterials/DefaultLightFunctionMaterial.uexp" 140
"../../../Engine/Content/EngineMaterials/DefaultDestructiblePhysicalMaterial.uasset" 141
"../../../Engine/Content/EngineMaterials/DefaultDestructiblePhysicalMaterial.uexp" 142
"../../../Engine/Content/EngineMaterials/DefaultDeferredDecalMaterial.uasset" 143
"../../../Engine/Content/EngineMaterials/DefaultDeferredDecalMaterial.uexp" 144
"../../../Engine/Content/EngineMaterials/DefaultBokeh.uasset" 145
"../../../Engine/Content/EngineMaterials/DefaultBokeh.uexp" 146
"../../../Engine/Content/EngineMaterials/DefaultBloomKernel.uasset" 147
"../../../Engine/Content/EngineMaterials/DefaultBloomKernel.uexp" 148
"../../../Engine/Content/EngineMaterials/BlueNoise.uasset" 149
"../../../Engine/Content/EngineMaterials/BlueNoise.uexp" 150
"../../../Engine/Content/EngineFonts/Faces/RobotoLight.uexp" 151
"../../../Engine/Content/EngineFonts/Faces/RobotoLight.uasset" 152
"../../../Engine/Content/EngineFonts/Faces/RobotoLight.ufont" 153
"../../../Engine/Content/EngineFonts/Faces/RobotoBold.uexp" 154
"../../../Engine/Content/EngineFonts/Faces/RobotoBold.uasset" 155
"../../../Engine/Content/EngineFonts/Faces/RobotoBold.ufont" 156
"../../../Engine/Content/EngineFonts/Faces/RobotoRegular.uexp" 157
"../../../Engine/Content/EngineFonts/Faces/RobotoRegular.uasset" 158
"../../../Engine/Content/EngineFonts/Faces/RobotoRegular.ufont" 159
"../../../Engine/Content/EngineFonts/Faces/DroidSansFallback.uexp" 160
"../../../Engine/Content/EngineFonts/Faces/DroidSansFallback.uasset" 161
"../../../Engine/Content/EngineFonts/Faces/DroidSansFallback.ufont" 162
"../../../Engine/Content/EngineFonts/Faces/RobotoItalic.uexp" 163
"../../../Engine/Content/EngineFonts/Faces/RobotoItalic.uasset" 164
"../../../Engine/Content/EngineFonts/Faces/RobotoItalic.ufont" 165
"../../../Engine/Content/EngineFonts/Faces/RobotoBoldItalic.uexp" 166
"../../../Engine/Content/EngineFonts/Faces/RobotoBoldItalic.uasset" 167
"../../../Engine/Content/EngineFonts/Faces/RobotoBoldItalic.ufont" 168
"../../../Engine/Content/EngineFonts/Roboto.uasset" 169
"../../../Engine/Content/EngineFonts/Roboto.uexp" 170
"../../../Engine/Content/Functions/Engine_MaterialFunctions02/Utility/CameraDirectionVector.uasset" 171
"../../../Engine/Content/Functions/Engine_MaterialFunctions02/Utility/CameraDirectionVector.uexp" 172
"../../../Engine/Content/EngineDebugMaterials/VolumeToRender.uasset" 173
"../../../Engine/Content/EngineDebugMaterials/VolumeToRender.uexp" 174
"../../../Engine/Content/EngineDebugMaterials/M_VolumeRenderSphereTracePP.uasset" 175
"../../../Engine/Content/EngineDebugMaterials/M_VolumeRenderSphereTracePP.uexp" 176
"../../../Engine/Content/EngineDebugMaterials/M_SimpleUnlitTranslucent.uasset" 177
"../../../Engine/Content/EngineDebugMaterials/M_SimpleUnlitTranslucent.uexp" 178
"../../../Engine/Content/EngineDebugMaterials/DebugMeshMaterial.uasset" 179
"../../../Engine/Content/EngineDebugMaterials/DebugMeshMaterial.uexp" 180
"../../../Engine/Content/EngineDebugMaterials/DebugEditorMaterial.uasset" 181
"../../../Engine/Content/EngineDebugMaterials/DebugEditorMaterial.uexp" 182
"../../../Engine/Content/EngineDamageTypes/DmgTypeBP_Environmental.uasset" 183
"../../../Engine/Content/EngineDamageTypes/DmgTypeBP_Environmental.uexp" 184
"../../../Engine/Content/EditorResources/S_TriggerSphere.uasset" 185
"../../../Engine/Content/EditorResources/S_TriggerSphere.uexp" 186
"../../../Engine/Content/EditorResources/S_TriggerCapsule.uasset" 187
"../../../Engine/Content/EditorResources/S_TriggerCapsule.uexp" 188
"../../../Engine/Content/EditorResources/S_TriggerBox.uasset" 189
"../../../Engine/Content/EditorResources/S_TriggerBox.uexp" 190
"../../../Engine/Content/EditorResources/S_Trigger.ubulk" 191
"../../../Engine/Content/EditorResources/S_Trigger.uasset" 192
"../../../Engine/Content/EditorResources/S_Trigger.uexp" 193
"../../../Engine/Content/EditorResources/S_Terrain.ubulk" 194
"../../../Engine/Content/EditorResources/S_Terrain.uasset" 195
"../../../Engine/Content/EditorResources/S_Terrain.uexp" 196
"../../../Engine/Content/EditorResources/S_Solver.ubulk" 197
"../../../Engine/Content/EditorResources/S_Solver.uasset" 198
"../../../Engine/Content/EditorResources/S_Solver.uexp" 199
"../../../Engine/Content/EditorResources/S_BoxReflectionCapture.uasset" 200
"../../../Engine/Content/EditorResources/S_BoxReflectionCapture.uexp" 201
"../../../Engine/Content/EditorResources/S_Actor.ubulk" 202
"../../../Engine/Content/EditorResources/S_Actor.uasset" 203
"../../../Engine/Content/EditorResources/S_Actor.uexp" 204
"../../../Engine/Content/EditorResources/EmptyActor.uasset" 205
"../../../Engine/Content/EditorResources/EmptyActor.uexp" 206
"../../../Engine/Content/EditorResources/BSPVertex.uasset" 207
"../../../Engine/Content/EditorResources/BSPVertex.uexp" 208
"../../../Engine/Content/EditorResources/SequenceRecorder/RecordingIndicator.uasset" 209
"../../../Engine/Content/EditorResources/SequenceRecorder/RecordingIndicator.uexp" 210
"../../../Engine/Content/EditorResources/SequenceRecorder/Countdown.uasset" 211
"../../../Engine/Content/EditorResources/SequenceRecorder/Countdown.uexp" 212
"../../../Engine/Content/EditorResources/LightIcons/S_LightError.uasset" 213
"../../../Engine/Content/EditorResources/LightIcons/S_LightError.uexp" 214
"../../../Engine/Content/EditorResources/AudioIcons/S_AudioComponent_AutoActivate.uasset" 215
"../../../Engine/Content/EditorResources/AudioIcons/S_AudioComponent_AutoActivate.uexp" 216
"../../../Engine/Content/EditorMaterials/Camera/CineMat.uasset" 217
"../../../Engine/Content/EditorMaterials/Camera/CineMat.uexp" 218
"../../../Engine/Content/EditorMaterials/Camera/MI_CineMat_Rig.uasset" 219
"../../../Engine/Content/EditorMaterials/Camera/MI_CineMat_Rig.uexp" 220
"../../../Engine/Content/EditorMeshes/Camera/SM_RailRig_Track.ubulk" 221
"../../../Engine/Content/EditorMeshes/Camera/SM_RailRig_Track.uasset" 222
"../../../Engine/Content/EditorMeshes/Camera/SM_RailRig_Track.uexp" 223
"../../../Engine/Content/EditorMeshes/Camera/SM_RailRig_Mount.ubulk" 224
"../../../Engine/Content/EditorMeshes/Camera/SM_RailRig_Mount.uasset" 225
"../../../Engine/Content/EditorMeshes/Camera/SM_RailRig_Mount.uexp" 226
"../../../Engine/Content/EditorMeshes/Camera/SM_CraneRig_Mount.ubulk" 227
"../../../Engine/Content/EditorMeshes/Camera/SM_CraneRig_Mount.uasset" 228
"../../../Engine/Content/EditorMeshes/Camera/SM_CraneRig_Mount.uexp" 229
"../../../Engine/Content/EditorMeshes/Camera/SM_CraneRig_Body.ubulk" 230
"../../../Engine/Content/EditorMeshes/Camera/SM_CraneRig_Body.uasset" 231
"../../../Engine/Content/EditorMeshes/Camera/SM_CraneRig_Body.uexp" 232
"../../../Engine/Content/EditorMeshes/Camera/SM_CraneRig_Base.ubulk" 233
"../../../Engine/Content/EditorMeshes/Camera/SM_CraneRig_Base.uasset" 234
"../../../Engine/Content/EditorMeshes/Camera/SM_CraneRig_Base.uexp" 235
"../../../Engine/Content/EditorMeshes/Camera/SM_CraneRig_Arm.ubulk" 236
"../../../Engine/Content/EditorMeshes/Camera/SM_CraneRig_Arm.uasset" 237
"../../../Engine/Content/EditorMeshes/Camera/SM_CraneRig_Arm.uexp" 238
"../../../Engine/Content/EditorMaterials/PreviewShadowIndicator.ubulk" 239
"../../../Engine/Content/EditorMaterials/PreviewShadowIndicator.uasset" 240
"../../../Engine/Content/EditorMaterials/PreviewShadowIndicator.uexp" 241
"../../../Engine/Content/EditorMaterials/PreviewShadowIndicatorMaterial.uasset" 242
"../../../Engine/Content/EditorMaterials/PreviewShadowIndicatorMaterial.uexp" 243
"../../../Engine/Content/EditorMaterials/MAT_Groups_Visibility.uasset" 244
"../../../Engine/Content/EditorMaterials/MAT_Groups_Visibility.uexp" 245
"../../../Engine/Content/EditorMaterials/MAT_Groups_Toggle.uasset" 246
"../../../Engine/Content/EditorMaterials/MAT_Groups_Toggle.uexp" 247
"../../../Engine/Content/Functions/Engine_MaterialFunctions02/Utility/MakeFloat4.uasset" 248
"../../../Engine/Content/Functions/Engine_MaterialFunctions02/Utility/MakeFloat4.uexp" 249
"../../../Engine/Content/Functions/Engine_MaterialFunctions02/Utility/MakeFloat3.uasset" 250
"../../../Engine/Content/Functions/Engine_MaterialFunctions02/Utility/MakeFloat3.uexp" 251
"../../../Engine/Content/Functions/Engine_MaterialFunctions02/Utility/BreakOutFloat3Components.uasset" 252
"../../../Engine/Content/Functions/Engine_MaterialFunctions02/Utility/BreakOutFloat3Components.uexp" 253
"../../../Engine/Content/EditorMaterials/WorldPartition/WorldPartitionSpatialHashGridPreviewMaterial.uasset" 254
"../../../Engine/Content/EditorMaterials/WorldPartition/WorldPartitionSpatialHashGridPreviewMaterial.uexp" 255
"../../../Engine/Content/EditorMaterials/ParticleSystems/PSysThumbnail_OOD.ubulk" 256
"../../../Engine/Content/EditorMaterials/ParticleSystems/PSysThumbnail_OOD.uasset" 257
"../../../Engine/Content/EditorMaterials/ParticleSystems/PSysThumbnail_OOD.uexp" 258
"../../../Engine/Content/EditorMaterials/ParticleSystems/PSysThumbnail_NoImage.ubulk" 259
"../../../Engine/Content/EditorMaterials/ParticleSystems/PSysThumbnail_NoImage.uasset" 260
"../../../Engine/Content/EditorMaterials/ParticleSystems/PSysThumbnail_NoImage.uexp" 261
"../../../Engine/Content/EditorMaterials/MatineeGroups/MAT_Groups_Vector.uasset" 262
"../../../Engine/Content/EditorMaterials/MatineeGroups/MAT_Groups_Vector.uexp" 263
"../../../Engine/Content/EditorMaterials/MatineeGroups/MAT_Groups_Sound.uasset" 264
"../../../Engine/Content/EditorMaterials/MatineeGroups/MAT_Groups_Sound.uexp" 265
"../../../Engine/Content/EditorMaterials/MatineeGroups/MAT_Groups_Slomo.uasset" 266
"../../../Engine/Content/EditorMaterials/MatineeGroups/MAT_Groups_Slomo.uexp" 267
"../../../Engine/Content/EditorMaterials/MatineeGroups/MAT_Groups_Move.uasset" 268
"../../../Engine/Content/EditorMaterials/MatineeGroups/MAT_Groups_Move.uexp" 269
"../../../Engine/Content/EditorMaterials/MatineeGroups/MAT_Groups_Float.uasset" 270
"../../../Engine/Content/EditorMaterials/MatineeGroups/MAT_Groups_Float.uexp" 271
"../../../Engine/Content/EditorMaterials/MatineeGroups/MAT_Groups_Fade.uasset" 272
"../../../Engine/Content/EditorMaterials/MatineeGroups/MAT_Groups_Fade.uexp" 273
"../../../Engine/Content/EditorMaterials/MatineeGroups/MAT_Groups_Event.uasset" 274
"../../../Engine/Content/EditorMaterials/MatineeGroups/MAT_Groups_Event.uexp" 275
"../../../Engine/Content/EditorMaterials/MatineeGroups/MAT_Groups_Director.uasset" 276
"../../../Engine/Content/EditorMaterials/MatineeGroups/MAT_Groups_Director.uexp" 277
"../../../Engine/Content/EditorMaterials/MatineeGroups/MAT_Groups_AudioMaster.uasset" 278
"../../../Engine/Content/EditorMaterials/MatineeGroups/MAT_Groups_AudioMaster.uexp" 279
"../../../Engine/Content/EditorMaterials/MatineeGroups/MAT_Groups_Anim.uasset" 280
"../../../Engine/Content/EditorMaterials/MatineeGroups/MAT_Groups_Anim.uexp" 281
"../../../Engine/Content/EditorMaterials/MatineeGroups/MAT_ColorTrack.uasset" 282
"../../../Engine/Content/EditorMaterials/MatineeGroups/MAT_ColorTrack.uexp" 283
"../../../Engine/Content/EditorLandscapeResources/DefaultAlphaTexture.uasset" 284
"../../../Engine/Content/EditorLandscapeResources/DefaultAlphaTexture.uexp" 285
"../../../Engine/Content/EditorLandscapeResources/DataLayer.uasset" 286
"../../../Engine/Content/EditorLandscapeResources/DataLayer.uexp" 287
"../../../Engine/Content/EngineMaterials/T_Default_Material_Grid_M.ubulk" 288
"../../../Engine/Content/EngineMaterials/T_Default_Material_Grid_M.uasset" 289
"../../../Engine/Content/EngineMaterials/T_Default_Material_Grid_M.uexp" 290
"../../../Engine/Content/EngineMaterials/T_Default_Material_Grid_N.ubulk" 291
"../../../Engine/Content/EngineMaterials/T_Default_Material_Grid_N.uasset" 292
"../../../Engine/Content/EngineMaterials/T_Default_Material_Grid_N.uexp" 293
"../../../Engine/Content/Functions/Engine_MaterialFunctions01/Opacity/CameraDepthFade.uasset" 294
"../../../Engine/Content/Functions/Engine_MaterialFunctions01/Opacity/CameraDepthFade.uexp" 295
"../../../Engine/Content/EngineMaterials/DefaultMaterial.uasset" 296
"../../../Engine/Content/EngineMaterials/DefaultMaterial.uexp" 297
"../../../Engine/Content/BasicShapes/Sphere.ubulk" 298
"../../../Engine/Content/BasicShapes/Sphere.uasset" 299
"../../../Engine/Content/BasicShapes/Sphere.uexp" 300
"../../../Engine/Content/BasicShapes/Cylinder.ubulk" 301
"../../../Engine/Content/BasicShapes/Cylinder.uasset" 302
"../../../Engine/Content/BasicShapes/Cylinder.uexp" 303
"../../../Engine/Content/EngineMaterials/WorldGridMaterial.uasset" 304
"../../../Engine/Content/EngineMaterials/WorldGridMaterial.uexp" 305
"../../../Engine/Content/ArtTools/RenderToTexture/Meshes/S_1_Unit_Plane.ubulk" 306
"../../../Engine/Content/ArtTools/RenderToTexture/Meshes/S_1_Unit_Plane.uasset" 307
"../../../Engine/Content/ArtTools/RenderToTexture/Meshes/S_1_Unit_Plane.uexp" 308
"../../../Engine/Content/MobileResources/HUD/VirtualJoystick_Background.uasset" 309
"../../../Engine/Content/MobileResources/HUD/VirtualJoystick_Background.uexp" 310
"../../../Engine/Content/MobileResources/HUD/VirtualJoystick_Thumb.uasset" 311
"../../../Engine/Content/MobileResources/HUD/VirtualJoystick_Thumb.uexp" 312
"../../../Engine/Content/MobileResources/HUD/DefaultVirtualJoysticks.uasset" 313
"../../../Engine/Content/MobileResources/HUD/DefaultVirtualJoysticks.uexp" 314
"../../../Engine/Content/Tutorial/ContentIntroCurve.uasset" 315
"../../../Engine/Content/Tutorial/ContentIntroCurve.uexp" 316
"../../../Engine/Content/VREditor/TransformGizmo/Main.uasset" 317
"../../../Engine/Content/VREditor/TransformGizmo/Main.uexp" 318
"../../../Engine/Content/VREditor/TransformGizmo/Xray.uasset" 319
"../../../Engine/Content/VREditor/TransformGizmo/Xray.uexp" 320
"../../../Engine/Content/VREditor/TransformGizmo/SM_Sequencer_Node.ubulk" 321
"../../../Engine/Content/VREditor/TransformGizmo/SM_Sequencer_Node.uasset" 322
"../../../Engine/Content/VREditor/TransformGizmo/SM_Sequencer_Node.uexp" 323
"../../../Engine/Content/VREditor/LaserPointer/VR_LaserPower_01.ubulk" 324
"../../../Engine/Content/VREditor/LaserPointer/VR_LaserPower_01.uasset" 325
"../../../Engine/Content/VREditor/LaserPointer/VR_LaserPower_01.uexp" 326
"../../../Engine/Content/VREditor/TransformGizmo/TransformGizmoMaterial.uasset" 327
"../../../Engine/Content/VREditor/TransformGizmo/TransformGizmoMaterial.uexp" 328
"../../../Engine/Content/VREditor/TransformGizmo/TranslucentTransformGizmoMaterial.uasset" 329
"../../../Engine/Content/VREditor/TransformGizmo/TranslucentTransformGizmoMaterial.uexp" 330
"../../../Engine/Content/VREditor/TransformGizmo/PlaneTranslationHandle.ubulk" 331
"../../../Engine/Content/VREditor/TransformGizmo/PlaneTranslationHandle.uasset" 332
"../../../Engine/Content/VREditor/TransformGizmo/PlaneTranslationHandle.uexp" 333
"../../../Engine/Content/VREditor/TransformGizmo/BoundingBoxEdge.ubulk" 334
"../../../Engine/Content/VREditor/TransformGizmo/BoundingBoxEdge.uasset" 335
"../../../Engine/Content/VREditor/TransformGizmo/BoundingBoxEdge.uexp" 336
"../../../Engine/Content/VREditor/TransformGizmo/BoundingBoxCorner.ubulk" 337
"../../../Engine/Content/VREditor/TransformGizmo/BoundingBoxCorner.uasset" 338
"../../../Engine/Content/VREditor/TransformGizmo/BoundingBoxCorner.uexp" 339
"../../../Engine/Plugins/2D/Paper2D/Content/PlaceholderTextures/DummySpriteTexture.ubulk" 340
"../../../Engine/Plugins/2D/Paper2D/Content/PlaceholderTextures/DummySpriteTexture.uasset" 341
"../../../Engine/Plugins/2D/Paper2D/Content/PlaceholderTextures/DummySpriteTexture.uexp" 342
"../../../Engine/Plugins/2D/Paper2D/Content/DefaultSpriteMaterial.uasset" 343
"../../../Engine/Plugins/2D/Paper2D/Content/DefaultSpriteMaterial.uexp" 344
"../../../Engine/Plugins/2D/Paper2D/Content/OpaqueUnlitSpriteMaterial.uasset" 345
"../../../Engine/Plugins/2D/Paper2D/Content/OpaqueUnlitSpriteMaterial.uexp" 346
"../../../Engine/Plugins/2D/Paper2D/Content/MaskedUnlitSpriteMaterial.uasset" 347
"../../../Engine/Plugins/2D/Paper2D/Content/MaskedUnlitSpriteMaterial.uexp" 348
"../../../Engine/Plugins/2D/Paper2D/Content/DummySprite.uasset" 349
"../../../Engine/Plugins/2D/Paper2D/Content/DummySprite.uexp" 350
"../../../Engine/Plugins/2D/Paper2D/Content/DefaultPaperTerrainMaterial.uasset" 351
"../../../Engine/Plugins/2D/Paper2D/Content/DefaultPaperTerrainMaterial.uexp" 352
"../../../Engine/Plugins/Animation/ControlRig/Content/M_Manip.uasset" 353
"../../../Engine/Plugins/Animation/ControlRig/Content/M_Manip.uexp" 354
"../../../Engine/Plugins/Animation/ControlRig/Content/Controls/ControlRig_Wedge_solid.ubulk" 355
"../../../Engine/Plugins/Animation/ControlRig/Content/Controls/ControlRig_Wedge_solid.uasset" 356
"../../../Engine/Plugins/Animation/ControlRig/Content/Controls/ControlRig_Wedge_solid.uexp" 357
"../../../Engine/Plugins/Animation/ControlRig/Content/Controls/ControlRig_Wedge_3mm.ubulk" 358
"../../../Engine/Plugins/Animation/ControlRig/Content/Controls/ControlRig_Wedge_3mm.uasset" 359
"../../../Engine/Plugins/Animation/ControlRig/Content/Controls/ControlRig_Wedge_3mm.uexp" 360
"../../../Engine/Plugins/Animation/ControlRig/Content/Controls/ControlRig_Wedge_1mm.ubulk" 361
"../../../Engine/Plugins/Animation/ControlRig/Content/Controls/ControlRig_Wedge_1mm.uasset" 362
"../../../Engine/Plugins/Animation/ControlRig/Content/Controls/ControlRig_Wedge_1mm.uexp" 363
"../../../Engine/Plugins/Animation/ControlRig/Content/Controls/ControlRig_Triangle_solid.ubulk" 364
"../../../Engine/Plugins/Animation/ControlRig/Content/Controls/ControlRig_Triangle_solid.uasset" 365
"../../../Engine/Plugins/Animation/ControlRig/Content/Controls/ControlRig_Triangle_solid.uexp" 366
"../../../Engine/Plugins/Animation/ControlRig/Content/Controls/ControlRig_Triangle_3mm.ubulk" 367
"../../../Engine/Plugins/Animation/ControlRig/Content/Controls/ControlRig_Triangle_3mm.uasset" 368
"../../../Engine/Plugins/Animation/ControlRig/Content/Controls/ControlRig_Triangle_3mm.uexp" 369
"../../../Engine/Plugins/Animation/ControlRig/Content/Controls/ControlRig_Triangle_1mm.ubulk" 370
"../../../Engine/Plugins/Animation/ControlRig/Content/Controls/ControlRig_Triangle_1mm.uasset" 371
"../../../Engine/Plugins/Animation/ControlRig/Content/Controls/ControlRig_Triangle_1mm.uexp" 372
"../../../Engine/Plugins/Animation/ControlRig/Content/Controls/ControlRig_Star4_solid.ubulk" 373
"../../../Engine/Plugins/Animation/ControlRig/Content/Controls/ControlRig_Star4_solid.uasset" 374
"../../../Engine/Plugins/Animation/ControlRig/Content/Controls/ControlRig_Star4_solid.uexp" 375
"../../../Engine/Plugins/Animation/ControlRig/Content/Controls/ControlRig_Star4_3mm.ubulk" 376
"../../../Engine/Plugins/Animation/ControlRig/Content/Controls/ControlRig_Star4_3mm.uasset" 377
"../../../Engine/Plugins/Animation/ControlRig/Content/Controls/ControlRig_Star4_3mm.uexp" 378
"../../../Engine/Plugins/Animation/ControlRig/Content/Controls/ControlRig_Star4_1mm.ubulk" 379
"../../../Engine/Plugins/Animation/ControlRig/Content/Controls/ControlRig_Star4_1mm.uasset" 380
"../../../Engine/Plugins/Animation/ControlRig/Content/Controls/ControlRig_Star4_1mm.uexp" 381
"../../../Engine/Plugins/Animation/ControlRig/Content/Controls/ControlRig_Square_solid.ubulk" 382
"../../../Engine/Plugins/Animation/ControlRig/Content/Controls/ControlRig_Square_solid.uasset" 383
"../../../Engine/Plugins/Animation/ControlRig/Content/Controls/ControlRig_Square_solid.uexp" 384
"../../../Engine/Plugins/Animation/ControlRig/Content/Controls/ControlRig_Square_3mm.ubulk" 385
"../../../Engine/Plugins/Animation/ControlRig/Content/Controls/ControlRig_Square_3mm.uasset" 386
"../../../Engine/Plugins/Animation/ControlRig/Content/Controls/ControlRig_Square_3mm.uexp" 387
"../../../Engine/Plugins/Animation/ControlRig/Content/Controls/ControlRig_Square_1mm.ubulk" 388
"../../../Engine/Plugins/Animation/ControlRig/Content/Controls/ControlRig_Square_1mm.uasset" 389
"../../../Engine/Plugins/Animation/ControlRig/Content/Controls/ControlRig_Square_1mm.uexp" 390
"../../../Engine/Plugins/Animation/ControlRig/Content/Controls/ControlRig_Sphere_solid.ubulk" 391
"../../../Engine/Plugins/Animation/ControlRig/Content/Controls/ControlRig_Sphere_solid.uasset" 392
"../../../Engine/Plugins/Animation/ControlRig/Content/Controls/ControlRig_Sphere_solid.uexp" 393
"../../../Engine/Plugins/Animation/ControlRig/Content/Controls/ControlRig_Sphere_3mm.ubulk" 394
"../../../Engine/Plugins/Animation/ControlRig/Content/Controls/ControlRig_Sphere_3mm.uasset" 395
"../../../Engine/Plugins/Animation/ControlRig/Content/Controls/ControlRig_Sphere_3mm.uexp" 396
"../../../Engine/Plugins/Animation/ControlRig/Content/Controls/ControlRig_Sphere_1mm.ubulk" 397
"../../../Engine/Plugins/Animation/ControlRig/Content/Controls/ControlRig_Sphere_1mm.uasset" 398
"../../../Engine/Plugins/Animation/ControlRig/Content/Controls/ControlRig_Sphere_1mm.uexp" 399
"../../../Engine/Plugins/Animation/ControlRig/Content/Controls/ControlRig_RoundedTriangle_solid.ubulk" 400
"../../../Engine/Plugins/Animation/ControlRig/Content/Controls/ControlRig_RoundedTriangle_solid.uasset" 401
"../../../Engine/Plugins/Animation/ControlRig/Content/Controls/ControlRig_RoundedTriangle_solid.uexp" 402
"../../../Engine/Plugins/Animation/ControlRig/Content/Controls/ControlRig_RoundedTriangle_3mm.ubulk" 403
"../../../Engine/Plugins/Animation/ControlRig/Content/Controls/ControlRig_RoundedTriangle_3mm.uasset" 404
"../../../Engine/Plugins/Animation/ControlRig/Content/Controls/ControlRig_RoundedTriangle_3mm.uexp" 405
"../../../Engine/Plugins/Animation/ControlRig/Content/Controls/ControlRig_RoundedTriangle_1mm.ubulk" 406
"../../../Engine/Plugins/Animation/ControlRig/Content/Controls/ControlRig_RoundedTriangle_1mm.uasset" 407
"../../../Engine/Plugins/Animation/ControlRig/Content/Controls/ControlRig_RoundedTriangle_1mm.uexp" 408
"../../../Engine/Plugins/Animation/ControlRig/Content/Controls/ControlRig_RoundedSquare_solid.ubulk" 409
"../../../Engine/Plugins/Animation/ControlRig/Content/Controls/ControlRig_RoundedSquare_solid.uasset" 410
"../../../Engine/Plugins/Animation/ControlRig/Content/Controls/ControlRig_RoundedSquare_solid.uexp" 411
"../../../Engine/Plugins/Animation/ControlRig/Content/Controls/ControlRig_RoundedSquare_3mm.ubulk" 412
"../../../Engine/Plugins/Animation/ControlRig/Content/Controls/ControlRig_RoundedSquare_3mm.uasset" 413
"../../../Engine/Plugins/Animation/ControlRig/Content/Controls/ControlRig_RoundedSquare_3mm.uexp" 414
"../../../Engine/Plugins/Animation/ControlRig/Content/Controls/ControlRig_RoundedSquare_1mm.ubulk" 415
"../../../Engine/Plugins/Animation/ControlRig/Content/Controls/ControlRig_RoundedSquare_1mm.uasset" 416
"../../../Engine/Plugins/Animation/ControlRig/Content/Controls/ControlRig_RoundedSquare_1mm.uexp" 417
"../../../Engine/Plugins/Animation/ControlRig/Content/Controls/ControlRig_QuarterCircle_solid.ubulk" 418
"../../../Engine/Plugins/Animation/ControlRig/Content/Controls/ControlRig_QuarterCircle_solid.uasset" 419
"../../../Engine/Plugins/Animation/ControlRig/Content/Controls/ControlRig_QuarterCircle_solid.uexp" 420
"../../../Engine/Plugins/Animation/ControlRig/Content/Controls/ControlRig_QuarterCircle_3mm.ubulk" 421
"../../../Engine/Plugins/Animation/ControlRig/Content/Controls/ControlRig_QuarterCircle_3mm.uasset" 422
"../../../Engine/Plugins/Animation/ControlRig/Content/Controls/ControlRig_QuarterCircle_3mm.uexp" 423
"../../../Engine/Plugins/Animation/ControlRig/Content/Controls/ControlRig_QuarterCircle_1mm.ubulk" 424
"../../../Engine/Plugins/Animation/ControlRig/Content/Controls/ControlRig_QuarterCircle_1mm.uasset" 425
"../../../Engine/Plugins/Animation/ControlRig/Content/Controls/ControlRig_QuarterCircle_1mm.uexp" 426
"../../../Engine/Plugins/Animation/ControlRig/Content/Controls/ControlRig_Pyramid_solid.ubulk" 427
"../../../Engine/Plugins/Animation/ControlRig/Content/Controls/ControlRig_Pyramid_solid.uasset" 428
"../../../Engine/Plugins/Animation/ControlRig/Content/Controls/ControlRig_Pyramid_solid.uexp" 429
"../../../Engine/Plugins/Animation/ControlRig/Content/Controls/ControlRig_Pyramid_3mm.ubulk" 430
"../../../Engine/Plugins/Animation/ControlRig/Content/Controls/ControlRig_Pyramid_3mm.uasset" 431
"../../../Engine/Plugins/Animation/ControlRig/Content/Controls/ControlRig_Pyramid_3mm.uexp" 432
"../../../Engine/Plugins/Animation/ControlRig/Content/Controls/ControlRig_Pyramid_1mm.ubulk" 433
"../../../Engine/Plugins/Animation/ControlRig/Content/Controls/ControlRig_Pyramid_1mm.uasset" 434
"../../../Engine/Plugins/Animation/ControlRig/Content/Controls/ControlRig_Pyramid_1mm.uexp" 435
"../../../Engine/Plugins/Animation/ControlRig/Content/Controls/ControlRig_Octagon_solid.ubulk" 436
"../../../Engine/Plugins/Animation/ControlRig/Content/Controls/ControlRig_Octagon_solid.uasset" 437
"../../../Engine/Plugins/Animation/ControlRig/Content/Controls/ControlRig_Octagon_solid.uexp" 438
"../../../Engine/Plugins/Animation/ControlRig/Content/Controls/ControlRig_Octagon_3mm.ubulk" 439
"../../../Engine/Plugins/Animation/ControlRig/Content/Controls/ControlRig_Octagon_3mm.uasset" 440
"../../../Engine/Plugins/Animation/ControlRig/Content/Controls/ControlRig_Octagon_3mm.uexp" 441
"../../../Engine/Plugins/Animation/ControlRig/Content/Controls/ControlRig_Octagon_1mm.ubulk" 442
"../../../Engine/Plugins/Animation/ControlRig/Content/Controls/ControlRig_Octagon_1mm.uasset" 443
"../../../Engine/Plugins/Animation/ControlRig/Content/Controls/ControlRig_Octagon_1mm.uexp" 444
"../../../Engine/Plugins/Animation/ControlRig/Content/Controls/ControlRig_Hexagon_solid.ubulk" 445
"../../../Engine/Plugins/Animation/ControlRig/Content/Controls/ControlRig_Hexagon_solid.uasset" 446
"../../../Engine/Plugins/Animation/ControlRig/Content/Controls/ControlRig_Hexagon_solid.uexp" 447
"../../../Engine/Plugins/Animation/ControlRig/Content/Controls/ControlRig_Hexagon_3mm.ubulk" 448
"../../../Engine/Plugins/Animation/ControlRig/Content/Controls/ControlRig_Hexagon_3mm.uasset" 449
"../../../Engine/Plugins/Animation/ControlRig/Content/Controls/ControlRig_Hexagon_3mm.uexp" 450
"../../../Engine/Plugins/Animation/ControlRig/Content/Controls/ControlRig_Hexagon_1mm.ubulk" 451
"../../../Engine/Plugins/Animation/ControlRig/Content/Controls/ControlRig_Hexagon_1mm.uasset" 452
"../../../Engine/Plugins/Animation/ControlRig/Content/Controls/ControlRig_Hexagon_1mm.uexp" 453
"../../../Engine/Plugins/Animation/ControlRig/Content/Controls/ControlRig_HalfCircle_solid.ubulk" 454
"../../../Engine/Plugins/Animation/ControlRig/Content/Controls/ControlRig_HalfCircle_solid.uasset" 455
"../../../Engine/Plugins/Animation/ControlRig/Content/Controls/ControlRig_HalfCircle_solid.uexp" 456
"../../../Engine/Plugins/Animation/ControlRig/Content/Controls/ControlRig_HalfCircle_3mm.ubulk" 457
"../../../Engine/Plugins/Animation/ControlRig/Content/Controls/ControlRig_HalfCircle_3mm.uasset" 458
"../../../Engine/Plugins/Animation/ControlRig/Content/Controls/ControlRig_HalfCircle_3mm.uexp" 459
"../../../Engine/Plugins/Animation/ControlRig/Content/Controls/ControlRig_HalfCircle_1mm.ubulk" 460
"../../../Engine/Plugins/Animation/ControlRig/Content/Controls/ControlRig_HalfCircle_1mm.uasset" 461
"../../../Engine/Plugins/Animation/ControlRig/Content/Controls/ControlRig_HalfCircle_1mm.uexp" 462
"../../../Engine/Plugins/Animation/ControlRig/Content/Controls/ControlRig_Diamond_solid.ubulk" 463
"../../../Engine/Plugins/Animation/ControlRig/Content/Controls/ControlRig_Diamond_solid.uasset" 464
"../../../Engine/Plugins/Animation/ControlRig/Content/Controls/ControlRig_Diamond_solid.uexp" 465
"../../../Engine/Plugins/Animation/ControlRig/Content/Controls/ControlRig_Diamond_3mm.ubulk" 466
"../../../Engine/Plugins/Animation/ControlRig/Content/Controls/ControlRig_Diamond_3mm.uasset" 467
"../../../Engine/Plugins/Animation/ControlRig/Content/Controls/ControlRig_Diamond_3mm.uexp" 468
"../../../Engine/Plugins/Animation/ControlRig/Content/Controls/ControlRig_Diamond_1mm.ubulk" 469
"../../../Engine/Plugins/Animation/ControlRig/Content/Controls/ControlRig_Diamond_1mm.uasset" 470
"../../../Engine/Plugins/Animation/ControlRig/Content/Controls/ControlRig_Diamond_1mm.uexp" 471
"../../../Engine/Plugins/Animation/ControlRig/Content/Controls/ControlRig_Circle_solid.ubulk" 472
"../../../Engine/Plugins/Animation/ControlRig/Content/Controls/ControlRig_Circle_solid.uasset" 473
"../../../Engine/Plugins/Animation/ControlRig/Content/Controls/ControlRig_Circle_solid.uexp" 474
"../../../Engine/Plugins/Animation/ControlRig/Content/Controls/ControlRig_Circle_3mm.ubulk" 475
"../../../Engine/Plugins/Animation/ControlRig/Content/Controls/ControlRig_Circle_3mm.uasset" 476
"../../../Engine/Plugins/Animation/ControlRig/Content/Controls/ControlRig_Circle_3mm.uexp" 477
"../../../Engine/Plugins/Animation/ControlRig/Content/Controls/ControlRig_Circle_1mm.ubulk" 478
"../../../Engine/Plugins/Animation/ControlRig/Content/Controls/ControlRig_Circle_1mm.uasset" 479
"../../../Engine/Plugins/Animation/ControlRig/Content/Controls/ControlRig_Circle_1mm.uexp" 480
"../../../Engine/Plugins/Animation/ControlRig/Content/Controls/ControlRig_Box_solid.ubulk" 481
"../../../Engine/Plugins/Animation/ControlRig/Content/Controls/ControlRig_Box_solid.uasset" 482
"../../../Engine/Plugins/Animation/ControlRig/Content/Controls/ControlRig_Box_solid.uexp" 483
"../../../Engine/Plugins/Animation/ControlRig/Content/Controls/ControlRig_Box_3mm.ubulk" 484
"../../../Engine/Plugins/Animation/ControlRig/Content/Controls/ControlRig_Box_3mm.uasset" 485
"../../../Engine/Plugins/Animation/ControlRig/Content/Controls/ControlRig_Box_3mm.uexp" 486
"../../../Engine/Plugins/Animation/ControlRig/Content/Controls/ControlRig_Box_1mm.ubulk" 487
"../../../Engine/Plugins/Animation/ControlRig/Content/Controls/ControlRig_Box_1mm.uasset" 488
"../../../Engine/Plugins/Animation/ControlRig/Content/Controls/ControlRig_Box_1mm.uexp" 489
"../../../Engine/Plugins/Animation/ControlRig/Content/Controls/ControlRig_Arrow_solid.ubulk" 490
"../../../Engine/Plugins/Animation/ControlRig/Content/Controls/ControlRig_Arrow_solid.uasset" 491
"../../../Engine/Plugins/Animation/ControlRig/Content/Controls/ControlRig_Arrow_solid.uexp" 492
"../../../Engine/Plugins/Animation/ControlRig/Content/Controls/ControlRig_Arrow_3mm.ubulk" 493
"../../../Engine/Plugins/Animation/ControlRig/Content/Controls/ControlRig_Arrow_3mm.uasset" 494
"../../../Engine/Plugins/Animation/ControlRig/Content/Controls/ControlRig_Arrow_3mm.uexp" 495
"../../../Engine/Plugins/Animation/ControlRig/Content/Controls/ControlRig_Arrow_1mm.ubulk" 496
"../../../Engine/Plugins/Animation/ControlRig/Content/Controls/ControlRig_Arrow_1mm.uasset" 497
"../../../Engine/Plugins/Animation/ControlRig/Content/Controls/ControlRig_Arrow_1mm.uexp" 498
"../../../Engine/Plugins/Animation/ControlRig/Content/Controls/ControlRig_Arrow4_solid.ubulk" 499
"../../../Engine/Plugins/Animation/ControlRig/Content/Controls/ControlRig_Arrow4_solid.uasset" 500
"../../../Engine/Plugins/Animation/ControlRig/Content/Controls/ControlRig_Arrow4_solid.uexp" 501
"../../../Engine/Plugins/Animation/ControlRig/Content/Controls/ControlRig_Arrow4_3mm.ubulk" 502
"../../../Engine/Plugins/Animation/ControlRig/Content/Controls/ControlRig_Arrow4_3mm.uasset" 503
"../../../Engine/Plugins/Animation/ControlRig/Content/Controls/ControlRig_Arrow4_3mm.uexp" 504
"../../../Engine/Plugins/Animation/ControlRig/Content/Controls/ControlRig_Arrow4_1mm.ubulk" 505
"../../../Engine/Plugins/Animation/ControlRig/Content/Controls/ControlRig_Arrow4_1mm.uasset" 506
"../../../Engine/Plugins/Animation/ControlRig/Content/Controls/ControlRig_Arrow4_1mm.uexp" 507
"../../../Engine/Plugins/Animation/ControlRig/Content/Controls/ControlRig_Arrow2_solid.ubulk" 508
"../../../Engine/Plugins/Animation/ControlRig/Content/Controls/ControlRig_Arrow2_solid.uasset" 509
"../../../Engine/Plugins/Animation/ControlRig/Content/Controls/ControlRig_Arrow2_solid.uexp" 510
"../../../Engine/Plugins/Animation/ControlRig/Content/Controls/ControlRig_Arrow2_3mm.ubulk" 511
"../../../Engine/Plugins/Animation/ControlRig/Content/Controls/ControlRig_Arrow2_3mm.uasset" 512
"../../../Engine/Plugins/Animation/ControlRig/Content/Controls/ControlRig_Arrow2_3mm.uexp" 513
"../../../Engine/Plugins/Animation/ControlRig/Content/Controls/ControlRig_Arrow2_1mm.ubulk" 514
"../../../Engine/Plugins/Animation/ControlRig/Content/Controls/ControlRig_Arrow2_1mm.uasset" 515
"../../../Engine/Plugins/Animation/ControlRig/Content/Controls/ControlRig_Arrow2_1mm.uexp" 516
"../../../Engine/Plugins/Animation/ControlRig/Content/Controls/ControlRigGizmoMaterial.uasset" 517
"../../../Engine/Plugins/Animation/ControlRig/Content/Controls/ControlRigGizmoMaterial.uexp" 518
"../../../Engine/Plugins/Editor/SpeedTreeImporter/Content/SpeedTree9/game_wind_noise.ubulk" 519
"../../../Engine/Plugins/Editor/SpeedTreeImporter/Content/SpeedTree9/game_wind_noise.uasset" 520
"../../../Engine/Plugins/Editor/SpeedTreeImporter/Content/SpeedTree9/game_wind_noise.uexp" 521
"../../../Engine/Plugins/Editor/SpeedTreeImporter/Content/SpeedTree9/UnpackDirection.uasset" 522
"../../../Engine/Plugins/Editor/SpeedTreeImporter/Content/SpeedTree9/UnpackDirection.uexp" 523
"../../../Engine/Content/Functions/Engine_MaterialFunctions02/ObjectLocalBounds.uasset" 524
"../../../Engine/Content/Functions/Engine_MaterialFunctions02/ObjectLocalBounds.uexp" 525
"../../../Engine/Content/Functions/Engine_MaterialFunctions02/UVs/BoundingBoxBased_0-1_UVW.uasset" 526
"../../../Engine/Content/Functions/Engine_MaterialFunctions02/UVs/BoundingBoxBased_0-1_UVW.uexp" 527
"../../../Engine/Content/Functions/Engine_MaterialFunctions02/Utility/VectorLength.uasset" 528
"../../../Engine/Content/Functions/Engine_MaterialFunctions02/Utility/VectorLength.uexp" 529
"../../../Engine/Plugins/Editor/SpeedTreeImporter/Content/SpeedTree9/UnpackInteger3.uasset" 530
"../../../Engine/Plugins/Editor/SpeedTreeImporter/Content/SpeedTree9/UnpackInteger3.uexp" 531
"../../../Engine/Plugins/Editor/SpeedTreeImporter/Content/SpeedTree9/SpeedTreeCameraFacing.uasset" 532
"../../../Engine/Plugins/Editor/SpeedTreeImporter/Content/SpeedTree9/SpeedTreeCameraFacing.uexp" 533
"../../../Engine/Content/Functions/Engine_MaterialFunctions02/WorldPositionOffset/ObjectScale.uasset" 534
"../../../Engine/Content/Functions/Engine_MaterialFunctions02/WorldPositionOffset/ObjectScale.uexp" 535
"../../../Engine/Content/Functions/Engine_MaterialFunctions02/SafeNormalize.uasset" 536
"../../../Engine/Content/Functions/Engine_MaterialFunctions02/SafeNormalize.uexp" 537
"../../../Engine/Plugins/Editor/SpeedTreeImporter/Content/SpeedTree9/SpeedTreeWindMotion.uasset" 538
"../../../Engine/Plugins/Editor/SpeedTreeImporter/Content/SpeedTree9/SpeedTreeWindMotion.uexp" 539
"../../../Engine/Plugins/Editor/SpeedTreeImporter/Content/SpeedTree9/SpeedTreeBranchMotion.uasset" 540
"../../../Engine/Plugins/Editor/SpeedTreeImporter/Content/SpeedTree9/SpeedTreeBranchMotion.uexp" 541
"../../../Engine/Plugins/Editor/SpeedTreeImporter/Content/SpeedTree9/SpeedTreeWind.uasset" 542
"../../../Engine/Plugins/Editor/SpeedTreeImporter/Content/SpeedTree9/SpeedTreeWind.uexp" 543
"../../../Engine/Plugins/Editor/SpeedTreeImporter/Content/SpeedTree9/EmptyNormal.uasset" 544
"../../../Engine/Plugins/Editor/SpeedTreeImporter/Content/SpeedTree9/EmptyNormal.uexp" 545
"../../../Engine/Plugins/Editor/SpeedTreeImporter/Content/SpeedTree9/Empty.uasset" 546
"../../../Engine/Plugins/Editor/SpeedTreeImporter/Content/SpeedTree9/Empty.uexp" 547
"../../../Engine/Plugins/Editor/SpeedTreeImporter/Content/SpeedTree9/SpeedTreeMaster.uasset" 548
"../../../Engine/Plugins/Editor/SpeedTreeImporter/Content/SpeedTree9/SpeedTreeMaster.uexp" 549
"../../../Engine/Plugins/Editor/SpeedTreeImporter/Content/SpeedTree9/SpeedTreeBillboard.uasset" 550
"../../../Engine/Plugins/Editor/SpeedTreeImporter/Content/SpeedTree9/SpeedTreeBillboard.uexp" 551
"../../../Engine/Plugins/Editor/SpeedTreeImporter/Content/SpeedTree9/SpeedTreeBillboardMaster.uasset" 552
"../../../Engine/Plugins/Editor/SpeedTreeImporter/Content/SpeedTree9/SpeedTreeBillboardMaster.uexp" 553
"../../../Engine/Plugins/Runtime/HairStrands/Content/Materials/HairMeshesDefaultMaterial.uasset" 554
"../../../Engine/Plugins/Runtime/HairStrands/Content/Materials/HairMeshesDefaultMaterial.uexp" 555
"../../../Engine/Plugins/Runtime/HairStrands/Content/Materials/HairDefaultMaterial.uasset" 556
"../../../Engine/Plugins/Runtime/HairStrands/Content/Materials/HairDefaultMaterial.uexp" 557
"../../../Engine/Plugins/Runtime/HairStrands/Content/Materials/HairGroupColors.uasset" 558
"../../../Engine/Plugins/Runtime/HairStrands/Content/Materials/HairGroupColors.uexp" 559
"../../../Engine/Content/EngineMaterials/HairColorMap.uasset" 560
"../../../Engine/Content/EngineMaterials/HairColorMap.uexp" 561
"../../../Engine/Content/EngineMaterials/HairDebugColor.uasset" 562
"../../../Engine/Content/EngineMaterials/HairDebugColor.uexp" 563
"../../../Engine/Plugins/Runtime/HairStrands/Content/Materials/HairDebugMaterial.uasset" 564
"../../../Engine/Plugins/Runtime/HairStrands/Content/Materials/HairDebugMaterial.uexp" 565
"../../../Engine/Plugins/Runtime/HairStrands/Content/Materials/HairCardsDefaultMaterial.uasset" 566
"../../../Engine/Plugins/Runtime/HairStrands/Content/Materials/HairCardsDefaultMaterial.uexp" 567
"D:/GitHub/Feisty-Heisty/Feisty_Heisty/Content/LevelPrototyping/Textures/T_GridChecker_A.ubulk" 568
"D:/GitHub/Feisty-Heisty/Feisty_Heisty/Content/LevelPrototyping/Textures/T_GridChecker_A.uasset" 569
"D:/GitHub/Feisty-Heisty/Feisty_Heisty/Content/LevelPrototyping/Textures/T_GridChecker_A.uexp" 570
"../../../Engine/Content/Functions/Engine_MaterialFunctions01/Gradient/LinearGradient.uasset" 571
"../../../Engine/Content/Functions/Engine_MaterialFunctions01/Gradient/LinearGradient.uexp" 572
"../../../Engine/Content/Functions/Engine_MaterialFunctions01/ImageAdjustment/CheapContrast.uasset" 573
"../../../Engine/Content/Functions/Engine_MaterialFunctions01/ImageAdjustment/CheapContrast.uexp" 574
"D:/GitHub/Feisty-Heisty/Feisty_Heisty/Content/LevelPrototyping/Materials/MF_ProcGrid.uasset" 575
"D:/GitHub/Feisty-Heisty/Feisty_Heisty/Content/LevelPrototyping/Materials/MF_ProcGrid.uexp" 576
"D:/GitHub/Feisty-Heisty/Feisty_Heisty/Content/LevelPrototyping/Materials/M_PrototypeGrid.uasset" 577
"D:/GitHub/Feisty-Heisty/Feisty_Heisty/Content/LevelPrototyping/Materials/M_PrototypeGrid.uexp" 578
"D:/GitHub/Feisty-Heisty/Feisty_Heisty/Content/LevelPrototyping/Materials/MI_PrototypeGrid_TopDark.uasset" 579
"D:/GitHub/Feisty-Heisty/Feisty_Heisty/Content/LevelPrototyping/Materials/MI_PrototypeGrid_TopDark.uexp" 580
"D:/GitHub/Feisty-Heisty/Feisty_Heisty/Content/LevelPrototyping/Materials/MI_PrototypeGrid_Gray_02.uasset" 581
"D:/GitHub/Feisty-Heisty/Feisty_Heisty/Content/LevelPrototyping/Materials/MI_PrototypeGrid_Gray_02.uexp" 582
"D:/GitHub/Feisty-Heisty/Feisty_Heisty/Content/LevelPrototyping/Materials/MI_PrototypeGrid_Gray.uasset" 583
"D:/GitHub/Feisty-Heisty/Feisty_Heisty/Content/LevelPrototyping/Materials/MI_PrototypeGrid_Gray.uexp" 584
"D:/GitHub/Feisty-Heisty/Feisty_Heisty/Content/LevelPrototyping/Meshes/SM_Ramp.ubulk" 585
"D:/GitHub/Feisty-Heisty/Feisty_Heisty/Content/LevelPrototyping/Meshes/SM_Ramp.uasset" 586
"D:/GitHub/Feisty-Heisty/Feisty_Heisty/Content/LevelPrototyping/Meshes/SM_Ramp.uexp" 587
"D:/GitHub/Feisty-Heisty/Feisty_Heisty/Content/LevelPrototyping/Meshes/SM_QuarterCylinder.ubulk" 588
"D:/GitHub/Feisty-Heisty/Feisty_Heisty/Content/LevelPrototyping/Meshes/SM_QuarterCylinder.uasset" 589
"D:/GitHub/Feisty-Heisty/Feisty_Heisty/Content/LevelPrototyping/Meshes/SM_QuarterCylinder.uexp" 590
"D:/GitHub/Feisty-Heisty/Feisty_Heisty/Content/LevelPrototyping/Meshes/SM_Cylinder.ubulk" 591
"D:/GitHub/Feisty-Heisty/Feisty_Heisty/Content/LevelPrototyping/Meshes/SM_Cylinder.uasset" 592
"D:/GitHub/Feisty-Heisty/Feisty_Heisty/Content/LevelPrototyping/Meshes/SM_Cylinder.uexp" 593
"D:/GitHub/Feisty-Heisty/Feisty_Heisty/Content/LevelPrototyping/Meshes/SM_Cube.ubulk" 594
"D:/GitHub/Feisty-Heisty/Feisty_Heisty/Content/LevelPrototyping/Meshes/SM_Cube.uasset" 595
"D:/GitHub/Feisty-Heisty/Feisty_Heisty/Content/LevelPrototyping/Meshes/SM_Cube.uexp" 596
"D:/GitHub/Feisty-Heisty/Feisty_Heisty/Content/LevelPrototyping/Materials/M_Solid.uasset" 597
"D:/GitHub/Feisty-Heisty/Feisty_Heisty/Content/LevelPrototyping/Materials/M_Solid.uexp" 598
"D:/GitHub/Feisty-Heisty/Feisty_Heisty/Content/LevelPrototyping/Materials/MI_Solid_Blue.uasset" 599
"D:/GitHub/Feisty-Heisty/Feisty_Heisty/Content/LevelPrototyping/Materials/MI_Solid_Blue.uexp" 600
"D:/GitHub/Feisty-Heisty/Feisty_Heisty/Content/LevelPrototyping/Meshes/SM_ChamferCube.ubulk" 601
"D:/GitHub/Feisty-Heisty/Feisty_Heisty/Content/LevelPrototyping/Meshes/SM_ChamferCube.uasset" 602
"D:/GitHub/Feisty-Heisty/Feisty_Heisty/Content/LevelPrototyping/Meshes/SM_ChamferCube.uexp" 603
"D:/GitHub/Feisty-Heisty/Feisty_Heisty/Content/PolygonCity/Materials/Mat_PolygonCity_FX_Steam.uasset" 604
"D:/GitHub/Feisty-Heisty/Feisty_Heisty/Content/PolygonCity/Materials/Mat_PolygonCity_FX_Steam.uexp" 605
"D:/GitHub/Feisty-Heisty/Feisty_Heisty/Content/PolygonCity/FX/P_FX_Steam.uasset" 606
"D:/GitHub/Feisty-Heisty/Feisty_Heisty/Content/PolygonCity/FX/P_FX_Steam.uexp" 607
"D:/GitHub/Feisty-Heisty/Feisty_Heisty/Content/PolygonCity/Materials/Mat_PolygonCity_FX_Rain.uasset" 608
"D:/GitHub/Feisty-Heisty/Feisty_Heisty/Content/PolygonCity/Materials/Mat_PolygonCity_FX_Rain.uexp" 609
"D:/GitHub/Feisty-Heisty/Feisty_Heisty/Content/PolygonCity/FX/P_FX_Rain_Splash.uasset" 610
"D:/GitHub/Feisty-Heisty/Feisty_Heisty/Content/PolygonCity/FX/P_FX_Rain_Splash.uexp" 611
"../../../Engine/Content/EngineMaterials/EmissiveTexturedMaterial.uasset" 612
"../../../Engine/Content/EngineMaterials/EmissiveTexturedMaterial.uexp" 613
"../../../Engine/Content/EngineMeshes/ParticleCube.ubulk" 614
"../../../Engine/Content/EngineMeshes/ParticleCube.uasset" 615
"../../../Engine/Content/EngineMeshes/ParticleCube.uexp" 616
"D:/GitHub/Feisty-Heisty/Feisty_Heisty/Content/PolygonCity/FX/P_FX_Rain.uasset" 617
"D:/GitHub/Feisty-Heisty/Feisty_Heisty/Content/PolygonCity/FX/P_FX_Rain.uexp" 618
"D:/GitHub/Feisty-Heisty/Feisty_Heisty/Content/PolygonCity/Textures/T_PolygonCity_Road_Normal.ubulk" 619
"D:/GitHub/Feisty-Heisty/Feisty_Heisty/Content/PolygonCity/Textures/T_PolygonCity_Road_Normal.uasset" 620
"D:/GitHub/Feisty-Heisty/Feisty_Heisty/Content/PolygonCity/Textures/T_PolygonCity_Road_Normal.uexp" 621
"D:/GitHub/Feisty-Heisty/Feisty_Heisty/Content/PolygonCity/Textures/T_PolygonCity_Road_03.ubulk" 622
"D:/GitHub/Feisty-Heisty/Feisty_Heisty/Content/PolygonCity/Textures/T_PolygonCity_Road_03.uasset" 623
"D:/GitHub/Feisty-Heisty/Feisty_Heisty/Content/PolygonCity/Textures/T_PolygonCity_Road_03.uexp" 624
"D:/GitHub/Feisty-Heisty/Feisty_Heisty/Content/PolygonCity/Materials/Mat_PolygonCity_Texture_Road_04.uasset" 625
"D:/GitHub/Feisty-Heisty/Feisty_Heisty/Content/PolygonCity/Materials/Mat_PolygonCity_Texture_Road_04.uexp" 626
"D:/GitHub/Feisty-Heisty/Feisty_Heisty/Content/PolygonCity/Materials/Mat_PolygonCity_Texture_Road_03.uasset" 627
"D:/GitHub/Feisty-Heisty/Feisty_Heisty/Content/PolygonCity/Materials/Mat_PolygonCity_Texture_Road_03.uexp" 628
"D:/GitHub/Feisty-Heisty/Feisty_Heisty/Content/PolygonCity/Textures/T_PolygonCity_Road_02.ubulk" 629
"D:/GitHub/Feisty-Heisty/Feisty_Heisty/Content/PolygonCity/Textures/T_PolygonCity_Road_02.uasset" 630
"D:/GitHub/Feisty-Heisty/Feisty_Heisty/Content/PolygonCity/Textures/T_PolygonCity_Road_02.uexp" 631
"D:/GitHub/Feisty-Heisty/Feisty_Heisty/Content/PolygonCity/Materials/Mat_PolygonCity_Texture_Road_02.uasset" 632
"D:/GitHub/Feisty-Heisty/Feisty_Heisty/Content/PolygonCity/Materials/Mat_PolygonCity_Texture_Road_02.uexp" 633
"D:/GitHub/Feisty-Heisty/Feisty_Heisty/Content/PolygonCity/Textures/T_PolygonCity_Texture_Normal_01.ubulk" 634
"D:/GitHub/Feisty-Heisty/Feisty_Heisty/Content/PolygonCity/Textures/T_PolygonCity_Texture_Normal_01.uasset" 635
"D:/GitHub/Feisty-Heisty/Feisty_Heisty/Content/PolygonCity/Textures/T_PolygonCity_Texture_Normal_01.uexp" 636
"D:/GitHub/Feisty-Heisty/Feisty_Heisty/Content/PolygonCity/Textures/T_PolygonCity_Texture_Metallic.ubulk" 637
"D:/GitHub/Feisty-Heisty/Feisty_Heisty/Content/PolygonCity/Textures/T_PolygonCity_Texture_Metallic.uasset" 638
"D:/GitHub/Feisty-Heisty/Feisty_Heisty/Content/PolygonCity/Textures/T_PolygonCity_Texture_Metallic.uexp" 639
"D:/GitHub/Feisty-Heisty/Feisty_Heisty/Content/PolygonCity/Textures/T_PolygonCity_Texture_Roughness.ubulk" 640
"D:/GitHub/Feisty-Heisty/Feisty_Heisty/Content/PolygonCity/Textures/T_PolygonCity_Texture_Roughness.uasset" 641
"D:/GitHub/Feisty-Heisty/Feisty_Heisty/Content/PolygonCity/Textures/T_PolygonCity_Texture_Roughness.uexp" 642
"D:/GitHub/Feisty-Heisty/Feisty_Heisty/Content/PolygonCity/Textures/T_PolygonCity_Texture_04_C.ubulk" 643
"D:/GitHub/Feisty-Heisty/Feisty_Heisty/Content/PolygonCity/Textures/T_PolygonCity_Texture_04_C.uasset" 644
"D:/GitHub/Feisty-Heisty/Feisty_Heisty/Content/PolygonCity/Textures/T_PolygonCity_Texture_04_C.uexp" 645
"D:/GitHub/Feisty-Heisty/Feisty_Heisty/Content/PolygonCity/Textures/T_PolygonCity_Emissive_01.ubulk" 646
"D:/GitHub/Feisty-Heisty/Feisty_Heisty/Content/PolygonCity/Textures/T_PolygonCity_Emissive_01.uasset" 647
"D:/GitHub/Feisty-Heisty/Feisty_Heisty/Content/PolygonCity/Textures/T_PolygonCity_Emissive_01.uexp" 648
"D:/GitHub/Feisty-Heisty/Feisty_Heisty/Content/PolygonCity/Materials/Mat_PolygonCity_Texture_04_C.uasset" 649
"D:/GitHub/Feisty-Heisty/Feisty_Heisty/Content/PolygonCity/Materials/Mat_PolygonCity_Texture_04_C.uexp" 650
"D:/GitHub/Feisty-Heisty/Feisty_Heisty/Content/PolygonCity/Textures/T_PolygonCity_Texture_04_B.ubulk" 651
"D:/GitHub/Feisty-Heisty/Feisty_Heisty/Content/PolygonCity/Textures/T_PolygonCity_Texture_04_B.uasset" 652
"D:/GitHub/Feisty-Heisty/Feisty_Heisty/Content/PolygonCity/Textures/T_PolygonCity_Texture_04_B.uexp" 653
"D:/GitHub/Feisty-Heisty/Feisty_Heisty/Content/PolygonCity/Materials/Mat_PolygonCity_Texture_04_B.uasset" 654
"D:/GitHub/Feisty-Heisty/Feisty_Heisty/Content/PolygonCity/Materials/Mat_PolygonCity_Texture_04_B.uexp" 655
"D:/GitHub/Feisty-Heisty/Feisty_Heisty/Content/PolygonCity/Textures/T_PolygonCity_Texture_04_A.ubulk" 656
"D:/GitHub/Feisty-Heisty/Feisty_Heisty/Content/PolygonCity/Textures/T_PolygonCity_Texture_04_A.uasset" 657
"D:/GitHub/Feisty-Heisty/Feisty_Heisty/Content/PolygonCity/Textures/T_PolygonCity_Texture_04_A.uexp" 658
"D:/GitHub/Feisty-Heisty/Feisty_Heisty/Content/PolygonCity/Materials/Mat_PolygonCity_Texture_04_A_Emissive.uasset" 659
"D:/GitHub/Feisty-Heisty/Feisty_Heisty/Content/PolygonCity/Materials/Mat_PolygonCity_Texture_04_A_Emissive.uexp" 660
"D:/GitHub/Feisty-Heisty/Feisty_Heisty/Content/PolygonCity/Materials/Mat_PolygonCity_Texture_04_A.uasset" 661
"D:/GitHub/Feisty-Heisty/Feisty_Heisty/Content/PolygonCity/Materials/Mat_PolygonCity_Texture_04_A.uexp" 662
"D:/GitHub/Feisty-Heisty/Feisty_Heisty/Content/PolygonCity/Textures/T_PolygonCity_Texture_03_B.ubulk" 663
"D:/GitHub/Feisty-Heisty/Feisty_Heisty/Content/PolygonCity/Textures/T_PolygonCity_Texture_03_B.uasset" 664
"D:/GitHub/Feisty-Heisty/Feisty_Heisty/Content/PolygonCity/Textures/T_PolygonCity_Texture_03_B.uexp" 665
"D:/GitHub/Feisty-Heisty/Feisty_Heisty/Content/PolygonCity/Materials/Mat_PolygonCity_Texture_03_B.uasset" 666
"D:/GitHub/Feisty-Heisty/Feisty_Heisty/Content/PolygonCity/Materials/Mat_PolygonCity_Texture_03_B.uexp" 667
"D:/GitHub/Feisty-Heisty/Feisty_Heisty/Content/PolygonCity/Textures/T_PolygonCity_Texture_03_A.ubulk" 668
"D:/GitHub/Feisty-Heisty/Feisty_Heisty/Content/PolygonCity/Textures/T_PolygonCity_Texture_03_A.uasset" 669
"D:/GitHub/Feisty-Heisty/Feisty_Heisty/Content/PolygonCity/Textures/T_PolygonCity_Texture_03_A.uexp" 670
"D:/GitHub/Feisty-Heisty/Feisty_Heisty/Content/PolygonCity/Materials/Mat_PolygonCity_Texture_03_A_Emissive.uasset" 671
"D:/GitHub/Feisty-Heisty/Feisty_Heisty/Content/PolygonCity/Materials/Mat_PolygonCity_Texture_03_A_Emissive.uexp" 672
"D:/GitHub/Feisty-Heisty/Feisty_Heisty/Content/PolygonCity/Materials/Mat_PolygonCity_Texture_03_A.uasset" 673
"D:/GitHub/Feisty-Heisty/Feisty_Heisty/Content/PolygonCity/Materials/Mat_PolygonCity_Texture_03_A.uexp" 674
"D:/GitHub/Feisty-Heisty/Feisty_Heisty/Content/PolygonCity/Textures/T_PolygonCity_Texture_02_C.ubulk" 675
"D:/GitHub/Feisty-Heisty/Feisty_Heisty/Content/PolygonCity/Textures/T_PolygonCity_Texture_02_C.uasset" 676
"D:/GitHub/Feisty-Heisty/Feisty_Heisty/Content/PolygonCity/Textures/T_PolygonCity_Texture_02_C.uexp" 677
"D:/GitHub/Feisty-Heisty/Feisty_Heisty/Content/PolygonCity/Materials/Mat_PolygonCity_Texture_02_C.uasset" 678
"D:/GitHub/Feisty-Heisty/Feisty_Heisty/Content/PolygonCity/Materials/Mat_PolygonCity_Texture_02_C.uexp" 679
"D:/GitHub/Feisty-Heisty/Feisty_Heisty/Content/PolygonCity/Textures/T_PolygonCity_Texture_02_B.ubulk" 680
"D:/GitHub/Feisty-Heisty/Feisty_Heisty/Content/PolygonCity/Textures/T_PolygonCity_Texture_02_B.uasset" 681
"D:/GitHub/Feisty-Heisty/Feisty_Heisty/Content/PolygonCity/Textures/T_PolygonCity_Texture_02_B.uexp" 682
"D:/GitHub/Feisty-Heisty/Feisty_Heisty/Content/PolygonCity/Materials/Mat_PolygonCity_Texture_02_B.uasset" 683
"D:/GitHub/Feisty-Heisty/Feisty_Heisty/Content/PolygonCity/Materials/Mat_PolygonCity_Texture_02_B.uexp" 684
"D:/GitHub/Feisty-Heisty/Feisty_Heisty/Content/PolygonCity/Textures/T_PolygonCity_Texture_02_A.ubulk" 685
"D:/GitHub/Feisty-Heisty/Feisty_Heisty/Content/PolygonCity/Textures/T_PolygonCity_Texture_02_A.uasset" 686
"D:/GitHub/Feisty-Heisty/Feisty_Heisty/Content/PolygonCity/Textures/T_PolygonCity_Texture_02_A.uexp" 687
"D:/GitHub/Feisty-Heisty/Feisty_Heisty/Content/PolygonCity/Materials/Mat_PolygonCity_Texture_02_A_Emissive.uasset" 688
"D:/GitHub/Feisty-Heisty/Feisty_Heisty/Content/PolygonCity/Materials/Mat_PolygonCity_Texture_02_A_Emissive.uexp" 689
"D:/GitHub/Feisty-Heisty/Feisty_Heisty/Content/PolygonCity/Textures/T_PolygonCity_Texture_01_C.ubulk" 690
"D:/GitHub/Feisty-Heisty/Feisty_Heisty/Content/PolygonCity/Textures/T_PolygonCity_Texture_01_C.uasset" 691
"D:/GitHub/Feisty-Heisty/Feisty_Heisty/Content/PolygonCity/Textures/T_PolygonCity_Texture_01_C.uexp" 692
"D:/GitHub/Feisty-Heisty/Feisty_Heisty/Content/PolygonCity/Materials/Mat_PolygonCity_Texture_01_C.uasset" 693
"D:/GitHub/Feisty-Heisty/Feisty_Heisty/Content/PolygonCity/Materials/Mat_PolygonCity_Texture_01_C.uexp" 694
"D:/GitHub/Feisty-Heisty/Feisty_Heisty/Content/PolygonCity/Materials/Mat_Overview_Ground.uasset" 695
"D:/GitHub/Feisty-Heisty/Feisty_Heisty/Content/PolygonCity/Materials/Mat_Overview_Ground.uexp" 696
"D:/GitHub/Feisty-Heisty/Feisty_Heisty/Content/PolygonCity/Textures/T_PolygonCity_Texture_01_A.ubulk" 697
"D:/GitHub/Feisty-Heisty/Feisty_Heisty/Content/PolygonCity/Textures/T_PolygonCity_Texture_01_A.uasset" 698
"D:/GitHub/Feisty-Heisty/Feisty_Heisty/Content/PolygonCity/Textures/T_PolygonCity_Texture_01_A.uexp" 699
"D:/GitHub/Feisty-Heisty/Feisty_Heisty/Content/PolygonCity/Materials/Mat_PolygonCity_Texture_01_A.uasset" 700
"D:/GitHub/Feisty-Heisty/Feisty_Heisty/Content/PolygonCity/Materials/Mat_PolygonCity_Texture_01_A.uexp" 701
"D:/GitHub/Feisty-Heisty/Feisty_Heisty/Content/PolygonCity/Meshes/Buildings/SM_Bld_Station_03.ubulk" 702
"D:/GitHub/Feisty-Heisty/Feisty_Heisty/Content/PolygonCity/Meshes/Buildings/SM_Bld_Station_03.uasset" 703
"D:/GitHub/Feisty-Heisty/Feisty_Heisty/Content/PolygonCity/Meshes/Buildings/SM_Bld_Station_03.uexp" 704
"D:/GitHub/Feisty-Heisty/Feisty_Heisty/Content/PolygonCity/Meshes/Buildings/SM_Bld_Station_02.ubulk" 705
"D:/GitHub/Feisty-Heisty/Feisty_Heisty/Content/PolygonCity/Meshes/Buildings/SM_Bld_Station_02.uasset" 706
"D:/GitHub/Feisty-Heisty/Feisty_Heisty/Content/PolygonCity/Meshes/Buildings/SM_Bld_Station_02.uexp" 707
"D:/GitHub/Feisty-Heisty/Feisty_Heisty/Content/PolygonCity/Meshes/Buildings/SM_Bld_Station_01.ubulk" 708
"D:/GitHub/Feisty-Heisty/Feisty_Heisty/Content/PolygonCity/Meshes/Buildings/SM_Bld_Station_01.uasset" 709
"D:/GitHub/Feisty-Heisty/Feisty_Heisty/Content/PolygonCity/Meshes/Buildings/SM_Bld_Station_01.uexp" 710
"D:/GitHub/Feisty-Heisty/Feisty_Heisty/Content/PolygonCity/Meshes/Buildings/SM_Bld_Spire_01.ubulk" 711
"D:/GitHub/Feisty-Heisty/Feisty_Heisty/Content/PolygonCity/Meshes/Buildings/SM_Bld_Spire_01.uasset" 712
"D:/GitHub/Feisty-Heisty/Feisty_Heisty/Content/PolygonCity/Meshes/Buildings/SM_Bld_Spire_01.uexp" 713
"D:/GitHub/Feisty-Heisty/Feisty_Heisty/Content/PolygonCity/Meshes/Buildings/SM_Bld_Shop_Cover_05.ubulk" 714
"D:/GitHub/Feisty-Heisty/Feisty_Heisty/Content/PolygonCity/Meshes/Buildings/SM_Bld_Shop_Cover_05.uasset" 715
"D:/GitHub/Feisty-Heisty/Feisty_Heisty/Content/PolygonCity/Meshes/Buildings/SM_Bld_Shop_Cover_05.uexp" 716
"D:/GitHub/Feisty-Heisty/Feisty_Heisty/Content/PolygonCity/Meshes/Buildings/SM_Bld_Shop_Cover_04.ubulk" 717
"D:/GitHub/Feisty-Heisty/Feisty_Heisty/Content/PolygonCity/Meshes/Buildings/SM_Bld_Shop_Cover_04.uasset" 718
"D:/GitHub/Feisty-Heisty/Feisty_Heisty/Content/PolygonCity/Meshes/Buildings/SM_Bld_Shop_Cover_04.uexp" 719
"D:/GitHub/Feisty-Heisty/Feisty_Heisty/Content/PolygonCity/Meshes/Buildings/SM_Bld_Shop_Cover_03.ubulk" 720
"D:/GitHub/Feisty-Heisty/Feisty_Heisty/Content/PolygonCity/Meshes/Buildings/SM_Bld_Shop_Cover_03.uasset" 721
"D:/GitHub/Feisty-Heisty/Feisty_Heisty/Content/PolygonCity/Meshes/Buildings/SM_Bld_Shop_Cover_03.uexp" 722
"D:/GitHub/Feisty-Heisty/Feisty_Heisty/Content/PolygonCity/Meshes/Buildings/SM_Bld_Shop_Cover_02.ubulk" 723
"D:/GitHub/Feisty-Heisty/Feisty_Heisty/Content/PolygonCity/Meshes/Buildings/SM_Bld_Shop_Cover_02.uasset" 724
"D:/GitHub/Feisty-Heisty/Feisty_Heisty/Content/PolygonCity/Meshes/Buildings/SM_Bld_Shop_Cover_02.uexp" 725
"D:/GitHub/Feisty-Heisty/Feisty_Heisty/Content/PolygonCity/Meshes/Buildings/SM_Bld_Shop_Cover_01.ubulk" 726
"D:/GitHub/Feisty-Heisty/Feisty_Heisty/Content/PolygonCity/Meshes/Buildings/SM_Bld_Shop_Cover_01.uasset" 727
"D:/GitHub/Feisty-Heisty/Feisty_Heisty/Content/PolygonCity/Meshes/Buildings/SM_Bld_Shop_Cover_01.uexp" 728
"D:/GitHub/Feisty-Heisty/Feisty_Heisty/Content/PolygonCity/Materials/Mat_PolygonCity_Glass_Windows.uasset" 729
"D:/GitHub/Feisty-Heisty/Feisty_Heisty/Content/PolygonCity/Materials/Mat_PolygonCity_Glass_Windows.uexp" 730
"D:/GitHub/Feisty-Heisty/Feisty_Heisty/Content/PolygonCity/Meshes/Buildings/SM_Bld_Shop_Corner_02_Glass.ubulk" 731
"D:/GitHub/Feisty-Heisty/Feisty_Heisty/Content/PolygonCity/Meshes/Buildings/SM_Bld_Shop_Corner_02_Glass.uasset" 732
"D:/GitHub/Feisty-Heisty/Feisty_Heisty/Content/PolygonCity/Meshes/Buildings/SM_Bld_Shop_Corner_02_Glass.uexp" 733
"D:/GitHub/Feisty-Heisty/Feisty_Heisty/Content/PolygonCity/Meshes/Buildings/SM_Bld_Shop_Corner_02.ubulk" 734
"D:/GitHub/Feisty-Heisty/Feisty_Heisty/Content/PolygonCity/Meshes/Buildings/SM_Bld_Shop_Corner_02.uasset" 735
"D:/GitHub/Feisty-Heisty/Feisty_Heisty/Content/PolygonCity/Meshes/Buildings/SM_Bld_Shop_Corner_02.uexp" 736
"D:/GitHub/Feisty-Heisty/Feisty_Heisty/Content/PolygonCity/Meshes/Buildings/SM_Bld_Shop_Corner_01_Glass.ubulk" 737
"D:/GitHub/Feisty-Heisty/Feisty_Heisty/Content/PolygonCity/Meshes/Buildings/SM_Bld_Shop_Corner_01_Glass.uasset" 738
"D:/GitHub/Feisty-Heisty/Feisty_Heisty/Content/PolygonCity/Meshes/Buildings/SM_Bld_Shop_Corner_01_Glass.uexp" 739
"D:/GitHub/Feisty-Heisty/Feisty_Heisty/Content/PolygonCity/Meshes/Buildings/SM_Bld_Shop_Corner_01.ubulk" 740
"D:/GitHub/Feisty-Heisty/Feisty_Heisty/Content/PolygonCity/Meshes/Buildings/SM_Bld_Shop_Corner_01.uasset" 741
"D:/GitHub/Feisty-Heisty/Feisty_Heisty/Content/PolygonCity/Meshes/Buildings/SM_Bld_Shop_Corner_01.uexp" 742
"D:/GitHub/Feisty-Heisty/Feisty_Heisty/Content/PolygonCity/Meshes/Buildings/SM_Bld_Shop_06.ubulk" 743
"D:/GitHub/Feisty-Heisty/Feisty_Heisty/Content/PolygonCity/Meshes/Buildings/SM_Bld_Shop_06.uasset" 744
"D:/GitHub/Feisty-Heisty/Feisty_Heisty/Content/PolygonCity/Meshes/Buildings/SM_Bld_Shop_06.uexp" 745
"D:/GitHub/Feisty-Heisty/Feisty_Heisty/Content/PolygonCity/Meshes/Buildings/SM_Bld_Shop_05_Glass.ubulk" 746
"D:/GitHub/Feisty-Heisty/Feisty_Heisty/Content/PolygonCity/Meshes/Buildings/SM_Bld_Shop_05_Glass.uasset" 747
"D:/GitHub/Feisty-Heisty/Feisty_Heisty/Content/PolygonCity/Meshes/Buildings/SM_Bld_Shop_05_Glass.uexp" 748
"D:/GitHub/Feisty-Heisty/Feisty_Heisty/Content/PolygonCity/Meshes/Buildings/SM_Bld_Shop_05.ubulk" 749
"D:/GitHub/Feisty-Heisty/Feisty_Heisty/Content/PolygonCity/Meshes/Buildings/SM_Bld_Shop_05.uasset" 750
"D:/GitHub/Feisty-Heisty/Feisty_Heisty/Content/PolygonCity/Meshes/Buildings/SM_Bld_Shop_05.uexp" 751
"D:/GitHub/Feisty-Heisty/Feisty_Heisty/Content/PolygonCity/Meshes/Buildings/SM_Bld_Shop_04_Glass.ubulk" 752
"D:/GitHub/Feisty-Heisty/Feisty_Heisty/Content/PolygonCity/Meshes/Buildings/SM_Bld_Shop_04_Glass.uasset" 753
"D:/GitHub/Feisty-Heisty/Feisty_Heisty/Content/PolygonCity/Meshes/Buildings/SM_Bld_Shop_04_Glass.uexp" 754
"D:/GitHub/Feisty-Heisty/Feisty_Heisty/Content/PolygonCity/Meshes/Buildings/SM_Bld_Shop_04.ubulk" 755
"D:/GitHub/Feisty-Heisty/Feisty_Heisty/Content/PolygonCity/Meshes/Buildings/SM_Bld_Shop_04.uasset" 756
"D:/GitHub/Feisty-Heisty/Feisty_Heisty/Content/PolygonCity/Meshes/Buildings/SM_Bld_Shop_04.uexp" 757
"D:/GitHub/Feisty-Heisty/Feisty_Heisty/Content/PolygonCity/Meshes/Buildings/SM_Bld_Shop_03_Glass.ubulk" 758
"D:/GitHub/Feisty-Heisty/Feisty_Heisty/Content/PolygonCity/Meshes/Buildings/SM_Bld_Shop_03_Glass.uasset" 759
"D:/GitHub/Feisty-Heisty/Feisty_Heisty/Content/PolygonCity/Meshes/Buildings/SM_Bld_Shop_03_Glass.uexp" 760
"D:/GitHub/Feisty-Heisty/Feisty_Heisty/Content/PolygonCity/Meshes/Buildings/SM_Bld_Shop_03.ubulk" 761
"D:/GitHub/Feisty-Heisty/Feisty_Heisty/Content/PolygonCity/Meshes/Buildings/SM_Bld_Shop_03.uasset" 762
"D:/GitHub/Feisty-Heisty/Feisty_Heisty/Content/PolygonCity/Meshes/Buildings/SM_Bld_Shop_03.uexp" 763
"D:/GitHub/Feisty-Heisty/Feisty_Heisty/Content/PolygonCity/Meshes/Buildings/SM_Bld_Shop_02_Glass.ubulk" 764
"D:/GitHub/Feisty-Heisty/Feisty_Heisty/Content/PolygonCity/Meshes/Buildings/SM_Bld_Shop_02_Glass.uasset" 765
"D:/GitHub/Feisty-Heisty/Feisty_Heisty/Content/PolygonCity/Meshes/Buildings/SM_Bld_Shop_02_Glass.uexp" 766
"D:/GitHub/Feisty-Heisty/Feisty_Heisty/Content/PolygonCity/Meshes/Buildings/SM_Bld_Shop_01_Glass.ubulk" 767
"D:/GitHub/Feisty-Heisty/Feisty_Heisty/Content/PolygonCity/Meshes/Buildings/SM_Bld_Shop_01_Glass.uasset" 768
"D:/GitHub/Feisty-Heisty/Feisty_Heisty/Content/PolygonCity/Meshes/Buildings/SM_Bld_Shop_01_Glass.uexp" 769
"D:/GitHub/Feisty-Heisty/Feisty_Heisty/Content/PolygonCity/Meshes/Buildings/SM_Bld_Shop_01.ubulk" 770
"D:/GitHub/Feisty-Heisty/Feisty_Heisty/Content/PolygonCity/Meshes/Buildings/SM_Bld_Shop_01.uasset" 771
"D:/GitHub/Feisty-Heisty/Feisty_Heisty/Content/PolygonCity/Meshes/Buildings/SM_Bld_Shop_01.uexp" 772
"D:/GitHub/Feisty-Heisty/Feisty_Heisty/Content/PolygonCity/Meshes/Buildings/SM_Bld_Roof_Access_01.ubulk" 773
"D:/GitHub/Feisty-Heisty/Feisty_Heisty/Content/PolygonCity/Meshes/Buildings/SM_Bld_Roof_Access_01.uasset" 774
"D:/GitHub/Feisty-Heisty/Feisty_Heisty/Content/PolygonCity/Meshes/Buildings/SM_Bld_Roof_Access_01.uexp" 775
"D:/GitHub/Feisty-Heisty/Feisty_Heisty/Content/PolygonCity/Meshes/Buildings/SM_Bld_OfficeSquare_Roof_01.ubulk" 776
"D:/GitHub/Feisty-Heisty/Feisty_Heisty/Content/PolygonCity/Meshes/Buildings/SM_Bld_OfficeSquare_Roof_01.uasset" 777
"D:/GitHub/Feisty-Heisty/Feisty_Heisty/Content/PolygonCity/Meshes/Buildings/SM_Bld_OfficeSquare_Roof_01.uexp" 778
"D:/GitHub/Feisty-Heisty/Feisty_Heisty/Content/PolygonCity/Meshes/Buildings/SM_Bld_OfficeSquare_Base_01_Glass.ubulk" 779
"D:/GitHub/Feisty-Heisty/Feisty_Heisty/Content/PolygonCity/Meshes/Buildings/SM_Bld_OfficeSquare_Base_01_Glass.uasset" 780
"D:/GitHub/Feisty-Heisty/Feisty_Heisty/Content/PolygonCity/Meshes/Buildings/SM_Bld_OfficeSquare_Base_01_Glass.uexp" 781
"D:/GitHub/Feisty-Heisty/Feisty_Heisty/Content/PolygonCity/Meshes/Buildings/SM_Bld_OfficeSquare_Base_01.ubulk" 782
"D:/GitHub/Feisty-Heisty/Feisty_Heisty/Content/PolygonCity/Meshes/Buildings/SM_Bld_OfficeSquare_Base_01.uasset" 783
"D:/GitHub/Feisty-Heisty/Feisty_Heisty/Content/PolygonCity/Meshes/Buildings/SM_Bld_OfficeSquare_Base_01.uexp" 784
"D:/GitHub/Feisty-Heisty/Feisty_Heisty/Content/PolygonCity/Meshes/Buildings/SM_Bld_OfficeSquare_04.ubulk" 785
"D:/GitHub/Feisty-Heisty/Feisty_Heisty/Content/PolygonCity/Meshes/Buildings/SM_Bld_OfficeSquare_04.uasset" 786
"D:/GitHub/Feisty-Heisty/Feisty_Heisty/Content/PolygonCity/Meshes/Buildings/SM_Bld_OfficeSquare_04.uexp" 787
"D:/GitHub/Feisty-Heisty/Feisty_Heisty/Content/PolygonCity/Meshes/Buildings/SM_Bld_OfficeSquare_03.ubulk" 788
"D:/GitHub/Feisty-Heisty/Feisty_Heisty/Content/PolygonCity/Meshes/Buildings/SM_Bld_OfficeSquare_03.uasset" 789
"D:/GitHub/Feisty-Heisty/Feisty_Heisty/Content/PolygonCity/Meshes/Buildings/SM_Bld_OfficeSquare_03.uexp" 790
"D:/GitHub/Feisty-Heisty/Feisty_Heisty/Content/PolygonCity/Meshes/Buildings/SM_Bld_OfficeSquare_02.ubulk" 791
"D:/GitHub/Feisty-Heisty/Feisty_Heisty/Content/PolygonCity/Meshes/Buildings/SM_Bld_OfficeSquare_02.uasset" 792
"D:/GitHub/Feisty-Heisty/Feisty_Heisty/Content/PolygonCity/Meshes/Buildings/SM_Bld_OfficeSquare_02.uexp" 793
"D:/GitHub/Feisty-Heisty/Feisty_Heisty/Content/PolygonCity/Meshes/Buildings/SM_Bld_OfficeSquare_01.ubulk" 794
"D:/GitHub/Feisty-Heisty/Feisty_Heisty/Content/PolygonCity/Meshes/Buildings/SM_Bld_OfficeSquare_01.uasset" 795
"D:/GitHub/Feisty-Heisty/Feisty_Heisty/Content/PolygonCity/Meshes/Buildings/SM_Bld_OfficeSquare_01.uexp" 796
"D:/GitHub/Feisty-Heisty/Feisty_Heisty/Content/PolygonCity/Meshes/Buildings/SM_Bld_OfficeRound_Roof_01.ubulk" 797
"D:/GitHub/Feisty-Heisty/Feisty_Heisty/Content/PolygonCity/Meshes/Buildings/SM_Bld_OfficeRound_Roof_01.uasset" 798
"D:/GitHub/Feisty-Heisty/Feisty_Heisty/Content/PolygonCity/Meshes/Buildings/SM_Bld_OfficeRound_Roof_01.uexp" 799
"D:/GitHub/Feisty-Heisty/Feisty_Heisty/Content/PolygonCity/Meshes/Buildings/SM_Bld_OfficeRound_Base_01_Glass.ubulk" 800
"D:/GitHub/Feisty-Heisty/Feisty_Heisty/Content/PolygonCity/Meshes/Buildings/SM_Bld_OfficeRound_Base_01_Glass.uasset" 801
"D:/GitHub/Feisty-Heisty/Feisty_Heisty/Content/PolygonCity/Meshes/Buildings/SM_Bld_OfficeRound_Base_01_Glass.uexp" 802
"D:/GitHub/Feisty-Heisty/Feisty_Heisty/Content/PolygonCity/Meshes/Buildings/SM_Bld_OfficeRound_Base_01.ubulk" 803
"D:/GitHub/Feisty-Heisty/Feisty_Heisty/Content/PolygonCity/Meshes/Buildings/SM_Bld_OfficeRound_Base_01.uasset" 804
"D:/GitHub/Feisty-Heisty/Feisty_Heisty/Content/PolygonCity/Meshes/Buildings/SM_Bld_OfficeRound_Base_01.uexp" 805
"D:/GitHub/Feisty-Heisty/Feisty_Heisty/Content/PolygonCity/Meshes/Buildings/SM_Bld_OfficeRound_04.ubulk" 806
"D:/GitHub/Feisty-Heisty/Feisty_Heisty/Content/PolygonCity/Meshes/Buildings/SM_Bld_OfficeRound_04.uasset" 807
"D:/GitHub/Feisty-Heisty/Feisty_Heisty/Content/PolygonCity/Meshes/Buildings/SM_Bld_OfficeRound_04.uexp" 808
"D:/GitHub/Feisty-Heisty/Feisty_Heisty/Content/PolygonCity/Meshes/Buildings/SM_Bld_OfficeRound_03.ubulk" 809
"D:/GitHub/Feisty-Heisty/Feisty_Heisty/Content/PolygonCity/Meshes/Buildings/SM_Bld_OfficeRound_03.uasset" 810
"D:/GitHub/Feisty-Heisty/Feisty_Heisty/Content/PolygonCity/Meshes/Buildings/SM_Bld_OfficeRound_03.uexp" 811
"D:/GitHub/Feisty-Heisty/Feisty_Heisty/Content/PolygonCity/Meshes/Buildings/SM_Bld_OfficeRound_02.ubulk" 812
"D:/GitHub/Feisty-Heisty/Feisty_Heisty/Content/PolygonCity/Meshes/Buildings/SM_Bld_OfficeRound_02.uasset" 813
"D:/GitHub/Feisty-Heisty/Feisty_Heisty/Content/PolygonCity/Meshes/Buildings/SM_Bld_OfficeRound_02.uexp" 814
"D:/GitHub/Feisty-Heisty/Feisty_Heisty/Content/PolygonCity/Meshes/Buildings/SM_Bld_OfficeRound_01.ubulk" 815
"D:/GitHub/Feisty-Heisty/Feisty_Heisty/Content/PolygonCity/Meshes/Buildings/SM_Bld_OfficeRound_01.uasset" 816
"D:/GitHub/Feisty-Heisty/Feisty_Heisty/Content/PolygonCity/Meshes/Buildings/SM_Bld_OfficeRound_01.uexp" 817
"D:/GitHub/Feisty-Heisty/Feisty_Heisty/Content/PolygonCity/Meshes/Buildings/SM_Bld_OfficeOld_Small_Roof_01.ubulk" 818
"D:/GitHub/Feisty-Heisty/Feisty_Heisty/Content/PolygonCity/Meshes/Buildings/SM_Bld_OfficeOld_Small_Roof_01.uasset" 819
"D:/GitHub/Feisty-Heisty/Feisty_Heisty/Content/PolygonCity/Meshes/Buildings/SM_Bld_OfficeOld_Small_Roof_01.uexp" 820
"D:/GitHub/Feisty-Heisty/Feisty_Heisty/Content/PolygonCity/Meshes/Buildings/SM_Bld_OfficeOld_Small_Floor_01.ubulk" 821
"D:/GitHub/Feisty-Heisty/Feisty_Heisty/Content/PolygonCity/Meshes/Buildings/SM_Bld_OfficeOld_Small_Floor_01.uasset" 822
"D:/GitHub/Feisty-Heisty/Feisty_Heisty/Content/PolygonCity/Meshes/Buildings/SM_Bld_OfficeOld_Small_Floor_01.uexp" 823
"D:/GitHub/Feisty-Heisty/Feisty_Heisty/Content/PolygonCity/Meshes/Buildings/SM_Bld_OfficeOld_Small_Base_01.ubulk" 824
"D:/GitHub/Feisty-Heisty/Feisty_Heisty/Content/PolygonCity/Meshes/Buildings/SM_Bld_OfficeOld_Small_Base_01.uasset" 825
"D:/GitHub/Feisty-Heisty/Feisty_Heisty/Content/PolygonCity/Meshes/Buildings/SM_Bld_OfficeOld_Small_Base_01.uexp" 826
"D:/GitHub/Feisty-Heisty/Feisty_Heisty/Content/PolygonCity/Meshes/Buildings/SM_Bld_OfficeOld_Small_02.ubulk" 827
"D:/GitHub/Feisty-Heisty/Feisty_Heisty/Content/PolygonCity/Meshes/Buildings/SM_Bld_OfficeOld_Small_02.uasset" 828
"D:/GitHub/Feisty-Heisty/Feisty_Heisty/Content/PolygonCity/Meshes/Buildings/SM_Bld_OfficeOld_Small_02.uexp" 829
"D:/GitHub/Feisty-Heisty/Feisty_Heisty/Content/PolygonCity/Meshes/Buildings/SM_Bld_OfficeOld_Small_01.ubulk" 830
"D:/GitHub/Feisty-Heisty/Feisty_Heisty/Content/PolygonCity/Meshes/Buildings/SM_Bld_OfficeOld_Small_01.uasset" 831
"D:/GitHub/Feisty-Heisty/Feisty_Heisty/Content/PolygonCity/Meshes/Buildings/SM_Bld_OfficeOld_Small_01.uexp" 832
"D:/GitHub/Feisty-Heisty/Feisty_Heisty/Content/PolygonCity/Meshes/Buildings/SM_Bld_OfficeOld_Large_Roof_01.ubulk" 833
"D:/GitHub/Feisty-Heisty/Feisty_Heisty/Content/PolygonCity/Meshes/Buildings/SM_Bld_OfficeOld_Large_Roof_01.uasset" 834
"D:/GitHub/Feisty-Heisty/Feisty_Heisty/Content/PolygonCity/Meshes/Buildings/SM_Bld_OfficeOld_Large_Roof_01.uexp" 835
"D:/GitHub/Feisty-Heisty/Feisty_Heisty/Content/PolygonCity/Meshes/Buildings/SM_Bld_OfficeOld_Large_Floor_01.ubulk" 836
"D:/GitHub/Feisty-Heisty/Feisty_Heisty/Content/PolygonCity/Meshes/Buildings/SM_Bld_OfficeOld_Large_Floor_01.uasset" 837
"D:/GitHub/Feisty-Heisty/Feisty_Heisty/Content/PolygonCity/Meshes/Buildings/SM_Bld_OfficeOld_Large_Floor_01.uexp" 838
"D:/GitHub/Feisty-Heisty/Feisty_Heisty/Content/PolygonCity/Meshes/Buildings/SM_Bld_OfficeOld_Large_Base_01.ubulk" 839
"D:/GitHub/Feisty-Heisty/Feisty_Heisty/Content/PolygonCity/Meshes/Buildings/SM_Bld_OfficeOld_Large_Base_01.uasset" 840
"D:/GitHub/Feisty-Heisty/Feisty_Heisty/Content/PolygonCity/Meshes/Buildings/SM_Bld_OfficeOld_Large_Base_01.uexp" 841
"D:/GitHub/Feisty-Heisty/Feisty_Heisty/Content/PolygonCity/Meshes/Buildings/SM_Bld_OfficeOld_Large_02.ubulk" 842
"D:/GitHub/Feisty-Heisty/Feisty_Heisty/Content/PolygonCity/Meshes/Buildings/SM_Bld_OfficeOld_Large_02.uasset" 843
"D:/GitHub/Feisty-Heisty/Feisty_Heisty/Content/PolygonCity/Meshes/Buildings/SM_Bld_OfficeOld_Large_02.uexp" 844
"D:/GitHub/Feisty-Heisty/Feisty_Heisty/Content/PolygonCity/Meshes/Buildings/SM_Bld_OfficeOld_Large_01.ubulk" 845
"D:/GitHub/Feisty-Heisty/Feisty_Heisty/Content/PolygonCity/Meshes/Buildings/SM_Bld_OfficeOld_Large_01.uasset" 846
"D:/GitHub/Feisty-Heisty/Feisty_Heisty/Content/PolygonCity/Meshes/Buildings/SM_Bld_OfficeOld_Large_01.uexp" 847
"D:/GitHub/Feisty-Heisty/Feisty_Heisty/Content/PolygonCity/Meshes/Buildings/SM_Bld_OfficeOctagon_Roof_01.ubulk" 848
"D:/GitHub/Feisty-Heisty/Feisty_Heisty/Content/PolygonCity/Meshes/Buildings/SM_Bld_OfficeOctagon_Roof_01.uasset" 849
"D:/GitHub/Feisty-Heisty/Feisty_Heisty/Content/PolygonCity/Meshes/Buildings/SM_Bld_OfficeOctagon_Roof_01.uexp" 850
"D:/GitHub/Feisty-Heisty/Feisty_Heisty/Content/PolygonCity/Meshes/Buildings/SM_Bld_OfficeOctagon_Floor_01.ubulk" 851
"D:/GitHub/Feisty-Heisty/Feisty_Heisty/Content/PolygonCity/Meshes/Buildings/SM_Bld_OfficeOctagon_Floor_01.uasset" 852
"D:/GitHub/Feisty-Heisty/Feisty_Heisty/Content/PolygonCity/Meshes/Buildings/SM_Bld_OfficeOctagon_Floor_01.uexp" 853
"D:/GitHub/Feisty-Heisty/Feisty_Heisty/Content/PolygonCity/Meshes/Buildings/SM_Bld_OfficeOctagon_Base_01_Glass.ubulk" 854
"D:/GitHub/Feisty-Heisty/Feisty_Heisty/Content/PolygonCity/Meshes/Buildings/SM_Bld_OfficeOctagon_Base_01_Glass.uasset" 855
"D:/GitHub/Feisty-Heisty/Feisty_Heisty/Content/PolygonCity/Meshes/Buildings/SM_Bld_OfficeOctagon_Base_01_Glass.uexp" 856
"D:/GitHub/Feisty-Heisty/Feisty_Heisty/Content/PolygonCity/Meshes/Buildings/SM_Bld_OfficeOctagon_Base_01.ubulk" 857
"D:/GitHub/Feisty-Heisty/Feisty_Heisty/Content/PolygonCity/Meshes/Buildings/SM_Bld_OfficeOctagon_Base_01.uasset" 858
"D:/GitHub/Feisty-Heisty/Feisty_Heisty/Content/PolygonCity/Meshes/Buildings/SM_Bld_OfficeOctagon_Base_01.uexp" 859
"D:/GitHub/Feisty-Heisty/Feisty_Heisty/Content/PolygonCity/Meshes/Buildings/SM_Bld_OfficeOctagon_01.ubulk" 860
"D:/GitHub/Feisty-Heisty/Feisty_Heisty/Content/PolygonCity/Meshes/Buildings/SM_Bld_OfficeOctagon_01.uasset" 861
"D:/GitHub/Feisty-Heisty/Feisty_Heisty/Content/PolygonCity/Meshes/Buildings/SM_Bld_OfficeOctagon_01.uexp" 862
"D:/GitHub/Feisty-Heisty/Feisty_Heisty/Content/PolygonCity/Meshes/Buildings/SM_Bld_FireEscape_03.ubulk" 863
"D:/GitHub/Feisty-Heisty/Feisty_Heisty/Content/PolygonCity/Meshes/Buildings/SM_Bld_FireEscape_03.uasset" 864
"D:/GitHub/Feisty-Heisty/Feisty_Heisty/Content/PolygonCity/Meshes/Buildings/SM_Bld_FireEscape_03.uexp" 865
"D:/GitHub/Feisty-Heisty/Feisty_Heisty/Content/PolygonCity/Meshes/Buildings/SM_Bld_FireEscape_02.ubulk" 866
"D:/GitHub/Feisty-Heisty/Feisty_Heisty/Content/PolygonCity/Meshes/Buildings/SM_Bld_FireEscape_02.uasset" 867
"D:/GitHub/Feisty-Heisty/Feisty_Heisty/Content/PolygonCity/Meshes/Buildings/SM_Bld_FireEscape_02.uexp" 868
"D:/GitHub/Feisty-Heisty/Feisty_Heisty/Content/PolygonCity/Meshes/Buildings/SM_Bld_FireEscape_01.ubulk" 869
"D:/GitHub/Feisty-Heisty/Feisty_Heisty/Content/PolygonCity/Meshes/Buildings/SM_Bld_FireEscape_01.uasset" 870
"D:/GitHub/Feisty-Heisty/Feisty_Heisty/Content/PolygonCity/Meshes/Buildings/SM_Bld_FireEscape_01.uexp" 871
"D:/GitHub/Feisty-Heisty/Feisty_Heisty/Content/PolygonCity/Meshes/Buildings/SM_Bld_Cover_02.ubulk" 872
"D:/GitHub/Feisty-Heisty/Feisty_Heisty/Content/PolygonCity/Meshes/Buildings/SM_Bld_Cover_02.uasset" 873
"D:/GitHub/Feisty-Heisty/Feisty_Heisty/Content/PolygonCity/Meshes/Buildings/SM_Bld_Cover_02.uexp" 874
"D:/GitHub/Feisty-Heisty/Feisty_Heisty/Content/PolygonCity/Meshes/Buildings/SM_Bld_Cover_01.ubulk" 875
"D:/GitHub/Feisty-Heisty/Feisty_Heisty/Content/PolygonCity/Meshes/Buildings/SM_Bld_Cover_01.uasset" 876
"D:/GitHub/Feisty-Heisty/Feisty_Heisty/Content/PolygonCity/Meshes/Buildings/SM_Bld_Cover_01.uexp" 877
"D:/GitHub/Feisty-Heisty/Feisty_Heisty/Content/PolygonCity/Meshes/Buildings/SM_Bld_CityHall_01.ubulk" 878
"D:/GitHub/Feisty-Heisty/Feisty_Heisty/Content/PolygonCity/Meshes/Buildings/SM_Bld_CityHall_01.uasset" 879
"D:/GitHub/Feisty-Heisty/Feisty_Heisty/Content/PolygonCity/Meshes/Buildings/SM_Bld_CityHall_01.uexp" 880
"D:/GitHub/Feisty-Heisty/Feisty_Heisty/Content/PolygonCity/Meshes/Buildings/SM_Bld_Apartment_Stairs_Planter_02.ubulk" 881
"D:/GitHub/Feisty-Heisty/Feisty_Heisty/Content/PolygonCity/Meshes/Buildings/SM_Bld_Apartment_Stairs_Planter_02.uasset" 882
"D:/GitHub/Feisty-Heisty/Feisty_Heisty/Content/PolygonCity/Meshes/Buildings/SM_Bld_Apartment_Stairs_Planter_02.uexp" 883
"D:/GitHub/Feisty-Heisty/Feisty_Heisty/Content/PolygonCity/Meshes/Buildings/SM_Bld_Apartment_Stairs_Planter_01.ubulk" 884
"D:/GitHub/Feisty-Heisty/Feisty_Heisty/Content/PolygonCity/Meshes/Buildings/SM_Bld_Apartment_Stairs_Planter_01.uasset" 885
"D:/GitHub/Feisty-Heisty/Feisty_Heisty/Content/PolygonCity/Meshes/Buildings/SM_Bld_Apartment_Stairs_Planter_01.uexp" 886
"D:/GitHub/Feisty-Heisty/Feisty_Heisty/Content/PolygonCity/Meshes/Buildings/SM_Bld_Apartment_Stairs_Corner_01.ubulk" 887
"D:/GitHub/Feisty-Heisty/Feisty_Heisty/Content/PolygonCity/Meshes/Buildings/SM_Bld_Apartment_Stairs_Corner_01.uasset" 888
"D:/GitHub/Feisty-Heisty/Feisty_Heisty/Content/PolygonCity/Meshes/Buildings/SM_Bld_Apartment_Stairs_Corner_01.uexp" 889
"D:/GitHub/Feisty-Heisty/Feisty_Heisty/Content/PolygonCity/Meshes/Characters/SK_Character_Male_Police_PhysicsAsset.uasset" 890
"D:/GitHub/Feisty-Heisty/Feisty_Heisty/Content/PolygonCity/Meshes/Characters/SK_Character_Male_Police_PhysicsAsset.uexp" 891
"../../../Engine/Content/EngineMeshes/Humanoid.uasset" 892
"../../../Engine/Content/EngineMeshes/Humanoid.uexp" 893
"D:/GitHub/Feisty-Heisty/Feisty_Heisty/Content/PolygonCity/Meshes/Characters/SK_Character_City_Rig.uasset" 894
"D:/GitHub/Feisty-Heisty/Feisty_Heisty/Content/PolygonCity/Meshes/Characters/SK_Character_City_Rig.uexp" 895
"D:/GitHub/Feisty-Heisty/Feisty_Heisty/Content/PolygonCity/Meshes/Characters/SK_Character_Male_Police.uasset" 896
"D:/GitHub/Feisty-Heisty/Feisty_Heisty/Content/PolygonCity/Meshes/Characters/SK_Character_Male_Police.uexp" 897
"D:/GitHub/Feisty-Heisty/Feisty_Heisty/Content/PolygonCity/Meshes/Characters/SK_Character_Male_Jacket_PhysicsAsset.uasset" 898
"D:/GitHub/Feisty-Heisty/Feisty_Heisty/Content/PolygonCity/Meshes/Characters/SK_Character_Male_Jacket_PhysicsAsset.uexp" 899
"D:/GitHub/Feisty-Heisty/Feisty_Heisty/Content/PolygonCity/Meshes/Characters/SK_Character_Male_Jacket.uasset" 900
"D:/GitHub/Feisty-Heisty/Feisty_Heisty/Content/PolygonCity/Meshes/Characters/SK_Character_Male_Jacket.uexp" 901
"D:/GitHub/Feisty-Heisty/Feisty_Heisty/Content/PolygonCity/Meshes/Characters/SK_Character_Male_Hoodie_PhysicsAsset.uasset" 902
"D:/GitHub/Feisty-Heisty/Feisty_Heisty/Content/PolygonCity/Meshes/Characters/SK_Character_Male_Hoodie_PhysicsAsset.uexp" 903
"D:/GitHub/Feisty-Heisty/Feisty_Heisty/Content/PolygonCity/Meshes/Characters/SK_Character_Male_Hoodie.uasset" 904
"D:/GitHub/Feisty-Heisty/Feisty_Heisty/Content/PolygonCity/Meshes/Characters/SK_Character_Male_Hoodie.uexp" 905
"D:/GitHub/Feisty-Heisty/Feisty_Heisty/Content/PolygonCity/Meshes/Characters/SK_Character_Female_Police_PhysicsAsset.uasset" 906
"D:/GitHub/Feisty-Heisty/Feisty_Heisty/Content/PolygonCity/Meshes/Characters/SK_Character_Female_Police_PhysicsAsset.uexp" 907
"D:/GitHub/Feisty-Heisty/Feisty_Heisty/Content/PolygonCity/Meshes/Characters/SK_Character_Female_Police.uasset" 908
"D:/GitHub/Feisty-Heisty/Feisty_Heisty/Content/PolygonCity/Meshes/Characters/SK_Character_Female_Police.uexp" 909
"D:/GitHub/Feisty-Heisty/Feisty_Heisty/Content/PolygonCity/Meshes/Characters/SK_Character_Female_Jacket_PhysicsAsset.uasset" 910
"D:/GitHub/Feisty-Heisty/Feisty_Heisty/Content/PolygonCity/Meshes/Characters/SK_Character_Female_Jacket_PhysicsAsset.uexp" 911
"D:/GitHub/Feisty-Heisty/Feisty_Heisty/Content/PolygonCity/Meshes/Characters/SK_Character_Female_Jacket.uasset" 912
"D:/GitHub/Feisty-Heisty/Feisty_Heisty/Content/PolygonCity/Meshes/Characters/SK_Character_Female_Jacket.uexp" 913
"D:/GitHub/Feisty-Heisty/Feisty_Heisty/Content/PolygonCity/Meshes/Characters/SK_Character_Female_Coat_PhysicsAsset.uasset" 914
"D:/GitHub/Feisty-Heisty/Feisty_Heisty/Content/PolygonCity/Meshes/Characters/SK_Character_Female_Coat_PhysicsAsset.uexp" 915
"D:/GitHub/Feisty-Heisty/Feisty_Heisty/Content/PolygonCity/Meshes/Characters/SK_Character_Female_Coat.uasset" 916
"D:/GitHub/Feisty-Heisty/Feisty_Heisty/Content/PolygonCity/Meshes/Characters/SK_Character_Female_Coat.uexp" 917
"D:/GitHub/Feisty-Heisty/Feisty_Heisty/Content/PolygonCity/Meshes/Characters/SK_Character_BusinessWoman_PhysicsAsset.uasset" 918
"D:/GitHub/Feisty-Heisty/Feisty_Heisty/Content/PolygonCity/Meshes/Characters/SK_Character_BusinessWoman_PhysicsAsset.uexp" 919
"D:/GitHub/Feisty-Heisty/Feisty_Heisty/Content/PolygonCity/Meshes/Characters/SK_Character_BusinessWoman.uasset" 920
"D:/GitHub/Feisty-Heisty/Feisty_Heisty/Content/PolygonCity/Meshes/Characters/SK_Character_BusinessWoman.uexp" 921
"D:/GitHub/Feisty-Heisty/Feisty_Heisty/Content/PolygonCity/Meshes/Characters/SK_Character_BusinessMan_Suit_PhysicsAsset.uasset" 922
"D:/GitHub/Feisty-Heisty/Feisty_Heisty/Content/PolygonCity/Meshes/Characters/SK_Character_BusinessMan_Suit_PhysicsAsset.uexp" 923
"D:/GitHub/Feisty-Heisty/Feisty_Heisty/Content/PolygonCity/Meshes/Characters/SK_Character_BusinessMan_Suit.uasset" 924
"D:/GitHub/Feisty-Heisty/Feisty_Heisty/Content/PolygonCity/Meshes/Characters/SK_Character_BusinessMan_Suit.uexp" 925
"D:/GitHub/Feisty-Heisty/Feisty_Heisty/Content/PolygonCity/Meshes/Characters/SK_Character_BusinessMan_Shirt_PhysicsAsset.uasset" 926
"D:/GitHub/Feisty-Heisty/Feisty_Heisty/Content/PolygonCity/Meshes/Characters/SK_Character_BusinessMan_Shirt_PhysicsAsset.uexp" 927
"D:/GitHub/Feisty-Heisty/Feisty_Heisty/Content/PolygonCity/Meshes/Characters/SK_Character_BusinessMan_Shirt.uasset" 928
"D:/GitHub/Feisty-Heisty/Feisty_Heisty/Content/PolygonCity/Meshes/Characters/SK_Character_BusinessMan_Shirt.uexp" 929
"D:/GitHub/Feisty-Heisty/Feisty_Heisty/Content/PolygonCity/Meshes/Buildings/SM_Bld_Apartment_Stairs_03.ubulk" 930
"D:/GitHub/Feisty-Heisty/Feisty_Heisty/Content/PolygonCity/Meshes/Buildings/SM_Bld_Apartment_Stairs_03.uasset" 931
"D:/GitHub/Feisty-Heisty/Feisty_Heisty/Content/PolygonCity/Meshes/Buildings/SM_Bld_Apartment_Stairs_03.uexp" 932
"D:/GitHub/Feisty-Heisty/Feisty_Heisty/Content/PolygonCity/Meshes/Buildings/SM_Bld_Apartment_Stairs_02.ubulk" 933
"D:/GitHub/Feisty-Heisty/Feisty_Heisty/Content/PolygonCity/Meshes/Buildings/SM_Bld_Apartment_Stairs_02.uasset" 934
"D:/GitHub/Feisty-Heisty/Feisty_Heisty/Content/PolygonCity/Meshes/Buildings/SM_Bld_Apartment_Stairs_02.uexp" 935
"D:/GitHub/Feisty-Heisty/Feisty_Heisty/Content/PolygonCity/Meshes/Buildings/SM_Bld_Apartment_Stairs_01.ubulk" 936
"D:/GitHub/Feisty-Heisty/Feisty_Heisty/Content/PolygonCity/Meshes/Buildings/SM_Bld_Apartment_Stairs_01.uasset" 937
"D:/GitHub/Feisty-Heisty/Feisty_Heisty/Content/PolygonCity/Meshes/Buildings/SM_Bld_Apartment_Stairs_01.uexp" 938
"D:/GitHub/Feisty-Heisty/Feisty_Heisty/Content/PolygonCity/Meshes/Buildings/SM_Bld_Apartment_Stack_03.ubulk" 939
"D:/GitHub/Feisty-Heisty/Feisty_Heisty/Content/PolygonCity/Meshes/Buildings/SM_Bld_Apartment_Stack_03.uasset" 940
"D:/GitHub/Feisty-Heisty/Feisty_Heisty/Content/PolygonCity/Meshes/Buildings/SM_Bld_Apartment_Stack_03.uexp" 941
"D:/GitHub/Feisty-Heisty/Feisty_Heisty/Content/PolygonCity/Meshes/Buildings/SM_Bld_Apartment_Stack_02.ubulk" 942
"D:/GitHub/Feisty-Heisty/Feisty_Heisty/Content/PolygonCity/Meshes/Buildings/SM_Bld_Apartment_Stack_02.uasset" 943
"D:/GitHub/Feisty-Heisty/Feisty_Heisty/Content/PolygonCity/Meshes/Buildings/SM_Bld_Apartment_Stack_02.uexp" 944
"D:/GitHub/Feisty-Heisty/Feisty_Heisty/Content/PolygonCity/Meshes/Buildings/SM_Bld_Apartment_Stack_01.ubulk" 945
"D:/GitHub/Feisty-Heisty/Feisty_Heisty/Content/PolygonCity/Meshes/Buildings/SM_Bld_Apartment_Stack_01.uasset" 946
"D:/GitHub/Feisty-Heisty/Feisty_Heisty/Content/PolygonCity/Meshes/Buildings/SM_Bld_Apartment_Stack_01.uexp" 947
"D:/GitHub/Feisty-Heisty/Feisty_Heisty/Content/PolygonCity/Meshes/Buildings/SM_Bld_Apartment_Roof_Corner_03.ubulk" 948
"D:/GitHub/Feisty-Heisty/Feisty_Heisty/Content/PolygonCity/Meshes/Buildings/SM_Bld_Apartment_Roof_Corner_03.uasset" 949
"D:/GitHub/Feisty-Heisty/Feisty_Heisty/Content/PolygonCity/Meshes/Buildings/SM_Bld_Apartment_Roof_Corner_03.uexp" 950
"D:/GitHub/Feisty-Heisty/Feisty_Heisty/Content/PolygonCity/Meshes/Buildings/SM_Bld_Apartment_Roof_Corner_02.ubulk" 951
"D:/GitHub/Feisty-Heisty/Feisty_Heisty/Content/PolygonCity/Meshes/Buildings/SM_Bld_Apartment_Roof_Corner_02.uasset" 952
"D:/GitHub/Feisty-Heisty/Feisty_Heisty/Content/PolygonCity/Meshes/Buildings/SM_Bld_Apartment_Roof_Corner_02.uexp" 953
"D:/GitHub/Feisty-Heisty/Feisty_Heisty/Content/PolygonCity/Meshes/Buildings/SM_Bld_Apartment_Roof_Corner_01.ubulk" 954
"D:/GitHub/Feisty-Heisty/Feisty_Heisty/Content/PolygonCity/Meshes/Buildings/SM_Bld_Apartment_Roof_Corner_01.uasset" 955
"D:/GitHub/Feisty-Heisty/Feisty_Heisty/Content/PolygonCity/Meshes/Buildings/SM_Bld_Apartment_Roof_Corner_01.uexp" 956
"D:/GitHub/Feisty-Heisty/Feisty_Heisty/Content/PolygonCity/Meshes/Buildings/SM_Bld_Apartment_Roof_03.ubulk" 957
"D:/GitHub/Feisty-Heisty/Feisty_Heisty/Content/PolygonCity/Meshes/Buildings/SM_Bld_Apartment_Roof_03.uasset" 958
"D:/GitHub/Feisty-Heisty/Feisty_Heisty/Content/PolygonCity/Meshes/Buildings/SM_Bld_Apartment_Roof_03.uexp" 959
"D:/GitHub/Feisty-Heisty/Feisty_Heisty/Content/PolygonCity/Meshes/Buildings/SM_Bld_Apartment_Roof_02.ubulk" 960
"D:/GitHub/Feisty-Heisty/Feisty_Heisty/Content/PolygonCity/Meshes/Buildings/SM_Bld_Apartment_Roof_02.uasset" 961
"D:/GitHub/Feisty-Heisty/Feisty_Heisty/Content/PolygonCity/Meshes/Buildings/SM_Bld_Apartment_Roof_02.uexp" 962
"D:/GitHub/Feisty-Heisty/Feisty_Heisty/Content/PolygonCity/Meshes/Buildings/SM_Bld_Apartment_Roof_01.ubulk" 963
"D:/GitHub/Feisty-Heisty/Feisty_Heisty/Content/PolygonCity/Meshes/Buildings/SM_Bld_Apartment_Roof_01.uasset" 964
"D:/GitHub/Feisty-Heisty/Feisty_Heisty/Content/PolygonCity/Meshes/Buildings/SM_Bld_Apartment_Roof_01.uexp" 965
"D:/GitHub/Feisty-Heisty/Feisty_Heisty/Content/PolygonCity/Meshes/Buildings/SM_Bld_Apartment_Door_Corner_02.ubulk" 966
"D:/GitHub/Feisty-Heisty/Feisty_Heisty/Content/PolygonCity/Meshes/Buildings/SM_Bld_Apartment_Door_Corner_02.uasset" 967
"D:/GitHub/Feisty-Heisty/Feisty_Heisty/Content/PolygonCity/Meshes/Buildings/SM_Bld_Apartment_Door_Corner_02.uexp" 968
"D:/GitHub/Feisty-Heisty/Feisty_Heisty/Content/PolygonCity/Meshes/Buildings/SM_Bld_Apartment_Door_Corner_01.ubulk" 969
"D:/GitHub/Feisty-Heisty/Feisty_Heisty/Content/PolygonCity/Meshes/Buildings/SM_Bld_Apartment_Door_Corner_01.uasset" 970
"D:/GitHub/Feisty-Heisty/Feisty_Heisty/Content/PolygonCity/Meshes/Buildings/SM_Bld_Apartment_Door_Corner_01.uexp" 971
"D:/GitHub/Feisty-Heisty/Feisty_Heisty/Content/PolygonCity/Meshes/Buildings/SM_Bld_Apartment_Door_02.ubulk" 972
"D:/GitHub/Feisty-Heisty/Feisty_Heisty/Content/PolygonCity/Meshes/Buildings/SM_Bld_Apartment_Door_02.uasset" 973
"D:/GitHub/Feisty-Heisty/Feisty_Heisty/Content/PolygonCity/Meshes/Buildings/SM_Bld_Apartment_Door_02.uexp" 974
"D:/GitHub/Feisty-Heisty/Feisty_Heisty/Content/PolygonCity/Meshes/Buildings/SM_Bld_Apartment_Door_01.ubulk" 975
"D:/GitHub/Feisty-Heisty/Feisty_Heisty/Content/PolygonCity/Meshes/Buildings/SM_Bld_Apartment_Door_01.uasset" 976
"D:/GitHub/Feisty-Heisty/Feisty_Heisty/Content/PolygonCity/Meshes/Buildings/SM_Bld_Apartment_Door_01.uexp" 977
"D:/GitHub/Feisty-Heisty/Feisty_Heisty/Content/PolygonCity/Meshes/Buildings/SM_Bld_Apartment_Corner_03.ubulk" 978
"D:/GitHub/Feisty-Heisty/Feisty_Heisty/Content/PolygonCity/Meshes/Buildings/SM_Bld_Apartment_Corner_03.uasset" 979
"D:/GitHub/Feisty-Heisty/Feisty_Heisty/Content/PolygonCity/Meshes/Buildings/SM_Bld_Apartment_Corner_03.uexp" 980
"D:/GitHub/Feisty-Heisty/Feisty_Heisty/Content/PolygonCity/Meshes/Buildings/SM_Bld_Apartment_Corner_02.ubulk" 981
"D:/GitHub/Feisty-Heisty/Feisty_Heisty/Content/PolygonCity/Meshes/Buildings/SM_Bld_Apartment_Corner_02.uasset" 982
"D:/GitHub/Feisty-Heisty/Feisty_Heisty/Content/PolygonCity/Meshes/Buildings/SM_Bld_Apartment_Corner_02.uexp" 983
"D:/GitHub/Feisty-Heisty/Feisty_Heisty/Content/PolygonCity/Meshes/Buildings/SM_Bld_Apartment_Corner_01.ubulk" 984
"D:/GitHub/Feisty-Heisty/Feisty_Heisty/Content/PolygonCity/Meshes/Buildings/SM_Bld_Apartment_Corner_01.uasset" 985
"D:/GitHub/Feisty-Heisty/Feisty_Heisty/Content/PolygonCity/Meshes/Buildings/SM_Bld_Apartment_Corner_01.uexp" 986
"D:/GitHub/Feisty-Heisty/Feisty_Heisty/Content/PolygonCity/Meshes/Buildings/SM_Bld_Apartment_03.ubulk" 987
"D:/GitHub/Feisty-Heisty/Feisty_Heisty/Content/PolygonCity/Meshes/Buildings/SM_Bld_Apartment_03.uasset" 988
"D:/GitHub/Feisty-Heisty/Feisty_Heisty/Content/PolygonCity/Meshes/Buildings/SM_Bld_Apartment_03.uexp" 989
"D:/GitHub/Feisty-Heisty/Feisty_Heisty/Content/PolygonCity/Meshes/Buildings/SM_Bld_Apartment_02.ubulk" 990
"D:/GitHub/Feisty-Heisty/Feisty_Heisty/Content/PolygonCity/Meshes/Buildings/SM_Bld_Apartment_02.uasset" 991
"D:/GitHub/Feisty-Heisty/Feisty_Heisty/Content/PolygonCity/Meshes/Buildings/SM_Bld_Apartment_02.uexp" 992
"D:/GitHub/Feisty-Heisty/Feisty_Heisty/Content/PolygonCity/Meshes/Buildings/SM_Bld_Apartment_01.ubulk" 993
"D:/GitHub/Feisty-Heisty/Feisty_Heisty/Content/PolygonCity/Meshes/Buildings/SM_Bld_Apartment_01.uasset" 994
"D:/GitHub/Feisty-Heisty/Feisty_Heisty/Content/PolygonCity/Meshes/Buildings/SM_Bld_Apartment_01.uexp" 995
"D:/GitHub/Feisty-Heisty/Feisty_Heisty/Content/PolygonCity/Meshes/Environments/SM_Env_WaterEdge_Straight_03.ubulk" 996
"D:/GitHub/Feisty-Heisty/Feisty_Heisty/Content/PolygonCity/Meshes/Environments/SM_Env_WaterEdge_Straight_03.uasset" 997
"D:/GitHub/Feisty-Heisty/Feisty_Heisty/Content/PolygonCity/Meshes/Environments/SM_Env_WaterEdge_Straight_03.uexp" 998
"D:/GitHub/Feisty-Heisty/Feisty_Heisty/Content/PolygonCity/Meshes/Environments/SM_Env_WaterEdge_Straight_02.ubulk" 999
"D:/GitHub/Feisty-Heisty/Feisty_Heisty/Content/PolygonCity/Meshes/Environments/SM_Env_WaterEdge_Straight_02.uasset" 1000
"D:/GitHub/Feisty-Heisty/Feisty_Heisty/Content/PolygonCity/Meshes/Environments/SM_Env_WaterEdge_Straight_02.uexp" 1001
"D:/GitHub/Feisty-Heisty/Feisty_Heisty/Content/PolygonCity/Meshes/Environments/SM_Env_WaterEdge_Straight_01.ubulk" 1002
"D:/GitHub/Feisty-Heisty/Feisty_Heisty/Content/PolygonCity/Meshes/Environments/SM_Env_WaterEdge_Straight_01.uasset" 1003
"D:/GitHub/Feisty-Heisty/Feisty_Heisty/Content/PolygonCity/Meshes/Environments/SM_Env_WaterEdge_Straight_01.uexp" 1004
"D:/GitHub/Feisty-Heisty/Feisty_Heisty/Content/PolygonCity/Meshes/Environments/SM_Env_WaterEdge_Rock_01.ubulk" 1005
"D:/GitHub/Feisty-Heisty/Feisty_Heisty/Content/PolygonCity/Meshes/Environments/SM_Env_WaterEdge_Rock_01.uasset" 1006
"D:/GitHub/Feisty-Heisty/Feisty_Heisty/Content/PolygonCity/Meshes/Environments/SM_Env_WaterEdge_Rock_01.uexp" 1007
"D:/GitHub/Feisty-Heisty/Feisty_Heisty/Content/PolygonCity/Meshes/Environments/SM_Env_WaterEdge_Pipe_01.ubulk" 1008
"D:/GitHub/Feisty-Heisty/Feisty_Heisty/Content/PolygonCity/Meshes/Environments/SM_Env_WaterEdge_Pipe_01.uasset" 1009
"D:/GitHub/Feisty-Heisty/Feisty_Heisty/Content/PolygonCity/Meshes/Environments/SM_Env_WaterEdge_Pipe_01.uexp" 1010
"D:/GitHub/Feisty-Heisty/Feisty_Heisty/Content/PolygonCity/Meshes/Environments/SM_Env_WaterEdge_Corner_02.ubulk" 1011
"D:/GitHub/Feisty-Heisty/Feisty_Heisty/Content/PolygonCity/Meshes/Environments/SM_Env_WaterEdge_Corner_02.uasset" 1012
"D:/GitHub/Feisty-Heisty/Feisty_Heisty/Content/PolygonCity/Meshes/Environments/SM_Env_WaterEdge_Corner_02.uexp" 1013
"D:/GitHub/Feisty-Heisty/Feisty_Heisty/Content/PolygonCity/Meshes/Environments/SM_Env_WaterEdge_Corner_01.ubulk" 1014
"D:/GitHub/Feisty-Heisty/Feisty_Heisty/Content/PolygonCity/Meshes/Environments/SM_Env_WaterEdge_Corner_01.uasset" 1015
"D:/GitHub/Feisty-Heisty/Feisty_Heisty/Content/PolygonCity/Meshes/Environments/SM_Env_WaterEdge_Corner_01.uexp" 1016
"../../../Engine/Content/Functions/Engine_MaterialFunctions01/WorldPositionOffset/SimpleGrassWind.uasset" 1017
"../../../Engine/Content/Functions/Engine_MaterialFunctions01/WorldPositionOffset/SimpleGrassWind.uexp" 1018
"D:/GitHub/Feisty-Heisty/Feisty_Heisty/Content/PolygonCity/Materials/Mat_PolygonCity_Water.uasset" 1019
"D:/GitHub/Feisty-Heisty/Feisty_Heisty/Content/PolygonCity/Materials/Mat_PolygonCity_Water.uexp" 1020
"D:/GitHub/Feisty-Heisty/Feisty_Heisty/Content/PolygonCity/Meshes/Environments/SM_Env_Unreal_Water.ubulk" 1021
"D:/GitHub/Feisty-Heisty/Feisty_Heisty/Content/PolygonCity/Meshes/Environments/SM_Env_Unreal_Water.uasset" 1022
"D:/GitHub/Feisty-Heisty/Feisty_Heisty/Content/PolygonCity/Meshes/Environments/SM_Env_Unreal_Water.uexp" 1023
"D:/GitHub/Feisty-Heisty/Feisty_Heisty/Content/PolygonCity/Meshes/Environments/SM_Env_Tree_02.ubulk" 1024
"D:/GitHub/Feisty-Heisty/Feisty_Heisty/Content/PolygonCity/Meshes/Environments/SM_Env_Tree_02.uasset" 1025
"D:/GitHub/Feisty-Heisty/Feisty_Heisty/Content/PolygonCity/Meshes/Environments/SM_Env_Tree_02.uexp" 1026
"D:/GitHub/Feisty-Heisty/Feisty_Heisty/Content/PolygonCity/Meshes/Environments/SM_Env_Tree_01.ubulk" 1027
"D:/GitHub/Feisty-Heisty/Feisty_Heisty/Content/PolygonCity/Meshes/Environments/SM_Env_Tree_01.uasset" 1028
"D:/GitHub/Feisty-Heisty/Feisty_Heisty/Content/PolygonCity/Meshes/Environments/SM_Env_Tree_01.uexp" 1029
"D:/GitHub/Feisty-Heisty/Feisty_Heisty/Content/PolygonCity/Meshes/Environments/SM_Env_SubwayEntrance_02.ubulk" 1030
"D:/GitHub/Feisty-Heisty/Feisty_Heisty/Content/PolygonCity/Meshes/Environments/SM_Env_SubwayEntrance_02.uasset" 1031
"D:/GitHub/Feisty-Heisty/Feisty_Heisty/Content/PolygonCity/Meshes/Environments/SM_Env_SubwayEntrance_02.uexp" 1032
"D:/GitHub/Feisty-Heisty/Feisty_Heisty/Content/PolygonCity/Meshes/Environments/SM_Env_SubwayEntrance_01_Glass.ubulk" 1033
"D:/GitHub/Feisty-Heisty/Feisty_Heisty/Content/PolygonCity/Meshes/Environments/SM_Env_SubwayEntrance_01_Glass.uasset" 1034
"D:/GitHub/Feisty-Heisty/Feisty_Heisty/Content/PolygonCity/Meshes/Environments/SM_Env_SubwayEntrance_01_Glass.uexp" 1035
"D:/GitHub/Feisty-Heisty/Feisty_Heisty/Content/PolygonCity/Meshes/Environments/SM_Env_SubwayEntrance_01.ubulk" 1036
"D:/GitHub/Feisty-Heisty/Feisty_Heisty/Content/PolygonCity/Meshes/Environments/SM_Env_SubwayEntrance_01.uasset" 1037
"D:/GitHub/Feisty-Heisty/Feisty_Heisty/Content/PolygonCity/Meshes/Environments/SM_Env_SubwayEntrance_01.uexp" 1038
"D:/GitHub/Feisty-Heisty/Feisty_Heisty/Content/PolygonCity/Meshes/Environments/SM_Env_Street_Divider_02.ubulk" 1039
"D:/GitHub/Feisty-Heisty/Feisty_Heisty/Content/PolygonCity/Meshes/Environments/SM_Env_Street_Divider_02.uasset" 1040
"D:/GitHub/Feisty-Heisty/Feisty_Heisty/Content/PolygonCity/Meshes/Environments/SM_Env_Street_Divider_02.uexp" 1041
"D:/GitHub/Feisty-Heisty/Feisty_Heisty/Content/PolygonCity/Meshes/Environments/SM_Env_Street_Divider_01.ubulk" 1042
"D:/GitHub/Feisty-Heisty/Feisty_Heisty/Content/PolygonCity/Meshes/Environments/SM_Env_Street_Divider_01.uasset" 1043
"D:/GitHub/Feisty-Heisty/Feisty_Heisty/Content/PolygonCity/Meshes/Environments/SM_Env_Street_Divider_01.uexp" 1044
"D:/GitHub/Feisty-Heisty/Feisty_Heisty/Content/PolygonCity/Textures/T_PolygonCity_Texture_Skyline.ubulk" 1045
"D:/GitHub/Feisty-Heisty/Feisty_Heisty/Content/PolygonCity/Textures/T_PolygonCity_Texture_Skyline.uasset" 1046
"D:/GitHub/Feisty-Heisty/Feisty_Heisty/Content/PolygonCity/Textures/T_PolygonCity_Texture_Skyline.uexp" 1047
"D:/GitHub/Feisty-Heisty/Feisty_Heisty/Content/PolygonCity/Materials/Mat_PolygonCity_Skyline.uasset" 1048
"D:/GitHub/Feisty-Heisty/Feisty_Heisty/Content/PolygonCity/Materials/Mat_PolygonCity_Skyline.uexp" 1049
"D:/GitHub/Feisty-Heisty/Feisty_Heisty/Content/PolygonCity/Meshes/Environments/SM_Env_Skyline_04.ubulk" 1050
"D:/GitHub/Feisty-Heisty/Feisty_Heisty/Content/PolygonCity/Meshes/Environments/SM_Env_Skyline_04.uasset" 1051
"D:/GitHub/Feisty-Heisty/Feisty_Heisty/Content/PolygonCity/Meshes/Environments/SM_Env_Skyline_04.uexp" 1052
"D:/GitHub/Feisty-Heisty/Feisty_Heisty/Content/PolygonCity/Meshes/Environments/SM_Env_Skyline_03.ubulk" 1053
"D:/GitHub/Feisty-Heisty/Feisty_Heisty/Content/PolygonCity/Meshes/Environments/SM_Env_Skyline_03.uasset" 1054
"D:/GitHub/Feisty-Heisty/Feisty_Heisty/Content/PolygonCity/Meshes/Environments/SM_Env_Skyline_03.uexp" 1055
"D:/GitHub/Feisty-Heisty/Feisty_Heisty/Content/PolygonCity/Meshes/Environments/SM_Env_Skyline_02.ubulk" 1056
"D:/GitHub/Feisty-Heisty/Feisty_Heisty/Content/PolygonCity/Meshes/Environments/SM_Env_Skyline_02.uasset" 1057
"D:/GitHub/Feisty-Heisty/Feisty_Heisty/Content/PolygonCity/Meshes/Environments/SM_Env_Skyline_02.uexp" 1058
"D:/GitHub/Feisty-Heisty/Feisty_Heisty/Content/PolygonCity/Meshes/Environments/SM_Env_Skyline_01.ubulk" 1059
"D:/GitHub/Feisty-Heisty/Feisty_Heisty/Content/PolygonCity/Meshes/Environments/SM_Env_Skyline_01.uasset" 1060
"D:/GitHub/Feisty-Heisty/Feisty_Heisty/Content/PolygonCity/Meshes/Environments/SM_Env_Skyline_01.uexp" 1061
"D:/GitHub/Feisty-Heisty/Feisty_Heisty/Content/PolygonCity/Meshes/Environments/SM_Env_Sidewalk_Straight_02.ubulk" 1062
"D:/GitHub/Feisty-Heisty/Feisty_Heisty/Content/PolygonCity/Meshes/Environments/SM_Env_Sidewalk_Straight_02.uasset" 1063
"D:/GitHub/Feisty-Heisty/Feisty_Heisty/Content/PolygonCity/Meshes/Environments/SM_Env_Sidewalk_Straight_02.uexp" 1064
"D:/GitHub/Feisty-Heisty/Feisty_Heisty/Content/PolygonCity/Meshes/Environments/SM_Env_Sidewalk_Straight_01.ubulk" 1065
"D:/GitHub/Feisty-Heisty/Feisty_Heisty/Content/PolygonCity/Meshes/Environments/SM_Env_Sidewalk_Straight_01.uasset" 1066
"D:/GitHub/Feisty-Heisty/Feisty_Heisty/Content/PolygonCity/Meshes/Environments/SM_Env_Sidewalk_Straight_01.uexp" 1067
"D:/GitHub/Feisty-Heisty/Feisty_Heisty/Content/PolygonCity/Meshes/Environments/SM_Env_Sidewalk_Panel_02.ubulk" 1068
"D:/GitHub/Feisty-Heisty/Feisty_Heisty/Content/PolygonCity/Meshes/Environments/SM_Env_Sidewalk_Panel_02.uasset" 1069
"D:/GitHub/Feisty-Heisty/Feisty_Heisty/Content/PolygonCity/Meshes/Environments/SM_Env_Sidewalk_Panel_02.uexp" 1070
"D:/GitHub/Feisty-Heisty/Feisty_Heisty/Content/PolygonCity/Meshes/Environments/SM_Env_Sidewalk_Panel_01.ubulk" 1071
"D:/GitHub/Feisty-Heisty/Feisty_Heisty/Content/PolygonCity/Meshes/Environments/SM_Env_Sidewalk_Panel_01.uasset" 1072
"D:/GitHub/Feisty-Heisty/Feisty_Heisty/Content/PolygonCity/Meshes/Environments/SM_Env_Sidewalk_Panel_01.uexp" 1073
"D:/GitHub/Feisty-Heisty/Feisty_Heisty/Content/PolygonCity/Meshes/Environments/SM_Env_Sidewalk_Merger_01.ubulk" 1074
"D:/GitHub/Feisty-Heisty/Feisty_Heisty/Content/PolygonCity/Meshes/Environments/SM_Env_Sidewalk_Merger_01.uasset" 1075
"D:/GitHub/Feisty-Heisty/Feisty_Heisty/Content/PolygonCity/Meshes/Environments/SM_Env_Sidewalk_Merger_01.uexp" 1076
"D:/GitHub/Feisty-Heisty/Feisty_Heisty/Content/PolygonCity/Meshes/Environments/SM_Env_Sidewalk_Gutter_01.ubulk" 1077
"D:/GitHub/Feisty-Heisty/Feisty_Heisty/Content/PolygonCity/Meshes/Environments/SM_Env_Sidewalk_Gutter_01.uasset" 1078
"D:/GitHub/Feisty-Heisty/Feisty_Heisty/Content/PolygonCity/Meshes/Environments/SM_Env_Sidewalk_Gutter_01.uexp" 1079
"D:/GitHub/Feisty-Heisty/Feisty_Heisty/Content/PolygonCity/Meshes/Environments/SM_Env_Sidewalk_Grate_02.ubulk" 1080
"D:/GitHub/Feisty-Heisty/Feisty_Heisty/Content/PolygonCity/Meshes/Environments/SM_Env_Sidewalk_Grate_02.uasset" 1081
"D:/GitHub/Feisty-Heisty/Feisty_Heisty/Content/PolygonCity/Meshes/Environments/SM_Env_Sidewalk_Grate_02.uexp" 1082
"D:/GitHub/Feisty-Heisty/Feisty_Heisty/Content/PolygonCity/Meshes/Environments/SM_Env_Sidewalk_Grate_01.ubulk" 1083
"D:/GitHub/Feisty-Heisty/Feisty_Heisty/Content/PolygonCity/Meshes/Environments/SM_Env_Sidewalk_Grate_01.uasset" 1084
"D:/GitHub/Feisty-Heisty/Feisty_Heisty/Content/PolygonCity/Meshes/Environments/SM_Env_Sidewalk_Grate_01.uexp" 1085
"D:/GitHub/Feisty-Heisty/Feisty_Heisty/Content/PolygonCity/Meshes/Environments/SM_Env_Sidewalk_Dip_Corner_01.ubulk" 1086
"D:/GitHub/Feisty-Heisty/Feisty_Heisty/Content/PolygonCity/Meshes/Environments/SM_Env_Sidewalk_Dip_Corner_01.uasset" 1087
"D:/GitHub/Feisty-Heisty/Feisty_Heisty/Content/PolygonCity/Meshes/Environments/SM_Env_Sidewalk_Dip_Corner_01.uexp" 1088
"D:/GitHub/Feisty-Heisty/Feisty_Heisty/Content/PolygonCity/Meshes/Environments/SM_Env_Sidewalk_Corner_02.ubulk" 1089
"D:/GitHub/Feisty-Heisty/Feisty_Heisty/Content/PolygonCity/Meshes/Environments/SM_Env_Sidewalk_Corner_02.uasset" 1090
"D:/GitHub/Feisty-Heisty/Feisty_Heisty/Content/PolygonCity/Meshes/Environments/SM_Env_Sidewalk_Corner_02.uexp" 1091
"D:/GitHub/Feisty-Heisty/Feisty_Heisty/Content/PolygonCity/Meshes/Environments/SM_Env_Sidewalk_Corner_01.ubulk" 1092
"D:/GitHub/Feisty-Heisty/Feisty_Heisty/Content/PolygonCity/Meshes/Environments/SM_Env_Sidewalk_Corner_01.uasset" 1093
"D:/GitHub/Feisty-Heisty/Feisty_Heisty/Content/PolygonCity/Meshes/Environments/SM_Env_Sidewalk_Corner_01.uexp" 1094
"D:/GitHub/Feisty-Heisty/Feisty_Heisty/Content/PolygonCity/Meshes/Environments/SM_Env_Sidewalk_Construction_01.ubulk" 1095
"D:/GitHub/Feisty-Heisty/Feisty_Heisty/Content/PolygonCity/Meshes/Environments/SM_Env_Sidewalk_Construction_01.uasset" 1096
"D:/GitHub/Feisty-Heisty/Feisty_Heisty/Content/PolygonCity/Meshes/Environments/SM_Env_Sidewalk_Construction_01.uexp" 1097
"D:/GitHub/Feisty-Heisty/Feisty_Heisty/Content/PolygonCity/Meshes/Environments/SM_Env_Sidewalk_01.ubulk" 1098
"D:/GitHub/Feisty-Heisty/Feisty_Heisty/Content/PolygonCity/Meshes/Environments/SM_Env_Sidewalk_01.uasset" 1099
"D:/GitHub/Feisty-Heisty/Feisty_Heisty/Content/PolygonCity/Meshes/Environments/SM_Env_Sidewalk_01.uexp" 1100
"D:/GitHub/Feisty-Heisty/Feisty_Heisty/Content/PolygonCity/Textures/T_PolygonCity_Road_01.ubulk" 1101
"D:/GitHub/Feisty-Heisty/Feisty_Heisty/Content/PolygonCity/Textures/T_PolygonCity_Road_01.uasset" 1102
"D:/GitHub/Feisty-Heisty/Feisty_Heisty/Content/PolygonCity/Textures/T_PolygonCity_Road_01.uexp" 1103
"D:/GitHub/Feisty-Heisty/Feisty_Heisty/Content/PolygonCity/Materials/Mat_PolygonCity_Texture_Road_01.uasset" 1104
"D:/GitHub/Feisty-Heisty/Feisty_Heisty/Content/PolygonCity/Materials/Mat_PolygonCity_Texture_Road_01.uexp" 1105
"D:/GitHub/Feisty-Heisty/Feisty_Heisty/Content/PolygonCity/Meshes/Environments/SM_Env_Road_YellowLines_02.ubulk" 1106
"D:/GitHub/Feisty-Heisty/Feisty_Heisty/Content/PolygonCity/Meshes/Environments/SM_Env_Road_YellowLines_02.uasset" 1107
"D:/GitHub/Feisty-Heisty/Feisty_Heisty/Content/PolygonCity/Meshes/Environments/SM_Env_Road_YellowLines_02.uexp" 1108
"D:/GitHub/Feisty-Heisty/Feisty_Heisty/Content/PolygonCity/Meshes/Environments/SM_Env_Road_YellowLines_01.ubulk" 1109
"D:/GitHub/Feisty-Heisty/Feisty_Heisty/Content/PolygonCity/Meshes/Environments/SM_Env_Road_YellowLines_01.uasset" 1110
"D:/GitHub/Feisty-Heisty/Feisty_Heisty/Content/PolygonCity/Meshes/Environments/SM_Env_Road_YellowLines_01.uexp" 1111
"D:/GitHub/Feisty-Heisty/Feisty_Heisty/Content/PolygonCity/Meshes/Environments/SM_Env_Road_Patch_01.ubulk" 1112
"D:/GitHub/Feisty-Heisty/Feisty_Heisty/Content/PolygonCity/Meshes/Environments/SM_Env_Road_Patch_01.uasset" 1113
"D:/GitHub/Feisty-Heisty/Feisty_Heisty/Content/PolygonCity/Meshes/Environments/SM_Env_Road_Patch_01.uexp" 1114
"D:/GitHub/Feisty-Heisty/Feisty_Heisty/Content/PolygonCity/Meshes/Environments/SM_Env_Road_ParkingLines_01.ubulk" 1115
"D:/GitHub/Feisty-Heisty/Feisty_Heisty/Content/PolygonCity/Meshes/Environments/SM_Env_Road_ParkingLines_01.uasset" 1116
"D:/GitHub/Feisty-Heisty/Feisty_Heisty/Content/PolygonCity/Meshes/Environments/SM_Env_Road_ParkingLines_01.uexp" 1117
"D:/GitHub/Feisty-Heisty/Feisty_Heisty/Content/PolygonCity/Meshes/Environments/SM_Env_Road_Median_02.ubulk" 1118
"D:/GitHub/Feisty-Heisty/Feisty_Heisty/Content/PolygonCity/Meshes/Environments/SM_Env_Road_Median_02.uasset" 1119
"D:/GitHub/Feisty-Heisty/Feisty_Heisty/Content/PolygonCity/Meshes/Environments/SM_Env_Road_Median_02.uexp" 1120
"D:/GitHub/Feisty-Heisty/Feisty_Heisty/Content/PolygonCity/Meshes/Environments/SM_Env_Road_Median_01.ubulk" 1121
"D:/GitHub/Feisty-Heisty/Feisty_Heisty/Content/PolygonCity/Meshes/Environments/SM_Env_Road_Median_01.uasset" 1122
"D:/GitHub/Feisty-Heisty/Feisty_Heisty/Content/PolygonCity/Meshes/Environments/SM_Env_Road_Median_01.uexp" 1123
"D:/GitHub/Feisty-Heisty/Feisty_Heisty/Content/PolygonCity/Meshes/Environments/SM_Env_Road_Lines_02.ubulk" 1124
"D:/GitHub/Feisty-Heisty/Feisty_Heisty/Content/PolygonCity/Meshes/Environments/SM_Env_Road_Lines_02.uasset" 1125
"D:/GitHub/Feisty-Heisty/Feisty_Heisty/Content/PolygonCity/Meshes/Environments/SM_Env_Road_Lines_02.uexp" 1126
"D:/GitHub/Feisty-Heisty/Feisty_Heisty/Content/PolygonCity/Meshes/Environments/SM_Env_Road_Lines_01.ubulk" 1127
"D:/GitHub/Feisty-Heisty/Feisty_Heisty/Content/PolygonCity/Meshes/Environments/SM_Env_Road_Lines_01.uasset" 1128
"D:/GitHub/Feisty-Heisty/Feisty_Heisty/Content/PolygonCity/Meshes/Environments/SM_Env_Road_Lines_01.uexp" 1129
"D:/GitHub/Feisty-Heisty/Feisty_Heisty/Content/PolygonCity/Meshes/Environments/SM_Env_Road_Crossing_01.ubulk" 1130
"D:/GitHub/Feisty-Heisty/Feisty_Heisty/Content/PolygonCity/Meshes/Environments/SM_Env_Road_Crossing_01.uasset" 1131
"D:/GitHub/Feisty-Heisty/Feisty_Heisty/Content/PolygonCity/Meshes/Environments/SM_Env_Road_Crossing_01.uexp" 1132
"D:/GitHub/Feisty-Heisty/Feisty_Heisty/Content/PolygonCity/Meshes/Environments/SM_Env_Road_03.ubulk" 1133
"D:/GitHub/Feisty-Heisty/Feisty_Heisty/Content/PolygonCity/Meshes/Environments/SM_Env_Road_03.uasset" 1134
"D:/GitHub/Feisty-Heisty/Feisty_Heisty/Content/PolygonCity/Meshes/Environments/SM_Env_Road_03.uexp" 1135
"D:/GitHub/Feisty-Heisty/Feisty_Heisty/Content/PolygonCity/Meshes/Environments/SM_Env_Road_02.ubulk" 1136
"D:/GitHub/Feisty-Heisty/Feisty_Heisty/Content/PolygonCity/Meshes/Environments/SM_Env_Road_02.uasset" 1137
"D:/GitHub/Feisty-Heisty/Feisty_Heisty/Content/PolygonCity/Meshes/Environments/SM_Env_Road_02.uexp" 1138
"D:/GitHub/Feisty-Heisty/Feisty_Heisty/Content/PolygonCity/Meshes/Environments/SM_Env_Road_01.ubulk" 1139
"D:/GitHub/Feisty-Heisty/Feisty_Heisty/Content/PolygonCity/Meshes/Environments/SM_Env_Road_01.uasset" 1140
"D:/GitHub/Feisty-Heisty/Feisty_Heisty/Content/PolygonCity/Meshes/Environments/SM_Env_Road_01.uexp" 1141
"D:/GitHub/Feisty-Heisty/Feisty_Heisty/Content/PolygonCity/Meshes/Environments/SM_Env_Path_T_01.ubulk" 1142
"D:/GitHub/Feisty-Heisty/Feisty_Heisty/Content/PolygonCity/Meshes/Environments/SM_Env_Path_T_01.uasset" 1143
"D:/GitHub/Feisty-Heisty/Feisty_Heisty/Content/PolygonCity/Meshes/Environments/SM_Env_Path_T_01.uexp" 1144
"D:/GitHub/Feisty-Heisty/Feisty_Heisty/Content/PolygonCity/Meshes/Environments/SM_Env_Path_Straight_01.ubulk" 1145
"D:/GitHub/Feisty-Heisty/Feisty_Heisty/Content/PolygonCity/Meshes/Environments/SM_Env_Path_Straight_01.uasset" 1146
"D:/GitHub/Feisty-Heisty/Feisty_Heisty/Content/PolygonCity/Meshes/Environments/SM_Env_Path_Straight_01.uexp" 1147
"D:/GitHub/Feisty-Heisty/Feisty_Heisty/Content/PolygonCity/Meshes/Environments/SM_Env_Path_Junction_01.ubulk" 1148
"D:/GitHub/Feisty-Heisty/Feisty_Heisty/Content/PolygonCity/Meshes/Environments/SM_Env_Path_Junction_01.uasset" 1149
"D:/GitHub/Feisty-Heisty/Feisty_Heisty/Content/PolygonCity/Meshes/Environments/SM_Env_Path_Junction_01.uexp" 1150
"D:/GitHub/Feisty-Heisty/Feisty_Heisty/Content/PolygonCity/Meshes/Environments/SM_Env_Path_Corner_01.ubulk" 1151
"D:/GitHub/Feisty-Heisty/Feisty_Heisty/Content/PolygonCity/Meshes/Environments/SM_Env_Path_Corner_01.uasset" 1152
"D:/GitHub/Feisty-Heisty/Feisty_Heisty/Content/PolygonCity/Meshes/Environments/SM_Env_Path_Corner_01.uexp" 1153
"D:/GitHub/Feisty-Heisty/Feisty_Heisty/Content/PolygonCity/Meshes/Environments/SM_Env_Grass_01.ubulk" 1154
"D:/GitHub/Feisty-Heisty/Feisty_Heisty/Content/PolygonCity/Meshes/Environments/SM_Env_Grass_01.uasset" 1155
"D:/GitHub/Feisty-Heisty/Feisty_Heisty/Content/PolygonCity/Meshes/Environments/SM_Env_Grass_01.uexp" 1156
"D:/GitHub/Feisty-Heisty/Feisty_Heisty/Content/PolygonCity/Meshes/Environments/SM_Env_GrassPath_T_01.ubulk" 1157
"D:/GitHub/Feisty-Heisty/Feisty_Heisty/Content/PolygonCity/Meshes/Environments/SM_Env_GrassPath_T_01.uasset" 1158
"D:/GitHub/Feisty-Heisty/Feisty_Heisty/Content/PolygonCity/Meshes/Environments/SM_Env_GrassPath_T_01.uexp" 1159
"D:/GitHub/Feisty-Heisty/Feisty_Heisty/Content/PolygonCity/Meshes/Environments/SM_Env_GrassPath_Straight_01.ubulk" 1160
"D:/GitHub/Feisty-Heisty/Feisty_Heisty/Content/PolygonCity/Meshes/Environments/SM_Env_GrassPath_Straight_01.uasset" 1161
"D:/GitHub/Feisty-Heisty/Feisty_Heisty/Content/PolygonCity/Meshes/Environments/SM_Env_GrassPath_Straight_01.uexp" 1162
"D:/GitHub/Feisty-Heisty/Feisty_Heisty/Content/PolygonCity/Meshes/Environments/SM_Env_GrassPath_Junction_01.ubulk" 1163
"D:/GitHub/Feisty-Heisty/Feisty_Heisty/Content/PolygonCity/Meshes/Environments/SM_Env_GrassPath_Junction_01.uasset" 1164
"D:/GitHub/Feisty-Heisty/Feisty_Heisty/Content/PolygonCity/Meshes/Environments/SM_Env_GrassPath_Junction_01.uexp" 1165
"D:/GitHub/Feisty-Heisty/Feisty_Heisty/Content/PolygonCity/Meshes/Environments/SM_Env_GrassPath_Corner_01.ubulk" 1166
"D:/GitHub/Feisty-Heisty/Feisty_Heisty/Content/PolygonCity/Meshes/Environments/SM_Env_GrassPath_Corner_01.uasset" 1167
"D:/GitHub/Feisty-Heisty/Feisty_Heisty/Content/PolygonCity/Meshes/Environments/SM_Env_GrassPath_Corner_01.uexp" 1168
"D:/GitHub/Feisty-Heisty/Feisty_Heisty/Content/PolygonCity/Meshes/Environments/SM_Env_Flower_01.ubulk" 1169
"D:/GitHub/Feisty-Heisty/Feisty_Heisty/Content/PolygonCity/Meshes/Environments/SM_Env_Flower_01.uasset" 1170
"D:/GitHub/Feisty-Heisty/Feisty_Heisty/Content/PolygonCity/Meshes/Environments/SM_Env_Flower_01.uexp" 1171
"D:/GitHub/Feisty-Heisty/Feisty_Heisty/Content/PolygonCity/Meshes/Environments/SM_Env_Fence_Short.ubulk" 1172
"D:/GitHub/Feisty-Heisty/Feisty_Heisty/Content/PolygonCity/Meshes/Environments/SM_Env_Fence_Short.uasset" 1173
"D:/GitHub/Feisty-Heisty/Feisty_Heisty/Content/PolygonCity/Meshes/Environments/SM_Env_Fence_Short.uexp" 1174
"D:/GitHub/Feisty-Heisty/Feisty_Heisty/Content/PolygonCity/Meshes/Environments/SM_Env_Fence_End_01.ubulk" 1175
"D:/GitHub/Feisty-Heisty/Feisty_Heisty/Content/PolygonCity/Meshes/Environments/SM_Env_Fence_End_01.uasset" 1176
"D:/GitHub/Feisty-Heisty/Feisty_Heisty/Content/PolygonCity/Meshes/Environments/SM_Env_Fence_End_01.uexp" 1177
"D:/GitHub/Feisty-Heisty/Feisty_Heisty/Content/PolygonCity/Meshes/Environments/SM_Env_Fence_01.ubulk" 1178
"D:/GitHub/Feisty-Heisty/Feisty_Heisty/Content/PolygonCity/Meshes/Environments/SM_Env_Fence_01.uasset" 1179
"D:/GitHub/Feisty-Heisty/Feisty_Heisty/Content/PolygonCity/Meshes/Environments/SM_Env_Fence_01.uexp" 1180
"D:/GitHub/Feisty-Heisty/Feisty_Heisty/Content/PolygonCity/Meshes/Environments/SM_Env_Cloud_01.ubulk" 1181
"D:/GitHub/Feisty-Heisty/Feisty_Heisty/Content/PolygonCity/Meshes/Environments/SM_Env_Cloud_01.uasset" 1182
"D:/GitHub/Feisty-Heisty/Feisty_Heisty/Content/PolygonCity/Meshes/Environments/SM_Env_Cloud_01.uexp" 1183
"D:/GitHub/Feisty-Heisty/Feisty_Heisty/Content/PolygonCity/Meshes/Environments/SM_Env_Bridge_Wall_01.ubulk" 1184
"D:/GitHub/Feisty-Heisty/Feisty_Heisty/Content/PolygonCity/Meshes/Environments/SM_Env_Bridge_Wall_01.uasset" 1185
"D:/GitHub/Feisty-Heisty/Feisty_Heisty/Content/PolygonCity/Meshes/Environments/SM_Env_Bridge_Wall_01.uexp" 1186
"D:/GitHub/Feisty-Heisty/Feisty_Heisty/Content/PolygonCity/Meshes/Environments/SM_Env_Bridge_Underside_01.ubulk" 1187
"D:/GitHub/Feisty-Heisty/Feisty_Heisty/Content/PolygonCity/Meshes/Environments/SM_Env_Bridge_Underside_01.uasset" 1188
"D:/GitHub/Feisty-Heisty/Feisty_Heisty/Content/PolygonCity/Meshes/Environments/SM_Env_Bridge_Underside_01.uexp" 1189
"D:/GitHub/Feisty-Heisty/Feisty_Heisty/Content/PolygonCity/Meshes/Environments/SM_Env_Bridge_Support_01.ubulk" 1190
"D:/GitHub/Feisty-Heisty/Feisty_Heisty/Content/PolygonCity/Meshes/Environments/SM_Env_Bridge_Support_01.uasset" 1191
"D:/GitHub/Feisty-Heisty/Feisty_Heisty/Content/PolygonCity/Meshes/Environments/SM_Env_Bridge_Support_01.uexp" 1192
"D:/GitHub/Feisty-Heisty/Feisty_Heisty/Content/PolygonCity/Meshes/Environments/SM_Env_Bridge_Pillar_01.ubulk" 1193
"D:/GitHub/Feisty-Heisty/Feisty_Heisty/Content/PolygonCity/Meshes/Environments/SM_Env_Bridge_Pillar_01.uasset" 1194
"D:/GitHub/Feisty-Heisty/Feisty_Heisty/Content/PolygonCity/Meshes/Environments/SM_Env_Bridge_Pillar_01.uexp" 1195
"D:/GitHub/Feisty-Heisty/Feisty_Heisty/Content/PolygonCity/Meshes/Environments/SM_Env_Bridge_Edge_01.ubulk" 1196
"D:/GitHub/Feisty-Heisty/Feisty_Heisty/Content/PolygonCity/Meshes/Environments/SM_Env_Bridge_Edge_01.uasset" 1197
"D:/GitHub/Feisty-Heisty/Feisty_Heisty/Content/PolygonCity/Meshes/Environments/SM_Env_Bridge_Edge_01.uexp" 1198
"D:/GitHub/Feisty-Heisty/Feisty_Heisty/Content/PolygonCity/Meshes/Environments/SM_Diagnostic_Plane_01.ubulk" 1199
"D:/GitHub/Feisty-Heisty/Feisty_Heisty/Content/PolygonCity/Meshes/Environments/SM_Diagnostic_Plane_01.uasset" 1200
"D:/GitHub/Feisty-Heisty/Feisty_Heisty/Content/PolygonCity/Meshes/Environments/SM_Diagnostic_Plane_01.uexp" 1201
"D:/GitHub/Feisty-Heisty/Feisty_Heisty/Content/PolygonCity/Meshes/Props/SM_Prop_Window_01.ubulk" 1202
"D:/GitHub/Feisty-Heisty/Feisty_Heisty/Content/PolygonCity/Meshes/Props/SM_Prop_Window_01.uasset" 1203
"D:/GitHub/Feisty-Heisty/Feisty_Heisty/Content/PolygonCity/Meshes/Props/SM_Prop_Window_01.uexp" 1204
"D:/GitHub/Feisty-Heisty/Feisty_Heisty/Content/PolygonCity/Meshes/Props/SM_Prop_Water_Tower_01.ubulk" 1205
"D:/GitHub/Feisty-Heisty/Feisty_Heisty/Content/PolygonCity/Meshes/Props/SM_Prop_Water_Tower_01.uasset" 1206
"D:/GitHub/Feisty-Heisty/Feisty_Heisty/Content/PolygonCity/Meshes/Props/SM_Prop_Water_Tower_01.uexp" 1207
"D:/GitHub/Feisty-Heisty/Feisty_Heisty/Content/PolygonCity/Meshes/Props/SM_Prop_Washingline_04.ubulk" 1208
"D:/GitHub/Feisty-Heisty/Feisty_Heisty/Content/PolygonCity/Meshes/Props/SM_Prop_Washingline_04.uasset" 1209
"D:/GitHub/Feisty-Heisty/Feisty_Heisty/Content/PolygonCity/Meshes/Props/SM_Prop_Washingline_04.uexp" 1210
"D:/GitHub/Feisty-Heisty/Feisty_Heisty/Content/PolygonCity/Meshes/Props/SM_Prop_Washingline_03.ubulk" 1211
"D:/GitHub/Feisty-Heisty/Feisty_Heisty/Content/PolygonCity/Meshes/Props/SM_Prop_Washingline_03.uasset" 1212
"D:/GitHub/Feisty-Heisty/Feisty_Heisty/Content/PolygonCity/Meshes/Props/SM_Prop_Washingline_03.uexp" 1213
"D:/GitHub/Feisty-Heisty/Feisty_Heisty/Content/PolygonCity/Meshes/Props/SM_Prop_Washingline_02.ubulk" 1214
"D:/GitHub/Feisty-Heisty/Feisty_Heisty/Content/PolygonCity/Meshes/Props/SM_Prop_Washingline_02.uasset" 1215
"D:/GitHub/Feisty-Heisty/Feisty_Heisty/Content/PolygonCity/Meshes/Props/SM_Prop_Washingline_02.uexp" 1216
"D:/GitHub/Feisty-Heisty/Feisty_Heisty/Content/PolygonCity/Meshes/Props/SM_Prop_Washingline_01.ubulk" 1217
"D:/GitHub/Feisty-Heisty/Feisty_Heisty/Content/PolygonCity/Meshes/Props/SM_Prop_Washingline_01.uasset" 1218
"D:/GitHub/Feisty-Heisty/Feisty_Heisty/Content/PolygonCity/Meshes/Props/SM_Prop_Washingline_01.uexp" 1219
"D:/GitHub/Feisty-Heisty/Feisty_Heisty/Content/PolygonCity/Meshes/Props/SM_Prop_Vents_Wide_01.ubulk" 1220
"D:/GitHub/Feisty-Heisty/Feisty_Heisty/Content/PolygonCity/Meshes/Props/SM_Prop_Vents_Wide_01.uasset" 1221
"D:/GitHub/Feisty-Heisty/Feisty_Heisty/Content/PolygonCity/Meshes/Props/SM_Prop_Vents_Wide_01.uexp" 1222
"D:/GitHub/Feisty-Heisty/Feisty_Heisty/Content/PolygonCity/Meshes/Props/SM_Prop_Vents_Transition_01.ubulk" 1223
"D:/GitHub/Feisty-Heisty/Feisty_Heisty/Content/PolygonCity/Meshes/Props/SM_Prop_Vents_Transition_01.uasset" 1224
"D:/GitHub/Feisty-Heisty/Feisty_Heisty/Content/PolygonCity/Meshes/Props/SM_Prop_Vents_Transition_01.uexp" 1225
"D:/GitHub/Feisty-Heisty/Feisty_Heisty/Content/PolygonCity/Meshes/Props/SM_Prop_Vents_Straight_01.ubulk" 1226
"D:/GitHub/Feisty-Heisty/Feisty_Heisty/Content/PolygonCity/Meshes/Props/SM_Prop_Vents_Straight_01.uasset" 1227
"D:/GitHub/Feisty-Heisty/Feisty_Heisty/Content/PolygonCity/Meshes/Props/SM_Prop_Vents_Straight_01.uexp" 1228
"D:/GitHub/Feisty-Heisty/Feisty_Heisty/Content/PolygonCity/Meshes/Props/SM_Prop_Vents_Exhaust_01.ubulk" 1229
"D:/GitHub/Feisty-Heisty/Feisty_Heisty/Content/PolygonCity/Meshes/Props/SM_Prop_Vents_Exhaust_01.uasset" 1230
"D:/GitHub/Feisty-Heisty/Feisty_Heisty/Content/PolygonCity/Meshes/Props/SM_Prop_Vents_Exhaust_01.uexp" 1231
"D:/GitHub/Feisty-Heisty/Feisty_Heisty/Content/PolygonCity/Meshes/Props/SM_Prop_Vents_End_01.ubulk" 1232
"D:/GitHub/Feisty-Heisty/Feisty_Heisty/Content/PolygonCity/Meshes/Props/SM_Prop_Vents_End_01.uasset" 1233
"D:/GitHub/Feisty-Heisty/Feisty_Heisty/Content/PolygonCity/Meshes/Props/SM_Prop_Vents_End_01.uexp" 1234
"D:/GitHub/Feisty-Heisty/Feisty_Heisty/Content/PolygonCity/Meshes/Props/SM_Prop_Vents_Corner_02.ubulk" 1235
"D:/GitHub/Feisty-Heisty/Feisty_Heisty/Content/PolygonCity/Meshes/Props/SM_Prop_Vents_Corner_02.uasset" 1236
"D:/GitHub/Feisty-Heisty/Feisty_Heisty/Content/PolygonCity/Meshes/Props/SM_Prop_Vents_Corner_02.uexp" 1237
"D:/GitHub/Feisty-Heisty/Feisty_Heisty/Content/PolygonCity/Meshes/Props/SM_Prop_Vents_Corner_01.ubulk" 1238
"D:/GitHub/Feisty-Heisty/Feisty_Heisty/Content/PolygonCity/Meshes/Props/SM_Prop_Vents_Corner_01.uasset" 1239
"D:/GitHub/Feisty-Heisty/Feisty_Heisty/Content/PolygonCity/Meshes/Props/SM_Prop_Vents_Corner_01.uexp" 1240
"D:/GitHub/Feisty-Heisty/Feisty_Heisty/Content/PolygonCity/Meshes/Props/SM_Prop_Umbrella_01.ubulk" 1241
"D:/GitHub/Feisty-Heisty/Feisty_Heisty/Content/PolygonCity/Meshes/Props/SM_Prop_Umbrella_01.uasset" 1242
"D:/GitHub/Feisty-Heisty/Feisty_Heisty/Content/PolygonCity/Meshes/Props/SM_Prop_Umbrella_01.uexp" 1243
"D:/GitHub/Feisty-Heisty/Feisty_Heisty/Content/PolygonCity/Meshes/Props/SM_Prop_TrashCan_Lid_01.ubulk" 1244
"D:/GitHub/Feisty-Heisty/Feisty_Heisty/Content/PolygonCity/Meshes/Props/SM_Prop_TrashCan_Lid_01.uasset" 1245
"D:/GitHub/Feisty-Heisty/Feisty_Heisty/Content/PolygonCity/Meshes/Props/SM_Prop_TrashCan_Lid_01.uexp" 1246
"D:/GitHub/Feisty-Heisty/Feisty_Heisty/Content/PolygonCity/Meshes/Props/SM_Prop_TrashCan_01.ubulk" 1247
"D:/GitHub/Feisty-Heisty/Feisty_Heisty/Content/PolygonCity/Meshes/Props/SM_Prop_TrashCan_01.uasset" 1248
"D:/GitHub/Feisty-Heisty/Feisty_Heisty/Content/PolygonCity/Meshes/Props/SM_Prop_TrashCan_01.uexp" 1249
"D:/GitHub/Feisty-Heisty/Feisty_Heisty/Content/PolygonCity/Meshes/Props/SM_Prop_Trashbin_02.ubulk" 1250
"D:/GitHub/Feisty-Heisty/Feisty_Heisty/Content/PolygonCity/Meshes/Props/SM_Prop_Trashbin_02.uasset" 1251
"D:/GitHub/Feisty-Heisty/Feisty_Heisty/Content/PolygonCity/Meshes/Props/SM_Prop_Trashbin_02.uexp" 1252
"D:/GitHub/Feisty-Heisty/Feisty_Heisty/Content/PolygonCity/Meshes/Props/SM_Prop_Trashbin_01.ubulk" 1253
"D:/GitHub/Feisty-Heisty/Feisty_Heisty/Content/PolygonCity/Meshes/Props/SM_Prop_Trashbin_01.uasset" 1254
"D:/GitHub/Feisty-Heisty/Feisty_Heisty/Content/PolygonCity/Meshes/Props/SM_Prop_Trashbin_01.uexp" 1255
"D:/GitHub/Feisty-Heisty/Feisty_Heisty/Content/PolygonCity/Meshes/Props/SM_Prop_TrashBag_03.ubulk" 1256
"D:/GitHub/Feisty-Heisty/Feisty_Heisty/Content/PolygonCity/Meshes/Props/SM_Prop_TrashBag_03.uasset" 1257
"D:/GitHub/Feisty-Heisty/Feisty_Heisty/Content/PolygonCity/Meshes/Props/SM_Prop_TrashBag_03.uexp" 1258
"D:/GitHub/Feisty-Heisty/Feisty_Heisty/Content/PolygonCity/Meshes/Props/SM_Prop_TrashBag_02.ubulk" 1259
"D:/GitHub/Feisty-Heisty/Feisty_Heisty/Content/PolygonCity/Meshes/Props/SM_Prop_TrashBag_02.uasset" 1260
"D:/GitHub/Feisty-Heisty/Feisty_Heisty/Content/PolygonCity/Meshes/Props/SM_Prop_TrashBag_02.uexp" 1261
"D:/GitHub/Feisty-Heisty/Feisty_Heisty/Content/PolygonCity/Meshes/Props/SM_Prop_TrashBag_01.ubulk" 1262
"D:/GitHub/Feisty-Heisty/Feisty_Heisty/Content/PolygonCity/Meshes/Props/SM_Prop_TrashBag_01.uasset" 1263
"D:/GitHub/Feisty-Heisty/Feisty_Heisty/Content/PolygonCity/Meshes/Props/SM_Prop_TrashBag_01.uexp" 1264
"D:/GitHub/Feisty-Heisty/Feisty_Heisty/Content/PolygonCity/Meshes/Props/SM_Prop_TrafficLight_03.ubulk" 1265
"D:/GitHub/Feisty-Heisty/Feisty_Heisty/Content/PolygonCity/Meshes/Props/SM_Prop_TrafficLight_03.uasset" 1266
"D:/GitHub/Feisty-Heisty/Feisty_Heisty/Content/PolygonCity/Meshes/Props/SM_Prop_TrafficLight_03.uexp" 1267
"D:/GitHub/Feisty-Heisty/Feisty_Heisty/Content/PolygonCity/Meshes/Props/SM_Prop_TrafficLight_02.ubulk" 1268
"D:/GitHub/Feisty-Heisty/Feisty_Heisty/Content/PolygonCity/Meshes/Props/SM_Prop_TrafficLight_02.uasset" 1269
"D:/GitHub/Feisty-Heisty/Feisty_Heisty/Content/PolygonCity/Meshes/Props/SM_Prop_TrafficLight_02.uexp" 1270
"D:/GitHub/Feisty-Heisty/Feisty_Heisty/Content/PolygonCity/Meshes/Props/SM_Prop_TrafficLight_01.ubulk" 1271
"D:/GitHub/Feisty-Heisty/Feisty_Heisty/Content/PolygonCity/Meshes/Props/SM_Prop_TrafficLight_01.uasset" 1272
"D:/GitHub/Feisty-Heisty/Feisty_Heisty/Content/PolygonCity/Meshes/Props/SM_Prop_TrafficLight_01.uexp" 1273
"D:/GitHub/Feisty-Heisty/Feisty_Heisty/Content/PolygonCity/Meshes/Props/SM_Prop_Table_02.ubulk" 1274
"D:/GitHub/Feisty-Heisty/Feisty_Heisty/Content/PolygonCity/Meshes/Props/SM_Prop_Table_02.uasset" 1275
"D:/GitHub/Feisty-Heisty/Feisty_Heisty/Content/PolygonCity/Meshes/Props/SM_Prop_Table_02.uexp" 1276
"D:/GitHub/Feisty-Heisty/Feisty_Heisty/Content/PolygonCity/Meshes/Props/SM_Prop_Soda_03.ubulk" 1277
"D:/GitHub/Feisty-Heisty/Feisty_Heisty/Content/PolygonCity/Meshes/Props/SM_Prop_Soda_03.uasset" 1278
"D:/GitHub/Feisty-Heisty/Feisty_Heisty/Content/PolygonCity/Meshes/Props/SM_Prop_Soda_03.uexp" 1279
"D:/GitHub/Feisty-Heisty/Feisty_Heisty/Content/PolygonCity/Meshes/Props/SM_Prop_Soda_02.ubulk" 1280
"D:/GitHub/Feisty-Heisty/Feisty_Heisty/Content/PolygonCity/Meshes/Props/SM_Prop_Soda_02.uasset" 1281
"D:/GitHub/Feisty-Heisty/Feisty_Heisty/Content/PolygonCity/Meshes/Props/SM_Prop_Soda_02.uexp" 1282
"D:/GitHub/Feisty-Heisty/Feisty_Heisty/Content/PolygonCity/Meshes/Props/SM_Prop_Soda_01.ubulk" 1283
"D:/GitHub/Feisty-Heisty/Feisty_Heisty/Content/PolygonCity/Meshes/Props/SM_Prop_Soda_01.uasset" 1284
"D:/GitHub/Feisty-Heisty/Feisty_Heisty/Content/PolygonCity/Meshes/Props/SM_Prop_Soda_01.uexp" 1285
"D:/GitHub/Feisty-Heisty/Feisty_Heisty/Content/PolygonCity/Meshes/Props/SM_Prop_SmartPhone_01.ubulk" 1286
"D:/GitHub/Feisty-Heisty/Feisty_Heisty/Content/PolygonCity/Meshes/Props/SM_Prop_SmartPhone_01.uasset" 1287
"D:/GitHub/Feisty-Heisty/Feisty_Heisty/Content/PolygonCity/Meshes/Props/SM_Prop_SmartPhone_01.uexp" 1288
"D:/GitHub/Feisty-Heisty/Feisty_Heisty/Content/PolygonCity/Meshes/Props/SM_Prop_Skylight_01_Glass.ubulk" 1289
"D:/GitHub/Feisty-Heisty/Feisty_Heisty/Content/PolygonCity/Meshes/Props/SM_Prop_Skylight_01_Glass.uasset" 1290
"D:/GitHub/Feisty-Heisty/Feisty_Heisty/Content/PolygonCity/Meshes/Props/SM_Prop_Skylight_01_Glass.uexp" 1291
"D:/GitHub/Feisty-Heisty/Feisty_Heisty/Content/PolygonCity/Meshes/Props/SM_Prop_Skylight_01.ubulk" 1292
"D:/GitHub/Feisty-Heisty/Feisty_Heisty/Content/PolygonCity/Meshes/Props/SM_Prop_Skylight_01.uasset" 1293
"D:/GitHub/Feisty-Heisty/Feisty_Heisty/Content/PolygonCity/Meshes/Props/SM_Prop_Skylight_01.uexp" 1294
"D:/GitHub/Feisty-Heisty/Feisty_Heisty/Content/PolygonCity/Meshes/Props/SM_Prop_Skip_02.ubulk" 1295
"D:/GitHub/Feisty-Heisty/Feisty_Heisty/Content/PolygonCity/Meshes/Props/SM_Prop_Skip_02.uasset" 1296
"D:/GitHub/Feisty-Heisty/Feisty_Heisty/Content/PolygonCity/Meshes/Props/SM_Prop_Skip_02.uexp" 1297
"D:/GitHub/Feisty-Heisty/Feisty_Heisty/Content/PolygonCity/Meshes/Props/SM_Prop_Skip_01.ubulk" 1298
"D:/GitHub/Feisty-Heisty/Feisty_Heisty/Content/PolygonCity/Meshes/Props/SM_Prop_Skip_01.uasset" 1299
"D:/GitHub/Feisty-Heisty/Feisty_Heisty/Content/PolygonCity/Meshes/Props/SM_Prop_Skip_01.uexp" 1300
"D:/GitHub/Feisty-Heisty/Feisty_Heisty/Content/PolygonCity/Meshes/Props/SM_Prop_Sign_XXX_01.ubulk" 1301
"D:/GitHub/Feisty-Heisty/Feisty_Heisty/Content/PolygonCity/Meshes/Props/SM_Prop_Sign_XXX_01.uasset" 1302
"D:/GitHub/Feisty-Heisty/Feisty_Heisty/Content/PolygonCity/Meshes/Props/SM_Prop_Sign_XXX_01.uexp" 1303
"D:/GitHub/Feisty-Heisty/Feisty_Heisty/Content/PolygonCity/Meshes/Props/SM_Prop_Sign_Warning_01.ubulk" 1304
"D:/GitHub/Feisty-Heisty/Feisty_Heisty/Content/PolygonCity/Meshes/Props/SM_Prop_Sign_Warning_01.uasset" 1305
"D:/GitHub/Feisty-Heisty/Feisty_Heisty/Content/PolygonCity/Meshes/Props/SM_Prop_Sign_Warning_01.uexp" 1306
"D:/GitHub/Feisty-Heisty/Feisty_Heisty/Content/PolygonCity/Meshes/Props/SM_Prop_Sign_Street_02.ubulk" 1307
"D:/GitHub/Feisty-Heisty/Feisty_Heisty/Content/PolygonCity/Meshes/Props/SM_Prop_Sign_Street_02.uasset" 1308
"D:/GitHub/Feisty-Heisty/Feisty_Heisty/Content/PolygonCity/Meshes/Props/SM_Prop_Sign_Street_02.uexp" 1309
"D:/GitHub/Feisty-Heisty/Feisty_Heisty/Content/PolygonCity/Meshes/Props/SM_Prop_Sign_Street_01.ubulk" 1310
"D:/GitHub/Feisty-Heisty/Feisty_Heisty/Content/PolygonCity/Meshes/Props/SM_Prop_Sign_Street_01.uasset" 1311
"D:/GitHub/Feisty-Heisty/Feisty_Heisty/Content/PolygonCity/Meshes/Props/SM_Prop_Sign_Street_01.uexp" 1312
"D:/GitHub/Feisty-Heisty/Feisty_Heisty/Content/PolygonCity/Meshes/Props/SM_Prop_Sign_Stop_01.ubulk" 1313
"D:/GitHub/Feisty-Heisty/Feisty_Heisty/Content/PolygonCity/Meshes/Props/SM_Prop_Sign_Stop_01.uasset" 1314
"D:/GitHub/Feisty-Heisty/Feisty_Heisty/Content/PolygonCity/Meshes/Props/SM_Prop_Sign_Stop_01.uexp" 1315
"D:/GitHub/Feisty-Heisty/Feisty_Heisty/Content/PolygonCity/Meshes/Props/SM_Prop_Sign_Pub_01.ubulk" 1316
"D:/GitHub/Feisty-Heisty/Feisty_Heisty/Content/PolygonCity/Meshes/Props/SM_Prop_Sign_Pub_01.uasset" 1317
"D:/GitHub/Feisty-Heisty/Feisty_Heisty/Content/PolygonCity/Meshes/Props/SM_Prop_Sign_Pub_01.uexp" 1318
"D:/GitHub/Feisty-Heisty/Feisty_Heisty/Content/PolygonCity/Meshes/Props/SM_Prop_Sign_Police_01.ubulk" 1319
"D:/GitHub/Feisty-Heisty/Feisty_Heisty/Content/PolygonCity/Meshes/Props/SM_Prop_Sign_Police_01.uasset" 1320
"D:/GitHub/Feisty-Heisty/Feisty_Heisty/Content/PolygonCity/Meshes/Props/SM_Prop_Sign_Police_01.uexp" 1321
"D:/GitHub/Feisty-Heisty/Feisty_Heisty/Content/PolygonCity/Meshes/Props/SM_Prop_Sign_Pizza_01.ubulk" 1322
"D:/GitHub/Feisty-Heisty/Feisty_Heisty/Content/PolygonCity/Meshes/Props/SM_Prop_Sign_Pizza_01.uasset" 1323
"D:/GitHub/Feisty-Heisty/Feisty_Heisty/Content/PolygonCity/Meshes/Props/SM_Prop_Sign_Pizza_01.uexp" 1324
"D:/GitHub/Feisty-Heisty/Feisty_Heisty/Content/PolygonCity/Meshes/Props/SM_Prop_Sign_Parking_01.ubulk" 1325
"D:/GitHub/Feisty-Heisty/Feisty_Heisty/Content/PolygonCity/Meshes/Props/SM_Prop_Sign_Parking_01.uasset" 1326
"D:/GitHub/Feisty-Heisty/Feisty_Heisty/Content/PolygonCity/Meshes/Props/SM_Prop_Sign_Parking_01.uexp" 1327
"D:/GitHub/Feisty-Heisty/Feisty_Heisty/Content/PolygonCity/Meshes/Props/SM_Prop_Sign_Hotel_01.ubulk" 1328
"D:/GitHub/Feisty-Heisty/Feisty_Heisty/Content/PolygonCity/Meshes/Props/SM_Prop_Sign_Hotel_01.uasset" 1329
"D:/GitHub/Feisty-Heisty/Feisty_Heisty/Content/PolygonCity/Meshes/Props/SM_Prop_Sign_Hotel_01.uexp" 1330
"D:/GitHub/Feisty-Heisty/Feisty_Heisty/Content/PolygonCity/Meshes/Props/SM_Prop_Sign_Hospital_01.ubulk" 1331
"D:/GitHub/Feisty-Heisty/Feisty_Heisty/Content/PolygonCity/Meshes/Props/SM_Prop_Sign_Hospital_01.uasset" 1332
"D:/GitHub/Feisty-Heisty/Feisty_Heisty/Content/PolygonCity/Meshes/Props/SM_Prop_Sign_Hospital_01.uexp" 1333
"D:/GitHub/Feisty-Heisty/Feisty_Heisty/Content/PolygonCity/Meshes/Props/SM_Prop_Sign_GiveWay_03.ubulk" 1334
"D:/GitHub/Feisty-Heisty/Feisty_Heisty/Content/PolygonCity/Meshes/Props/SM_Prop_Sign_GiveWay_03.uasset" 1335
"D:/GitHub/Feisty-Heisty/Feisty_Heisty/Content/PolygonCity/Meshes/Props/SM_Prop_Sign_GiveWay_03.uexp" 1336
"D:/GitHub/Feisty-Heisty/Feisty_Heisty/Content/PolygonCity/Meshes/Props/SM_Prop_Sign_GiveWay_02.ubulk" 1337
"D:/GitHub/Feisty-Heisty/Feisty_Heisty/Content/PolygonCity/Meshes/Props/SM_Prop_Sign_GiveWay_02.uasset" 1338
"D:/GitHub/Feisty-Heisty/Feisty_Heisty/Content/PolygonCity/Meshes/Props/SM_Prop_Sign_GiveWay_02.uexp" 1339
"D:/GitHub/Feisty-Heisty/Feisty_Heisty/Content/PolygonCity/Meshes/Props/SM_Prop_Sign_GiveWay_01.ubulk" 1340
"D:/GitHub/Feisty-Heisty/Feisty_Heisty/Content/PolygonCity/Meshes/Props/SM_Prop_Sign_GiveWay_01.uasset" 1341
"D:/GitHub/Feisty-Heisty/Feisty_Heisty/Content/PolygonCity/Meshes/Props/SM_Prop_Sign_GiveWay_01.uexp" 1342
"D:/GitHub/Feisty-Heisty/Feisty_Heisty/Content/PolygonCity/Meshes/Props/SM_Prop_Sign_FireDepartment_01.ubulk" 1343
"D:/GitHub/Feisty-Heisty/Feisty_Heisty/Content/PolygonCity/Meshes/Props/SM_Prop_Sign_FireDepartment_01.uasset" 1344
"D:/GitHub/Feisty-Heisty/Feisty_Heisty/Content/PolygonCity/Meshes/Props/SM_Prop_Sign_FireDepartment_01.uexp" 1345
"D:/GitHub/Feisty-Heisty/Feisty_Heisty/Content/PolygonCity/Meshes/Props/SM_Prop_Sign_Entrance_01.ubulk" 1346
"D:/GitHub/Feisty-Heisty/Feisty_Heisty/Content/PolygonCity/Meshes/Props/SM_Prop_Sign_Entrance_01.uasset" 1347
"D:/GitHub/Feisty-Heisty/Feisty_Heisty/Content/PolygonCity/Meshes/Props/SM_Prop_Sign_Entrance_01.uexp" 1348
"D:/GitHub/Feisty-Heisty/Feisty_Heisty/Content/PolygonCity/Meshes/Props/SM_Prop_Sign_DeliPizza_01.ubulk" 1349
"D:/GitHub/Feisty-Heisty/Feisty_Heisty/Content/PolygonCity/Meshes/Props/SM_Prop_Sign_DeliPizza_01.uasset" 1350
"D:/GitHub/Feisty-Heisty/Feisty_Heisty/Content/PolygonCity/Meshes/Props/SM_Prop_Sign_DeliPizza_01.uexp" 1351
"D:/GitHub/Feisty-Heisty/Feisty_Heisty/Content/PolygonCity/Meshes/Props/SM_Prop_Sign_Chinese_Noodles_01.ubulk" 1352
"D:/GitHub/Feisty-Heisty/Feisty_Heisty/Content/PolygonCity/Meshes/Props/SM_Prop_Sign_Chinese_Noodles_01.uasset" 1353
"D:/GitHub/Feisty-Heisty/Feisty_Heisty/Content/PolygonCity/Meshes/Props/SM_Prop_Sign_Chinese_Noodles_01.uexp" 1354
"D:/GitHub/Feisty-Heisty/Feisty_Heisty/Content/PolygonCity/Meshes/Props/SM_Prop_Sign_Cafe_01.ubulk" 1355
"D:/GitHub/Feisty-Heisty/Feisty_Heisty/Content/PolygonCity/Meshes/Props/SM_Prop_Sign_Cafe_01.uasset" 1356
"D:/GitHub/Feisty-Heisty/Feisty_Heisty/Content/PolygonCity/Meshes/Props/SM_Prop_Sign_Cafe_01.uexp" 1357
"D:/GitHub/Feisty-Heisty/Feisty_Heisty/Content/PolygonCity/Meshes/Props/SM_Prop_Sign_BusStop_01.ubulk" 1358
"D:/GitHub/Feisty-Heisty/Feisty_Heisty/Content/PolygonCity/Meshes/Props/SM_Prop_Sign_BusStop_01.uasset" 1359
"D:/GitHub/Feisty-Heisty/Feisty_Heisty/Content/PolygonCity/Meshes/Props/SM_Prop_Sign_BusStop_01.uexp" 1360
"D:/GitHub/Feisty-Heisty/Feisty_Heisty/Content/PolygonCity/Meshes/Props/SM_Prop_Sign_Bar_01.ubulk" 1361
"D:/GitHub/Feisty-Heisty/Feisty_Heisty/Content/PolygonCity/Meshes/Props/SM_Prop_Sign_Bar_01.uasset" 1362
"D:/GitHub/Feisty-Heisty/Feisty_Heisty/Content/PolygonCity/Meshes/Props/SM_Prop_Sign_Bar_01.uexp" 1363
"D:/GitHub/Feisty-Heisty/Feisty_Heisty/Content/PolygonCity/Meshes/Props/SM_Prop_Sign_Barber_01.ubulk" 1364
"D:/GitHub/Feisty-Heisty/Feisty_Heisty/Content/PolygonCity/Meshes/Props/SM_Prop_Sign_Barber_01.uasset" 1365
"D:/GitHub/Feisty-Heisty/Feisty_Heisty/Content/PolygonCity/Meshes/Props/SM_Prop_Sign_Barber_01.uexp" 1366
"D:/GitHub/Feisty-Heisty/Feisty_Heisty/Content/PolygonCity/Meshes/Props/SM_Prop_Sign_Attachment_03.ubulk" 1367
"D:/GitHub/Feisty-Heisty/Feisty_Heisty/Content/PolygonCity/Meshes/Props/SM_Prop_Sign_Attachment_03.uasset" 1368
"D:/GitHub/Feisty-Heisty/Feisty_Heisty/Content/PolygonCity/Meshes/Props/SM_Prop_Sign_Attachment_03.uexp" 1369
"D:/GitHub/Feisty-Heisty/Feisty_Heisty/Content/PolygonCity/Meshes/Props/SM_Prop_Sign_Attachment_02.ubulk" 1370
"D:/GitHub/Feisty-Heisty/Feisty_Heisty/Content/PolygonCity/Meshes/Props/SM_Prop_Sign_Attachment_02.uasset" 1371
"D:/GitHub/Feisty-Heisty/Feisty_Heisty/Content/PolygonCity/Meshes/Props/SM_Prop_Sign_Attachment_02.uexp" 1372
"D:/GitHub/Feisty-Heisty/Feisty_Heisty/Content/PolygonCity/Meshes/Props/SM_Prop_Sign_Attachment_01.ubulk" 1373
"D:/GitHub/Feisty-Heisty/Feisty_Heisty/Content/PolygonCity/Meshes/Props/SM_Prop_Sign_Attachment_01.uasset" 1374
"D:/GitHub/Feisty-Heisty/Feisty_Heisty/Content/PolygonCity/Meshes/Props/SM_Prop_Sign_Attachment_01.uexp" 1375
"D:/GitHub/Feisty-Heisty/Feisty_Heisty/Content/PolygonCity/Meshes/Props/SM_Prop_Sign_Arrow_01.ubulk" 1376
"D:/GitHub/Feisty-Heisty/Feisty_Heisty/Content/PolygonCity/Meshes/Props/SM_Prop_Sign_Arrow_01.uasset" 1377
"D:/GitHub/Feisty-Heisty/Feisty_Heisty/Content/PolygonCity/Meshes/Props/SM_Prop_Sign_Arrow_01.uexp" 1378
"D:/GitHub/Feisty-Heisty/Feisty_Heisty/Content/PolygonCity/Meshes/Props/SM_Prop_Sidewalk_Panel_05.ubulk" 1379
"D:/GitHub/Feisty-Heisty/Feisty_Heisty/Content/PolygonCity/Meshes/Props/SM_Prop_Sidewalk_Panel_05.uasset" 1380
"D:/GitHub/Feisty-Heisty/Feisty_Heisty/Content/PolygonCity/Meshes/Props/SM_Prop_Sidewalk_Panel_05.uexp" 1381
"D:/GitHub/Feisty-Heisty/Feisty_Heisty/Content/PolygonCity/Meshes/Props/SM_Prop_Sidewalk_Panel_04.ubulk" 1382
"D:/GitHub/Feisty-Heisty/Feisty_Heisty/Content/PolygonCity/Meshes/Props/SM_Prop_Sidewalk_Panel_04.uasset" 1383
"D:/GitHub/Feisty-Heisty/Feisty_Heisty/Content/PolygonCity/Meshes/Props/SM_Prop_Sidewalk_Panel_04.uexp" 1384
"D:/GitHub/Feisty-Heisty/Feisty_Heisty/Content/PolygonCity/Meshes/Props/SM_Prop_Sidewalk_Panel_03.ubulk" 1385
"D:/GitHub/Feisty-Heisty/Feisty_Heisty/Content/PolygonCity/Meshes/Props/SM_Prop_Sidewalk_Panel_03.uasset" 1386
"D:/GitHub/Feisty-Heisty/Feisty_Heisty/Content/PolygonCity/Meshes/Props/SM_Prop_Sidewalk_Panel_03.uexp" 1387
"D:/GitHub/Feisty-Heisty/Feisty_Heisty/Content/PolygonCity/Meshes/Props/SM_Prop_Sidewalk_Panel_02.ubulk" 1388
"D:/GitHub/Feisty-Heisty/Feisty_Heisty/Content/PolygonCity/Meshes/Props/SM_Prop_Sidewalk_Panel_02.uasset" 1389
"D:/GitHub/Feisty-Heisty/Feisty_Heisty/Content/PolygonCity/Meshes/Props/SM_Prop_Sidewalk_Panel_02.uexp" 1390
"D:/GitHub/Feisty-Heisty/Feisty_Heisty/Content/PolygonCity/Meshes/Props/SM_Prop_Sidewalk_Panel_01.ubulk" 1391
"D:/GitHub/Feisty-Heisty/Feisty_Heisty/Content/PolygonCity/Meshes/Props/SM_Prop_Sidewalk_Panel_01.uasset" 1392
"D:/GitHub/Feisty-Heisty/Feisty_Heisty/Content/PolygonCity/Meshes/Props/SM_Prop_Sidewalk_Panel_01.uexp" 1393
"D:/GitHub/Feisty-Heisty/Feisty_Heisty/Content/PolygonCity/Meshes/Props/SM_Prop_SidewalkPoles_02.ubulk" 1394
"D:/GitHub/Feisty-Heisty/Feisty_Heisty/Content/PolygonCity/Meshes/Props/SM_Prop_SidewalkPoles_02.uasset" 1395
"D:/GitHub/Feisty-Heisty/Feisty_Heisty/Content/PolygonCity/Meshes/Props/SM_Prop_SidewalkPoles_02.uexp" 1396
"D:/GitHub/Feisty-Heisty/Feisty_Heisty/Content/PolygonCity/Meshes/Props/SM_Prop_SidewalkPoles_01.ubulk" 1397
"D:/GitHub/Feisty-Heisty/Feisty_Heisty/Content/PolygonCity/Meshes/Props/SM_Prop_SidewalkPoles_01.uasset" 1398
"D:/GitHub/Feisty-Heisty/Feisty_Heisty/Content/PolygonCity/Meshes/Props/SM_Prop_SidewalkPoles_01.uexp" 1399
"D:/GitHub/Feisty-Heisty/Feisty_Heisty/Content/PolygonCity/Meshes/Props/SM_Prop_ShopInterior_Table_01.ubulk" 1400
"D:/GitHub/Feisty-Heisty/Feisty_Heisty/Content/PolygonCity/Meshes/Props/SM_Prop_ShopInterior_Table_01.uasset" 1401
"D:/GitHub/Feisty-Heisty/Feisty_Heisty/Content/PolygonCity/Meshes/Props/SM_Prop_ShopInterior_Table_01.uexp" 1402
"D:/GitHub/Feisty-Heisty/Feisty_Heisty/Content/PolygonCity/Meshes/Props/SM_Prop_ShopInterior_Shelf_04.ubulk" 1403
"D:/GitHub/Feisty-Heisty/Feisty_Heisty/Content/PolygonCity/Meshes/Props/SM_Prop_ShopInterior_Shelf_04.uasset" 1404
"D:/GitHub/Feisty-Heisty/Feisty_Heisty/Content/PolygonCity/Meshes/Props/SM_Prop_ShopInterior_Shelf_04.uexp" 1405
"D:/GitHub/Feisty-Heisty/Feisty_Heisty/Content/PolygonCity/Meshes/Props/SM_Prop_ShopInterior_Shelf_03.ubulk" 1406
"D:/GitHub/Feisty-Heisty/Feisty_Heisty/Content/PolygonCity/Meshes/Props/SM_Prop_ShopInterior_Shelf_03.uasset" 1407
"D:/GitHub/Feisty-Heisty/Feisty_Heisty/Content/PolygonCity/Meshes/Props/SM_Prop_ShopInterior_Shelf_03.uexp" 1408
"D:/GitHub/Feisty-Heisty/Feisty_Heisty/Content/PolygonCity/Meshes/Props/SM_Prop_ShopInterior_Shelf_02.ubulk" 1409
"D:/GitHub/Feisty-Heisty/Feisty_Heisty/Content/PolygonCity/Meshes/Props/SM_Prop_ShopInterior_Shelf_02.uasset" 1410
"D:/GitHub/Feisty-Heisty/Feisty_Heisty/Content/PolygonCity/Meshes/Props/SM_Prop_ShopInterior_Shelf_02.uexp" 1411
"D:/GitHub/Feisty-Heisty/Feisty_Heisty/Content/PolygonCity/Meshes/Props/SM_Prop_ShopInterior_Shelf_01.ubulk" 1412
"D:/GitHub/Feisty-Heisty/Feisty_Heisty/Content/PolygonCity/Meshes/Props/SM_Prop_ShopInterior_Shelf_01.uasset" 1413
"D:/GitHub/Feisty-Heisty/Feisty_Heisty/Content/PolygonCity/Meshes/Props/SM_Prop_ShopInterior_Shelf_01.uexp" 1414
"D:/GitHub/Feisty-Heisty/Feisty_Heisty/Content/PolygonCity/Meshes/Props/SM_Prop_ShopInterior_Display_02.ubulk" 1415
"D:/GitHub/Feisty-Heisty/Feisty_Heisty/Content/PolygonCity/Meshes/Props/SM_Prop_ShopInterior_Display_02.uasset" 1416
"D:/GitHub/Feisty-Heisty/Feisty_Heisty/Content/PolygonCity/Meshes/Props/SM_Prop_ShopInterior_Display_02.uexp" 1417
"D:/GitHub/Feisty-Heisty/Feisty_Heisty/Content/PolygonCity/Meshes/Props/SM_Prop_ShopInterior_Display_01.ubulk" 1418
"D:/GitHub/Feisty-Heisty/Feisty_Heisty/Content/PolygonCity/Meshes/Props/SM_Prop_ShopInterior_Display_01.uasset" 1419
"D:/GitHub/Feisty-Heisty/Feisty_Heisty/Content/PolygonCity/Meshes/Props/SM_Prop_ShopInterior_Display_01.uexp" 1420
"D:/GitHub/Feisty-Heisty/Feisty_Heisty/Content/PolygonCity/Meshes/Props/SM_Prop_ShopInterior_Desk_02.ubulk" 1421
"D:/GitHub/Feisty-Heisty/Feisty_Heisty/Content/PolygonCity/Meshes/Props/SM_Prop_ShopInterior_Desk_02.uasset" 1422
"D:/GitHub/Feisty-Heisty/Feisty_Heisty/Content/PolygonCity/Meshes/Props/SM_Prop_ShopInterior_Desk_02.uexp" 1423
"D:/GitHub/Feisty-Heisty/Feisty_Heisty/Content/PolygonCity/Meshes/Props/SM_Prop_ShopInterior_Desk_01.ubulk" 1424
"D:/GitHub/Feisty-Heisty/Feisty_Heisty/Content/PolygonCity/Meshes/Props/SM_Prop_ShopInterior_Desk_01.uasset" 1425
"D:/GitHub/Feisty-Heisty/Feisty_Heisty/Content/PolygonCity/Meshes/Props/SM_Prop_ShopInterior_Desk_01.uexp" 1426
"D:/GitHub/Feisty-Heisty/Feisty_Heisty/Content/PolygonCity/Meshes/Props/SM_Prop_ShopInterior_Chair_01.ubulk" 1427
"D:/GitHub/Feisty-Heisty/Feisty_Heisty/Content/PolygonCity/Meshes/Props/SM_Prop_ShopInterior_Chair_01.uasset" 1428
"D:/GitHub/Feisty-Heisty/Feisty_Heisty/Content/PolygonCity/Meshes/Props/SM_Prop_ShopInterior_Chair_01.uexp" 1429
"D:/GitHub/Feisty-Heisty/Feisty_Heisty/Content/PolygonCity/Meshes/Props/SM_Prop_ShopInterior_Cafe_01.ubulk" 1430
"D:/GitHub/Feisty-Heisty/Feisty_Heisty/Content/PolygonCity/Meshes/Props/SM_Prop_ShopInterior_Cafe_01.uasset" 1431
"D:/GitHub/Feisty-Heisty/Feisty_Heisty/Content/PolygonCity/Meshes/Props/SM_Prop_ShopInterior_Cafe_01.uexp" 1432
"D:/GitHub/Feisty-Heisty/Feisty_Heisty/Content/PolygonCity/Meshes/Props/SM_Prop_SecurityCamera_Head_01.ubulk" 1433
"D:/GitHub/Feisty-Heisty/Feisty_Heisty/Content/PolygonCity/Meshes/Props/SM_Prop_SecurityCamera_Head_01.uasset" 1434
"D:/GitHub/Feisty-Heisty/Feisty_Heisty/Content/PolygonCity/Meshes/Props/SM_Prop_SecurityCamera_Head_01.uexp" 1435
"D:/GitHub/Feisty-Heisty/Feisty_Heisty/Content/PolygonCity/Meshes/Props/SM_Prop_SecurityCamera_Arm_01.ubulk" 1436
"D:/GitHub/Feisty-Heisty/Feisty_Heisty/Content/PolygonCity/Meshes/Props/SM_Prop_SecurityCamera_Arm_01.uasset" 1437
"D:/GitHub/Feisty-Heisty/Feisty_Heisty/Content/PolygonCity/Meshes/Props/SM_Prop_SecurityCamera_Arm_01.uexp" 1438
"D:/GitHub/Feisty-Heisty/Feisty_Heisty/Content/PolygonCity/Meshes/Props/SM_Prop_SecurityCamera_01.ubulk" 1439
"D:/GitHub/Feisty-Heisty/Feisty_Heisty/Content/PolygonCity/Meshes/Props/SM_Prop_SecurityCamera_01.uasset" 1440
"D:/GitHub/Feisty-Heisty/Feisty_Heisty/Content/PolygonCity/Meshes/Props/SM_Prop_SecurityCamera_01.uexp" 1441
"D:/GitHub/Feisty-Heisty/Feisty_Heisty/Content/PolygonCity/Meshes/Props/SM_Prop_SatDish_01.ubulk" 1442
"D:/GitHub/Feisty-Heisty/Feisty_Heisty/Content/PolygonCity/Meshes/Props/SM_Prop_SatDish_01.uasset" 1443
"D:/GitHub/Feisty-Heisty/Feisty_Heisty/Content/PolygonCity/Meshes/Props/SM_Prop_SatDish_01.uexp" 1444
"D:/GitHub/Feisty-Heisty/Feisty_Heisty/Content/PolygonCity/Meshes/Props/SM_Prop_Roof_Aircon_03.ubulk" 1445
"D:/GitHub/Feisty-Heisty/Feisty_Heisty/Content/PolygonCity/Meshes/Props/SM_Prop_Roof_Aircon_03.uasset" 1446
"D:/GitHub/Feisty-Heisty/Feisty_Heisty/Content/PolygonCity/Meshes/Props/SM_Prop_Roof_Aircon_03.uexp" 1447
"D:/GitHub/Feisty-Heisty/Feisty_Heisty/Content/PolygonCity/Meshes/Props/SM_Prop_Roof_Aircon_02.ubulk" 1448
"D:/GitHub/Feisty-Heisty/Feisty_Heisty/Content/PolygonCity/Meshes/Props/SM_Prop_Roof_Aircon_02.uasset" 1449
"D:/GitHub/Feisty-Heisty/Feisty_Heisty/Content/PolygonCity/Meshes/Props/SM_Prop_Roof_Aircon_02.uexp" 1450
"D:/GitHub/Feisty-Heisty/Feisty_Heisty/Content/PolygonCity/Meshes/Props/SM_Prop_Roof_Aircon_01.ubulk" 1451
"D:/GitHub/Feisty-Heisty/Feisty_Heisty/Content/PolygonCity/Meshes/Props/SM_Prop_Roof_Aircon_01.uasset" 1452
"D:/GitHub/Feisty-Heisty/Feisty_Heisty/Content/PolygonCity/Meshes/Props/SM_Prop_Roof_Aircon_01.uexp" 1453
"D:/GitHub/Feisty-Heisty/Feisty_Heisty/Content/PolygonCity/Meshes/Vehicles_Rigged/SK_Veh_Car_Taxi_01_PhysicsAsset.uasset" 1454
"D:/GitHub/Feisty-Heisty/Feisty_Heisty/Content/PolygonCity/Meshes/Vehicles_Rigged/SK_Veh_Car_Taxi_01_PhysicsAsset.uexp" 1455
"D:/GitHub/Feisty-Heisty/Feisty_Heisty/Content/PolygonCity/Materials/Mat_PolygonCity_Glass_Car_Windows.uasset" 1456
"D:/GitHub/Feisty-Heisty/Feisty_Heisty/Content/PolygonCity/Materials/Mat_PolygonCity_Glass_Car_Windows.uexp" 1457
"D:/GitHub/Feisty-Heisty/Feisty_Heisty/Content/PolygonCity/Meshes/Vehicles_Rigged/SK_Veh_Car_Taxi_01_Skeleton.uasset" 1458
"D:/GitHub/Feisty-Heisty/Feisty_Heisty/Content/PolygonCity/Meshes/Vehicles_Rigged/SK_Veh_Car_Taxi_01_Skeleton.uexp" 1459
"D:/GitHub/Feisty-Heisty/Feisty_Heisty/Content/PolygonCity/Meshes/Vehicles_Rigged/SK_Veh_Car_Taxi_01.uasset" 1460
"D:/GitHub/Feisty-Heisty/Feisty_Heisty/Content/PolygonCity/Meshes/Vehicles_Rigged/SK_Veh_Car_Taxi_01.uexp" 1461
"D:/GitHub/Feisty-Heisty/Feisty_Heisty/Content/PolygonCity/Meshes/Vehicles_Rigged/SK_Veh_Car_Sedan_01_PhysicsAsset.uasset" 1462
"D:/GitHub/Feisty-Heisty/Feisty_Heisty/Content/PolygonCity/Meshes/Vehicles_Rigged/SK_Veh_Car_Sedan_01_PhysicsAsset.uexp" 1463
"D:/GitHub/Feisty-Heisty/Feisty_Heisty/Content/PolygonCity/Meshes/Vehicles_Rigged/SK_Veh_Car_Sedan_01_Skeleton.uasset" 1464
"D:/GitHub/Feisty-Heisty/Feisty_Heisty/Content/PolygonCity/Meshes/Vehicles_Rigged/SK_Veh_Car_Sedan_01_Skeleton.uexp" 1465
"D:/GitHub/Feisty-Heisty/Feisty_Heisty/Content/PolygonCity/Meshes/Vehicles_Rigged/SK_Veh_Car_Sedan_01.uasset" 1466
"D:/GitHub/Feisty-Heisty/Feisty_Heisty/Content/PolygonCity/Meshes/Vehicles_Rigged/SK_Veh_Car_Sedan_01.uexp" 1467
"D:/GitHub/Feisty-Heisty/Feisty_Heisty/Content/PolygonCity/Meshes/Vehicles_Rigged/SK_Veh_Car_Ambo_01_PhysicsAsset.uasset" 1468
"D:/GitHub/Feisty-Heisty/Feisty_Heisty/Content/PolygonCity/Meshes/Vehicles_Rigged/SK_Veh_Car_Ambo_01_PhysicsAsset.uexp" 1469
"D:/GitHub/Feisty-Heisty/Feisty_Heisty/Content/PolygonCity/Meshes/Vehicles_Rigged/SK_Veh_Car_Ambo_01_Skeleton.uasset" 1470
"D:/GitHub/Feisty-Heisty/Feisty_Heisty/Content/PolygonCity/Meshes/Vehicles_Rigged/SK_Veh_Car_Ambo_01_Skeleton.uexp" 1471
"D:/GitHub/Feisty-Heisty/Feisty_Heisty/Content/PolygonCity/Meshes/Vehicles_Rigged/SK_Veh_Car_Ambo_01.uasset" 1472
"D:/GitHub/Feisty-Heisty/Feisty_Heisty/Content/PolygonCity/Meshes/Vehicles_Rigged/SK_Veh_Car_Ambo_01.uexp" 1473
"D:/GitHub/Feisty-Heisty/Feisty_Heisty/Content/PolygonCity/Meshes/Props/SM_Prop_Power_Cables_03.ubulk" 1474
"D:/GitHub/Feisty-Heisty/Feisty_Heisty/Content/PolygonCity/Meshes/Props/SM_Prop_Power_Cables_03.uasset" 1475
"D:/GitHub/Feisty-Heisty/Feisty_Heisty/Content/PolygonCity/Meshes/Props/SM_Prop_Power_Cables_03.uexp" 1476
"D:/GitHub/Feisty-Heisty/Feisty_Heisty/Content/PolygonCity/Meshes/Props/SM_Prop_Power_Cables_02.ubulk" 1477
"D:/GitHub/Feisty-Heisty/Feisty_Heisty/Content/PolygonCity/Meshes/Props/SM_Prop_Power_Cables_02.uasset" 1478
"D:/GitHub/Feisty-Heisty/Feisty_Heisty/Content/PolygonCity/Meshes/Props/SM_Prop_Power_Cables_02.uexp" 1479
"D:/GitHub/Feisty-Heisty/Feisty_Heisty/Content/PolygonCity/Meshes/Props/SM_Prop_Power_Cables_01.ubulk" 1480
"D:/GitHub/Feisty-Heisty/Feisty_Heisty/Content/PolygonCity/Meshes/Props/SM_Prop_Power_Cables_01.uasset" 1481
"D:/GitHub/Feisty-Heisty/Feisty_Heisty/Content/PolygonCity/Meshes/Props/SM_Prop_Power_Cables_01.uexp" 1482
"D:/GitHub/Feisty-Heisty/Feisty_Heisty/Content/PolygonCity/Meshes/Props/SM_Prop_PowerBox_01.ubulk" 1483
"D:/GitHub/Feisty-Heisty/Feisty_Heisty/Content/PolygonCity/Meshes/Props/SM_Prop_PowerBox_01.uasset" 1484
"D:/GitHub/Feisty-Heisty/Feisty_Heisty/Content/PolygonCity/Meshes/Props/SM_Prop_PowerBox_01.uexp" 1485
"D:/GitHub/Feisty-Heisty/Feisty_Heisty/Content/PolygonCity/Meshes/Props/SM_Prop_PotPlant_02.ubulk" 1486
"D:/GitHub/Feisty-Heisty/Feisty_Heisty/Content/PolygonCity/Meshes/Props/SM_Prop_PotPlant_02.uasset" 1487
"D:/GitHub/Feisty-Heisty/Feisty_Heisty/Content/PolygonCity/Meshes/Props/SM_Prop_PotPlant_02.uexp" 1488
"D:/GitHub/Feisty-Heisty/Feisty_Heisty/Content/PolygonCity/Meshes/Props/SM_Prop_PotPlant_01.ubulk" 1489
"D:/GitHub/Feisty-Heisty/Feisty_Heisty/Content/PolygonCity/Meshes/Props/SM_Prop_PotPlant_01.uasset" 1490
"D:/GitHub/Feisty-Heisty/Feisty_Heisty/Content/PolygonCity/Meshes/Props/SM_Prop_PotPlant_01.uexp" 1491
"D:/GitHub/Feisty-Heisty/Feisty_Heisty/Content/PolygonCity/Meshes/Props/SM_Prop_Poster_Frame_01.ubulk" 1492
"D:/GitHub/Feisty-Heisty/Feisty_Heisty/Content/PolygonCity/Meshes/Props/SM_Prop_Poster_Frame_01.uasset" 1493
"D:/GitHub/Feisty-Heisty/Feisty_Heisty/Content/PolygonCity/Meshes/Props/SM_Prop_Poster_Frame_01.uexp" 1494
"D:/GitHub/Feisty-Heisty/Feisty_Heisty/Content/PolygonCity/Textures/T_PolygonCity_BillboardAds.ubulk" 1495
"D:/GitHub/Feisty-Heisty/Feisty_Heisty/Content/PolygonCity/Textures/T_PolygonCity_BillboardAds.uasset" 1496
"D:/GitHub/Feisty-Heisty/Feisty_Heisty/Content/PolygonCity/Textures/T_PolygonCity_BillboardAds.uexp" 1497
"D:/GitHub/Feisty-Heisty/Feisty_Heisty/Content/PolygonCity/Materials/Mat_PolygonCity_Billboard.uasset" 1498
"D:/GitHub/Feisty-Heisty/Feisty_Heisty/Content/PolygonCity/Materials/Mat_PolygonCity_Billboard.uexp" 1499
"D:/GitHub/Feisty-Heisty/Feisty_Heisty/Content/PolygonCity/Meshes/Props/SM_Prop_Poster_03.ubulk" 1500
"D:/GitHub/Feisty-Heisty/Feisty_Heisty/Content/PolygonCity/Meshes/Props/SM_Prop_Poster_03.uasset" 1501
"D:/GitHub/Feisty-Heisty/Feisty_Heisty/Content/PolygonCity/Meshes/Props/SM_Prop_Poster_03.uexp" 1502
"D:/GitHub/Feisty-Heisty/Feisty_Heisty/Content/PolygonCity/Meshes/Props/SM_Prop_Poster_02.ubulk" 1503
"D:/GitHub/Feisty-Heisty/Feisty_Heisty/Content/PolygonCity/Meshes/Props/SM_Prop_Poster_02.uasset" 1504
"D:/GitHub/Feisty-Heisty/Feisty_Heisty/Content/PolygonCity/Meshes/Props/SM_Prop_Poster_02.uexp" 1505
"D:/GitHub/Feisty-Heisty/Feisty_Heisty/Content/PolygonCity/Meshes/Props/SM_Prop_Poster_01.ubulk" 1506
"D:/GitHub/Feisty-Heisty/Feisty_Heisty/Content/PolygonCity/Meshes/Props/SM_Prop_Poster_01.uasset" 1507
"D:/GitHub/Feisty-Heisty/Feisty_Heisty/Content/PolygonCity/Meshes/Props/SM_Prop_Poster_01.uexp" 1508
"D:/GitHub/Feisty-Heisty/Feisty_Heisty/Content/PolygonCity/Meshes/Props/SM_Prop_Police_Baton_01.ubulk" 1509
"D:/GitHub/Feisty-Heisty/Feisty_Heisty/Content/PolygonCity/Meshes/Props/SM_Prop_Police_Baton_01.uasset" 1510
"D:/GitHub/Feisty-Heisty/Feisty_Heisty/Content/PolygonCity/Meshes/Props/SM_Prop_Police_Baton_01.uexp" 1511
"D:/GitHub/Feisty-Heisty/Feisty_Heisty/Content/PolygonCity/Meshes/Props/SM_Prop_Planter_02.ubulk" 1512
"D:/GitHub/Feisty-Heisty/Feisty_Heisty/Content/PolygonCity/Meshes/Props/SM_Prop_Planter_02.uasset" 1513
"D:/GitHub/Feisty-Heisty/Feisty_Heisty/Content/PolygonCity/Meshes/Props/SM_Prop_Planter_02.uexp" 1514
"D:/GitHub/Feisty-Heisty/Feisty_Heisty/Content/PolygonCity/Meshes/Props/SM_Prop_Planter_01.ubulk" 1515
"D:/GitHub/Feisty-Heisty/Feisty_Heisty/Content/PolygonCity/Meshes/Props/SM_Prop_Planter_01.uasset" 1516
"D:/GitHub/Feisty-Heisty/Feisty_Heisty/Content/PolygonCity/Meshes/Props/SM_Prop_Planter_01.uexp" 1517
"D:/GitHub/Feisty-Heisty/Feisty_Heisty/Content/PolygonCity/Meshes/Props/SM_Prop_PlanterWindow_02.ubulk" 1518
"D:/GitHub/Feisty-Heisty/Feisty_Heisty/Content/PolygonCity/Meshes/Props/SM_Prop_PlanterWindow_02.uasset" 1519
"D:/GitHub/Feisty-Heisty/Feisty_Heisty/Content/PolygonCity/Meshes/Props/SM_Prop_PlanterWindow_02.uexp" 1520
"D:/GitHub/Feisty-Heisty/Feisty_Heisty/Content/PolygonCity/Meshes/Props/SM_Prop_PlanterWindow_01.ubulk" 1521
"D:/GitHub/Feisty-Heisty/Feisty_Heisty/Content/PolygonCity/Meshes/Props/SM_Prop_PlanterWindow_01.uasset" 1522
"D:/GitHub/Feisty-Heisty/Feisty_Heisty/Content/PolygonCity/Meshes/Props/SM_Prop_PlanterWindow_01.uexp" 1523
"D:/GitHub/Feisty-Heisty/Feisty_Heisty/Content/PolygonCity/Meshes/Props/SM_Prop_Pipe_Small_02.ubulk" 1524
"D:/GitHub/Feisty-Heisty/Feisty_Heisty/Content/PolygonCity/Meshes/Props/SM_Prop_Pipe_Small_02.uasset" 1525
"D:/GitHub/Feisty-Heisty/Feisty_Heisty/Content/PolygonCity/Meshes/Props/SM_Prop_Pipe_Small_02.uexp" 1526
"D:/GitHub/Feisty-Heisty/Feisty_Heisty/Content/PolygonCity/Meshes/Props/SM_Prop_Pipe_Small_01.ubulk" 1527
"D:/GitHub/Feisty-Heisty/Feisty_Heisty/Content/PolygonCity/Meshes/Props/SM_Prop_Pipe_Small_01.uasset" 1528
"D:/GitHub/Feisty-Heisty/Feisty_Heisty/Content/PolygonCity/Meshes/Props/SM_Prop_Pipe_Small_01.uexp" 1529
"D:/GitHub/Feisty-Heisty/Feisty_Heisty/Content/PolygonCity/Meshes/Props/SM_Prop_Pipe_Present_03.ubulk" 1530
"D:/GitHub/Feisty-Heisty/Feisty_Heisty/Content/PolygonCity/Meshes/Props/SM_Prop_Pipe_Present_03.uasset" 1531
"D:/GitHub/Feisty-Heisty/Feisty_Heisty/Content/PolygonCity/Meshes/Props/SM_Prop_Pipe_Present_03.uexp" 1532
"D:/GitHub/Feisty-Heisty/Feisty_Heisty/Content/PolygonCity/Meshes/Props/SM_Prop_Pipe_Present_02.ubulk" 1533
"D:/GitHub/Feisty-Heisty/Feisty_Heisty/Content/PolygonCity/Meshes/Props/SM_Prop_Pipe_Present_02.uasset" 1534
"D:/GitHub/Feisty-Heisty/Feisty_Heisty/Content/PolygonCity/Meshes/Props/SM_Prop_Pipe_Present_02.uexp" 1535
"D:/GitHub/Feisty-Heisty/Feisty_Heisty/Content/PolygonCity/Meshes/Props/SM_Prop_Pipe_Present_01.ubulk" 1536
"D:/GitHub/Feisty-Heisty/Feisty_Heisty/Content/PolygonCity/Meshes/Props/SM_Prop_Pipe_Present_01.uasset" 1537
"D:/GitHub/Feisty-Heisty/Feisty_Heisty/Content/PolygonCity/Meshes/Props/SM_Prop_Pipe_Present_01.uexp" 1538
"D:/GitHub/Feisty-Heisty/Feisty_Heisty/Content/PolygonCity/Meshes/Props/SM_Prop_Pipe_Part_T_01.ubulk" 1539
"D:/GitHub/Feisty-Heisty/Feisty_Heisty/Content/PolygonCity/Meshes/Props/SM_Prop_Pipe_Part_T_01.uasset" 1540
"D:/GitHub/Feisty-Heisty/Feisty_Heisty/Content/PolygonCity/Meshes/Props/SM_Prop_Pipe_Part_T_01.uexp" 1541
"D:/GitHub/Feisty-Heisty/Feisty_Heisty/Content/PolygonCity/Meshes/Props/SM_Prop_Pipe_Part_Straight_01.ubulk" 1542
"D:/GitHub/Feisty-Heisty/Feisty_Heisty/Content/PolygonCity/Meshes/Props/SM_Prop_Pipe_Part_Straight_01.uasset" 1543
"D:/GitHub/Feisty-Heisty/Feisty_Heisty/Content/PolygonCity/Meshes/Props/SM_Prop_Pipe_Part_Straight_01.uexp" 1544
"D:/GitHub/Feisty-Heisty/Feisty_Heisty/Content/PolygonCity/Meshes/Props/SM_Prop_Pipe_Part_Corner_01.ubulk" 1545
"D:/GitHub/Feisty-Heisty/Feisty_Heisty/Content/PolygonCity/Meshes/Props/SM_Prop_Pipe_Part_Corner_01.uasset" 1546
"D:/GitHub/Feisty-Heisty/Feisty_Heisty/Content/PolygonCity/Meshes/Props/SM_Prop_Pipe_Part_Corner_01.uexp" 1547
"D:/GitHub/Feisty-Heisty/Feisty_Heisty/Content/PolygonCity/Meshes/Props/SM_Prop_Pipe_Part_Connect_01.ubulk" 1548
"D:/GitHub/Feisty-Heisty/Feisty_Heisty/Content/PolygonCity/Meshes/Props/SM_Prop_Pipe_Part_Connect_01.uasset" 1549
"D:/GitHub/Feisty-Heisty/Feisty_Heisty/Content/PolygonCity/Meshes/Props/SM_Prop_Pipe_Part_Connect_01.uexp" 1550
"D:/GitHub/Feisty-Heisty/Feisty_Heisty/Content/PolygonCity/Meshes/Props/SM_Prop_PicnicTable_01.ubulk" 1551
"D:/GitHub/Feisty-Heisty/Feisty_Heisty/Content/PolygonCity/Meshes/Props/SM_Prop_PicnicTable_01.uasset" 1552
"D:/GitHub/Feisty-Heisty/Feisty_Heisty/Content/PolygonCity/Meshes/Props/SM_Prop_PicnicTable_01.uexp" 1553
"D:/GitHub/Feisty-Heisty/Feisty_Heisty/Content/PolygonCity/Meshes/Props/SM_Prop_Phones_01.ubulk" 1554
"D:/GitHub/Feisty-Heisty/Feisty_Heisty/Content/PolygonCity/Meshes/Props/SM_Prop_Phones_01.uasset" 1555
"D:/GitHub/Feisty-Heisty/Feisty_Heisty/Content/PolygonCity/Meshes/Props/SM_Prop_Phones_01.uexp" 1556
"D:/GitHub/Feisty-Heisty/Feisty_Heisty/Content/PolygonCity/Meshes/Props/SM_Prop_ParkingMeter_02.ubulk" 1557
"D:/GitHub/Feisty-Heisty/Feisty_Heisty/Content/PolygonCity/Meshes/Props/SM_Prop_ParkingMeter_02.uasset" 1558
"D:/GitHub/Feisty-Heisty/Feisty_Heisty/Content/PolygonCity/Meshes/Props/SM_Prop_ParkingMeter_02.uexp" 1559
"D:/GitHub/Feisty-Heisty/Feisty_Heisty/Content/PolygonCity/Meshes/Props/SM_Prop_ParkingMeter_01.ubulk" 1560
"D:/GitHub/Feisty-Heisty/Feisty_Heisty/Content/PolygonCity/Meshes/Props/SM_Prop_ParkingMeter_01.uasset" 1561
"D:/GitHub/Feisty-Heisty/Feisty_Heisty/Content/PolygonCity/Meshes/Props/SM_Prop_ParkingMeter_01.uexp" 1562
"D:/GitHub/Feisty-Heisty/Feisty_Heisty/Content/PolygonCity/Meshes/Props/SM_Prop_ParkBench_01.ubulk" 1563
"D:/GitHub/Feisty-Heisty/Feisty_Heisty/Content/PolygonCity/Meshes/Props/SM_Prop_ParkBench_01.uasset" 1564
"D:/GitHub/Feisty-Heisty/Feisty_Heisty/Content/PolygonCity/Meshes/Props/SM_Prop_ParkBench_01.uexp" 1565
"D:/GitHub/Feisty-Heisty/Feisty_Heisty/Content/PolygonCity/Meshes/Props/SM_Prop_Paper_05.ubulk" 1566
"D:/GitHub/Feisty-Heisty/Feisty_Heisty/Content/PolygonCity/Meshes/Props/SM_Prop_Paper_05.uasset" 1567
"D:/GitHub/Feisty-Heisty/Feisty_Heisty/Content/PolygonCity/Meshes/Props/SM_Prop_Paper_05.uexp" 1568
"D:/GitHub/Feisty-Heisty/Feisty_Heisty/Content/PolygonCity/Meshes/Props/SM_Prop_Paper_04.ubulk" 1569
"D:/GitHub/Feisty-Heisty/Feisty_Heisty/Content/PolygonCity/Meshes/Props/SM_Prop_Paper_04.uasset" 1570
"D:/GitHub/Feisty-Heisty/Feisty_Heisty/Content/PolygonCity/Meshes/Props/SM_Prop_Paper_04.uexp" 1571
"D:/GitHub/Feisty-Heisty/Feisty_Heisty/Content/PolygonCity/Meshes/Props/SM_Prop_Paper_03.ubulk" 1572
"D:/GitHub/Feisty-Heisty/Feisty_Heisty/Content/PolygonCity/Meshes/Props/SM_Prop_Paper_03.uasset" 1573
"D:/GitHub/Feisty-Heisty/Feisty_Heisty/Content/PolygonCity/Meshes/Props/SM_Prop_Paper_03.uexp" 1574
"D:/GitHub/Feisty-Heisty/Feisty_Heisty/Content/PolygonCity/Meshes/Props/SM_Prop_Paper_02.ubulk" 1575
"D:/GitHub/Feisty-Heisty/Feisty_Heisty/Content/PolygonCity/Meshes/Props/SM_Prop_Paper_02.uasset" 1576
"D:/GitHub/Feisty-Heisty/Feisty_Heisty/Content/PolygonCity/Meshes/Props/SM_Prop_Paper_02.uexp" 1577
"D:/GitHub/Feisty-Heisty/Feisty_Heisty/Content/PolygonCity/Meshes/Props/SM_Prop_Paper_01.ubulk" 1578
"D:/GitHub/Feisty-Heisty/Feisty_Heisty/Content/PolygonCity/Meshes/Props/SM_Prop_Paper_01.uasset" 1579
"D:/GitHub/Feisty-Heisty/Feisty_Heisty/Content/PolygonCity/Meshes/Props/SM_Prop_Paper_01.uexp" 1580
"D:/GitHub/Feisty-Heisty/Feisty_Heisty/Content/PolygonCity/Meshes/Props/SM_Prop_Pallet_01.ubulk" 1581
"D:/GitHub/Feisty-Heisty/Feisty_Heisty/Content/PolygonCity/Meshes/Props/SM_Prop_Pallet_01.uasset" 1582
"D:/GitHub/Feisty-Heisty/Feisty_Heisty/Content/PolygonCity/Meshes/Props/SM_Prop_Pallet_01.uexp" 1583
"D:/GitHub/Feisty-Heisty/Feisty_Heisty/Content/PolygonCity/Meshes/Props/SM_Prop_Newspaper_02.ubulk" 1584
"D:/GitHub/Feisty-Heisty/Feisty_Heisty/Content/PolygonCity/Meshes/Props/SM_Prop_Newspaper_02.uasset" 1585
"D:/GitHub/Feisty-Heisty/Feisty_Heisty/Content/PolygonCity/Meshes/Props/SM_Prop_Newspaper_02.uexp" 1586
"D:/GitHub/Feisty-Heisty/Feisty_Heisty/Content/PolygonCity/Meshes/Props/SM_Prop_Newspaper_01.ubulk" 1587
"D:/GitHub/Feisty-Heisty/Feisty_Heisty/Content/PolygonCity/Meshes/Props/SM_Prop_Newspaper_01.uasset" 1588
"D:/GitHub/Feisty-Heisty/Feisty_Heisty/Content/PolygonCity/Meshes/Props/SM_Prop_Newspaper_01.uexp" 1589
"D:/GitHub/Feisty-Heisty/Feisty_Heisty/Content/PolygonCity/Meshes/Props/SM_Prop_Manhole_02.ubulk" 1590
"D:/GitHub/Feisty-Heisty/Feisty_Heisty/Content/PolygonCity/Meshes/Props/SM_Prop_Manhole_02.uasset" 1591
"D:/GitHub/Feisty-Heisty/Feisty_Heisty/Content/PolygonCity/Meshes/Props/SM_Prop_Manhole_02.uexp" 1592
"D:/GitHub/Feisty-Heisty/Feisty_Heisty/Content/PolygonCity/Meshes/Props/SM_Prop_Manhole_01.ubulk" 1593
"D:/GitHub/Feisty-Heisty/Feisty_Heisty/Content/PolygonCity/Meshes/Props/SM_Prop_Manhole_01.uasset" 1594
"D:/GitHub/Feisty-Heisty/Feisty_Heisty/Content/PolygonCity/Meshes/Props/SM_Prop_Manhole_01.uexp" 1595
"D:/GitHub/Feisty-Heisty/Feisty_Heisty/Content/PolygonCity/Textures/T_PolygonCity_Road_04.ubulk" 1596
"D:/GitHub/Feisty-Heisty/Feisty_Heisty/Content/PolygonCity/Textures/T_PolygonCity_Road_04.uasset" 1597
"D:/GitHub/Feisty-Heisty/Feisty_Heisty/Content/PolygonCity/Textures/T_PolygonCity_Road_04.uexp" 1598
"D:/GitHub/Feisty-Heisty/Feisty_Heisty/Content/PolygonCity/Textures/T_PolygonCity_Emissive_05.ubulk" 1599
"D:/GitHub/Feisty-Heisty/Feisty_Heisty/Content/PolygonCity/Textures/T_PolygonCity_Emissive_05.uasset" 1600
"D:/GitHub/Feisty-Heisty/Feisty_Heisty/Content/PolygonCity/Textures/T_PolygonCity_Emissive_05.uexp" 1601
"D:/GitHub/Feisty-Heisty/Feisty_Heisty/Content/PolygonCity/Textures/T_PolygonCity_Emissive_04.ubulk" 1602
"D:/GitHub/Feisty-Heisty/Feisty_Heisty/Content/PolygonCity/Textures/T_PolygonCity_Emissive_04.uasset" 1603
"D:/GitHub/Feisty-Heisty/Feisty_Heisty/Content/PolygonCity/Textures/T_PolygonCity_Emissive_04.uexp" 1604
"D:/GitHub/Feisty-Heisty/Feisty_Heisty/Content/PolygonCity/Textures/T_PolygonCity_Emissive_03.ubulk" 1605
"D:/GitHub/Feisty-Heisty/Feisty_Heisty/Content/PolygonCity/Textures/T_PolygonCity_Emissive_03.uasset" 1606
"D:/GitHub/Feisty-Heisty/Feisty_Heisty/Content/PolygonCity/Textures/T_PolygonCity_Emissive_03.uexp" 1607
"D:/GitHub/Feisty-Heisty/Feisty_Heisty/Content/PolygonCity/Textures/T_PolygonCity_Emissive_02.ubulk" 1608
"D:/GitHub/Feisty-Heisty/Feisty_Heisty/Content/PolygonCity/Textures/T_PolygonCity_Emissive_02.uasset" 1609
"D:/GitHub/Feisty-Heisty/Feisty_Heisty/Content/PolygonCity/Textures/T_PolygonCity_Emissive_02.uexp" 1610
"D:/GitHub/Feisty-Heisty/Feisty_Heisty/Content/PolygonCity/Meshes/Props/SM_Prop_Mailbox_01.ubulk" 1611
"D:/GitHub/Feisty-Heisty/Feisty_Heisty/Content/PolygonCity/Meshes/Props/SM_Prop_Mailbox_01.uasset" 1612
"D:/GitHub/Feisty-Heisty/Feisty_Heisty/Content/PolygonCity/Meshes/Props/SM_Prop_Mailbox_01.uexp" 1613
"D:/GitHub/Feisty-Heisty/Feisty_Heisty/Content/PolygonCity/Meshes/Props/SM_Prop_Light_Attachment_01.ubulk" 1614
"D:/GitHub/Feisty-Heisty/Feisty_Heisty/Content/PolygonCity/Meshes/Props/SM_Prop_Light_Attachment_01.uasset" 1615
"D:/GitHub/Feisty-Heisty/Feisty_Heisty/Content/PolygonCity/Meshes/Props/SM_Prop_Light_Attachment_01.uexp" 1616
"D:/GitHub/Feisty-Heisty/Feisty_Heisty/Content/PolygonCity/Meshes/Props/SM_Prop_LightPole_Lights_02.ubulk" 1617
"D:/GitHub/Feisty-Heisty/Feisty_Heisty/Content/PolygonCity/Meshes/Props/SM_Prop_LightPole_Lights_02.uasset" 1618
"D:/GitHub/Feisty-Heisty/Feisty_Heisty/Content/PolygonCity/Meshes/Props/SM_Prop_LightPole_Lights_02.uexp" 1619
"D:/GitHub/Feisty-Heisty/Feisty_Heisty/Content/PolygonCity/Meshes/Props/SM_Prop_LightPole_Lights_01.ubulk" 1620
"D:/GitHub/Feisty-Heisty/Feisty_Heisty/Content/PolygonCity/Meshes/Props/SM_Prop_LightPole_Lights_01.uasset" 1621
"D:/GitHub/Feisty-Heisty/Feisty_Heisty/Content/PolygonCity/Meshes/Props/SM_Prop_LightPole_Lights_01.uexp" 1622
"D:/GitHub/Feisty-Heisty/Feisty_Heisty/Content/PolygonCity/Meshes/Props/SM_Prop_LightPole_CrossLights_01.ubulk" 1623
"D:/GitHub/Feisty-Heisty/Feisty_Heisty/Content/PolygonCity/Meshes/Props/SM_Prop_LightPole_CrossLights_01.uasset" 1624
"D:/GitHub/Feisty-Heisty/Feisty_Heisty/Content/PolygonCity/Meshes/Props/SM_Prop_LightPole_CrossLights_01.uexp" 1625
"D:/GitHub/Feisty-Heisty/Feisty_Heisty/Content/PolygonCity/Meshes/Props/SM_Prop_LightPole_CrossButton_01.ubulk" 1626
"D:/GitHub/Feisty-Heisty/Feisty_Heisty/Content/PolygonCity/Meshes/Props/SM_Prop_LightPole_CrossButton_01.uasset" 1627
"D:/GitHub/Feisty-Heisty/Feisty_Heisty/Content/PolygonCity/Meshes/Props/SM_Prop_LightPole_CrossButton_01.uexp" 1628
"D:/GitHub/Feisty-Heisty/Feisty_Heisty/Content/PolygonCity/Meshes/Props/SM_Prop_LightPole_Box_01.ubulk" 1629
"D:/GitHub/Feisty-Heisty/Feisty_Heisty/Content/PolygonCity/Meshes/Props/SM_Prop_LightPole_Box_01.uasset" 1630
"D:/GitHub/Feisty-Heisty/Feisty_Heisty/Content/PolygonCity/Meshes/Props/SM_Prop_LightPole_Box_01.uexp" 1631
"D:/GitHub/Feisty-Heisty/Feisty_Heisty/Content/PolygonCity/Meshes/Props/SM_Prop_LightPole_Base_02.ubulk" 1632
"D:/GitHub/Feisty-Heisty/Feisty_Heisty/Content/PolygonCity/Meshes/Props/SM_Prop_LightPole_Base_02.uasset" 1633
"D:/GitHub/Feisty-Heisty/Feisty_Heisty/Content/PolygonCity/Meshes/Props/SM_Prop_LightPole_Base_02.uexp" 1634
"D:/GitHub/Feisty-Heisty/Feisty_Heisty/Content/PolygonCity/Meshes/Props/SM_Prop_LightPole_Base_01.ubulk" 1635
"D:/GitHub/Feisty-Heisty/Feisty_Heisty/Content/PolygonCity/Meshes/Props/SM_Prop_LightPole_Base_01.uasset" 1636
"D:/GitHub/Feisty-Heisty/Feisty_Heisty/Content/PolygonCity/Meshes/Props/SM_Prop_LightPole_Base_01.uexp" 1637
"D:/GitHub/Feisty-Heisty/Feisty_Heisty/Content/PolygonCity/Meshes/Props/SM_Prop_LightPole_Arm_01.ubulk" 1638
"D:/GitHub/Feisty-Heisty/Feisty_Heisty/Content/PolygonCity/Meshes/Props/SM_Prop_LightPole_Arm_01.uasset" 1639
"D:/GitHub/Feisty-Heisty/Feisty_Heisty/Content/PolygonCity/Meshes/Props/SM_Prop_LightPole_Arm_01.uexp" 1640
"D:/GitHub/Feisty-Heisty/Feisty_Heisty/Content/PolygonCity/Meshes/Props/SM_Prop_LargeSign_Taco_01.ubulk" 1641
"D:/GitHub/Feisty-Heisty/Feisty_Heisty/Content/PolygonCity/Meshes/Props/SM_Prop_LargeSign_Taco_01.uasset" 1642
"D:/GitHub/Feisty-Heisty/Feisty_Heisty/Content/PolygonCity/Meshes/Props/SM_Prop_LargeSign_Taco_01.uexp" 1643
"D:/GitHub/Feisty-Heisty/Feisty_Heisty/Content/PolygonCity/Meshes/Props/SM_Prop_LargeSign_Soda_01.ubulk" 1644
"D:/GitHub/Feisty-Heisty/Feisty_Heisty/Content/PolygonCity/Meshes/Props/SM_Prop_LargeSign_Soda_01.uasset" 1645
"D:/GitHub/Feisty-Heisty/Feisty_Heisty/Content/PolygonCity/Meshes/Props/SM_Prop_LargeSign_Soda_01.uexp" 1646
"D:/GitHub/Feisty-Heisty/Feisty_Heisty/Content/PolygonCity/Meshes/Props/SM_Prop_LargeSign_Popcorn_01.ubulk" 1647
"D:/GitHub/Feisty-Heisty/Feisty_Heisty/Content/PolygonCity/Meshes/Props/SM_Prop_LargeSign_Popcorn_01.uasset" 1648
"D:/GitHub/Feisty-Heisty/Feisty_Heisty/Content/PolygonCity/Meshes/Props/SM_Prop_LargeSign_Popcorn_01.uexp" 1649
"D:/GitHub/Feisty-Heisty/Feisty_Heisty/Content/PolygonCity/Meshes/Props/SM_Prop_LargeSign_Pizza_01.ubulk" 1650
"D:/GitHub/Feisty-Heisty/Feisty_Heisty/Content/PolygonCity/Meshes/Props/SM_Prop_LargeSign_Pizza_01.uasset" 1651
"D:/GitHub/Feisty-Heisty/Feisty_Heisty/Content/PolygonCity/Meshes/Props/SM_Prop_LargeSign_Pizza_01.uexp" 1652
"D:/GitHub/Feisty-Heisty/Feisty_Heisty/Content/PolygonCity/Meshes/Props/SM_Prop_LargeSign_Noodles_01.ubulk" 1653
"D:/GitHub/Feisty-Heisty/Feisty_Heisty/Content/PolygonCity/Meshes/Props/SM_Prop_LargeSign_Noodles_01.uasset" 1654
"D:/GitHub/Feisty-Heisty/Feisty_Heisty/Content/PolygonCity/Meshes/Props/SM_Prop_LargeSign_Noodles_01.uexp" 1655
"D:/GitHub/Feisty-Heisty/Feisty_Heisty/Content/PolygonCity/Meshes/Props/SM_Prop_LargeSign_Milkshake_01.ubulk" 1656
"D:/GitHub/Feisty-Heisty/Feisty_Heisty/Content/PolygonCity/Meshes/Props/SM_Prop_LargeSign_Milkshake_01.uasset" 1657
"D:/GitHub/Feisty-Heisty/Feisty_Heisty/Content/PolygonCity/Meshes/Props/SM_Prop_LargeSign_Milkshake_01.uexp" 1658
"D:/GitHub/Feisty-Heisty/Feisty_Heisty/Content/PolygonCity/Meshes/Props/SM_Prop_LargeSign_Lollypop_01.ubulk" 1659
"D:/GitHub/Feisty-Heisty/Feisty_Heisty/Content/PolygonCity/Meshes/Props/SM_Prop_LargeSign_Lollypop_01.uasset" 1660
"D:/GitHub/Feisty-Heisty/Feisty_Heisty/Content/PolygonCity/Meshes/Props/SM_Prop_LargeSign_Lollypop_01.uexp" 1661
"D:/GitHub/Feisty-Heisty/Feisty_Heisty/Content/PolygonCity/Meshes/Props/SM_Prop_LargeSign_Icecream_01.ubulk" 1662
"D:/GitHub/Feisty-Heisty/Feisty_Heisty/Content/PolygonCity/Meshes/Props/SM_Prop_LargeSign_Icecream_01.uasset" 1663
"D:/GitHub/Feisty-Heisty/Feisty_Heisty/Content/PolygonCity/Meshes/Props/SM_Prop_LargeSign_Icecream_01.uexp" 1664
"D:/GitHub/Feisty-Heisty/Feisty_Heisty/Content/PolygonCity/Meshes/Props/SM_Prop_LargeSign_Hotdog_01.ubulk" 1665
"D:/GitHub/Feisty-Heisty/Feisty_Heisty/Content/PolygonCity/Meshes/Props/SM_Prop_LargeSign_Hotdog_01.uasset" 1666
"D:/GitHub/Feisty-Heisty/Feisty_Heisty/Content/PolygonCity/Meshes/Props/SM_Prop_LargeSign_Hotdog_01.uexp" 1667
"D:/GitHub/Feisty-Heisty/Feisty_Heisty/Content/PolygonCity/Meshes/Props/SM_Prop_LargeSign_Guitar_01.ubulk" 1668
"D:/GitHub/Feisty-Heisty/Feisty_Heisty/Content/PolygonCity/Meshes/Props/SM_Prop_LargeSign_Guitar_01.uasset" 1669
"D:/GitHub/Feisty-Heisty/Feisty_Heisty/Content/PolygonCity/Meshes/Props/SM_Prop_LargeSign_Guitar_01.uexp" 1670
"D:/GitHub/Feisty-Heisty/Feisty_Heisty/Content/PolygonCity/Meshes/Props/SM_Prop_LargeSign_Donut_01.ubulk" 1671
"D:/GitHub/Feisty-Heisty/Feisty_Heisty/Content/PolygonCity/Meshes/Props/SM_Prop_LargeSign_Donut_01.uasset" 1672
"D:/GitHub/Feisty-Heisty/Feisty_Heisty/Content/PolygonCity/Meshes/Props/SM_Prop_LargeSign_Donut_01.uexp" 1673
"D:/GitHub/Feisty-Heisty/Feisty_Heisty/Content/PolygonCity/Meshes/Props/SM_Prop_LargeSign_Coffee_01.ubulk" 1674
"D:/GitHub/Feisty-Heisty/Feisty_Heisty/Content/PolygonCity/Meshes/Props/SM_Prop_LargeSign_Coffee_01.uasset" 1675
"D:/GitHub/Feisty-Heisty/Feisty_Heisty/Content/PolygonCity/Meshes/Props/SM_Prop_LargeSign_Coffee_01.uexp" 1676
"D:/GitHub/Feisty-Heisty/Feisty_Heisty/Content/PolygonCity/Meshes/Props/SM_Prop_LargeSign_Burger_01.ubulk" 1677
"D:/GitHub/Feisty-Heisty/Feisty_Heisty/Content/PolygonCity/Meshes/Props/SM_Prop_LargeSign_Burger_01.uasset" 1678
"D:/GitHub/Feisty-Heisty/Feisty_Heisty/Content/PolygonCity/Meshes/Props/SM_Prop_LargeSign_Burger_01.uexp" 1679
"D:/GitHub/Feisty-Heisty/Feisty_Heisty/Content/PolygonCity/Meshes/Props/SM_Prop_LargeSign_BowlingPin_01.ubulk" 1680
"D:/GitHub/Feisty-Heisty/Feisty_Heisty/Content/PolygonCity/Meshes/Props/SM_Prop_LargeSign_BowlingPin_01.uasset" 1681
"D:/GitHub/Feisty-Heisty/Feisty_Heisty/Content/PolygonCity/Meshes/Props/SM_Prop_LargeSign_BowlingPin_01.uexp" 1682
"D:/GitHub/Feisty-Heisty/Feisty_Heisty/Content/PolygonCity/Meshes/Props/SM_Prop_LargeSign_BowlingBall_01.ubulk" 1683
"D:/GitHub/Feisty-Heisty/Feisty_Heisty/Content/PolygonCity/Meshes/Props/SM_Prop_LargeSign_BowlingBall_01.uasset" 1684
"D:/GitHub/Feisty-Heisty/Feisty_Heisty/Content/PolygonCity/Meshes/Props/SM_Prop_LargeSign_BowlingBall_01.uexp" 1685
"D:/GitHub/Feisty-Heisty/Feisty_Heisty/Content/PolygonCity/Meshes/Props/SM_Prop_LargeSign_Bottle_01.ubulk" 1686
"D:/GitHub/Feisty-Heisty/Feisty_Heisty/Content/PolygonCity/Meshes/Props/SM_Prop_LargeSign_Bottle_01.uasset" 1687
"D:/GitHub/Feisty-Heisty/Feisty_Heisty/Content/PolygonCity/Meshes/Props/SM_Prop_LargeSign_Bottle_01.uexp" 1688
"D:/GitHub/Feisty-Heisty/Feisty_Heisty/Content/PolygonCity/Meshes/Props/SM_Prop_LargeSign_Beer_01.ubulk" 1689
"D:/GitHub/Feisty-Heisty/Feisty_Heisty/Content/PolygonCity/Meshes/Props/SM_Prop_LargeSign_Beer_01.uasset" 1690
"D:/GitHub/Feisty-Heisty/Feisty_Heisty/Content/PolygonCity/Meshes/Props/SM_Prop_LargeSign_Beer_01.uexp" 1691
"D:/GitHub/Feisty-Heisty/Feisty_Heisty/Content/PolygonCity/Meshes/Props/SM_Prop_Hydrant_01.ubulk" 1692
"D:/GitHub/Feisty-Heisty/Feisty_Heisty/Content/PolygonCity/Meshes/Props/SM_Prop_Hydrant_01.uasset" 1693
"D:/GitHub/Feisty-Heisty/Feisty_Heisty/Content/PolygonCity/Meshes/Props/SM_Prop_Hydrant_01.uexp" 1694
"D:/GitHub/Feisty-Heisty/Feisty_Heisty/Content/PolygonCity/Meshes/Props/SM_Prop_HotdogStand_01.ubulk" 1695
"D:/GitHub/Feisty-Heisty/Feisty_Heisty/Content/PolygonCity/Meshes/Props/SM_Prop_HotdogStand_01.uasset" 1696
"D:/GitHub/Feisty-Heisty/Feisty_Heisty/Content/PolygonCity/Meshes/Props/SM_Prop_HotdogStand_01.uexp" 1697
"D:/GitHub/Feisty-Heisty/Feisty_Heisty/Content/PolygonCity/Meshes/Props/SM_Prop_Door_02.ubulk" 1698
"D:/GitHub/Feisty-Heisty/Feisty_Heisty/Content/PolygonCity/Meshes/Props/SM_Prop_Door_02.uasset" 1699
"D:/GitHub/Feisty-Heisty/Feisty_Heisty/Content/PolygonCity/Meshes/Props/SM_Prop_Door_02.uexp" 1700
"D:/GitHub/Feisty-Heisty/Feisty_Heisty/Content/PolygonCity/Meshes/Props/SM_Prop_Door_01.ubulk" 1701
"D:/GitHub/Feisty-Heisty/Feisty_Heisty/Content/PolygonCity/Meshes/Props/SM_Prop_Door_01.uasset" 1702
"D:/GitHub/Feisty-Heisty/Feisty_Heisty/Content/PolygonCity/Meshes/Props/SM_Prop_Door_01.uexp" 1703
"D:/GitHub/Feisty-Heisty/Feisty_Heisty/Content/PolygonCity/Meshes/Props/SM_Prop_Deckchair_01.ubulk" 1704
"D:/GitHub/Feisty-Heisty/Feisty_Heisty/Content/PolygonCity/Meshes/Props/SM_Prop_Deckchair_01.uasset" 1705
"D:/GitHub/Feisty-Heisty/Feisty_Heisty/Content/PolygonCity/Meshes/Props/SM_Prop_Deckchair_01.uexp" 1706
"D:/GitHub/Feisty-Heisty/Feisty_Heisty/Content/PolygonCity/Meshes/Props/SM_Prop_Couch_01.ubulk" 1707
"D:/GitHub/Feisty-Heisty/Feisty_Heisty/Content/PolygonCity/Meshes/Props/SM_Prop_Couch_01.uasset" 1708
"D:/GitHub/Feisty-Heisty/Feisty_Heisty/Content/PolygonCity/Meshes/Props/SM_Prop_Couch_01.uexp" 1709
"D:/GitHub/Feisty-Heisty/Feisty_Heisty/Content/PolygonCity/Meshes/Props/SM_Prop_Cone_01.ubulk" 1710
"D:/GitHub/Feisty-Heisty/Feisty_Heisty/Content/PolygonCity/Meshes/Props/SM_Prop_Cone_01.uasset" 1711
"D:/GitHub/Feisty-Heisty/Feisty_Heisty/Content/PolygonCity/Meshes/Props/SM_Prop_Cone_01.uexp" 1712
"D:/GitHub/Feisty-Heisty/Feisty_Heisty/Content/PolygonCity/Meshes/Props/SM_Prop_CarboardBox_04.ubulk" 1713
"D:/GitHub/Feisty-Heisty/Feisty_Heisty/Content/PolygonCity/Meshes/Props/SM_Prop_CarboardBox_04.uasset" 1714
"D:/GitHub/Feisty-Heisty/Feisty_Heisty/Content/PolygonCity/Meshes/Props/SM_Prop_CarboardBox_04.uexp" 1715
"D:/GitHub/Feisty-Heisty/Feisty_Heisty/Content/PolygonCity/Meshes/Props/SM_Prop_CarboardBox_03.ubulk" 1716
"D:/GitHub/Feisty-Heisty/Feisty_Heisty/Content/PolygonCity/Meshes/Props/SM_Prop_CarboardBox_03.uasset" 1717
"D:/GitHub/Feisty-Heisty/Feisty_Heisty/Content/PolygonCity/Meshes/Props/SM_Prop_CarboardBox_03.uexp" 1718
"D:/GitHub/Feisty-Heisty/Feisty_Heisty/Content/PolygonCity/Meshes/Props/SM_Prop_CarboardBox_02.ubulk" 1719
"D:/GitHub/Feisty-Heisty/Feisty_Heisty/Content/PolygonCity/Meshes/Props/SM_Prop_CarboardBox_02.uasset" 1720
"D:/GitHub/Feisty-Heisty/Feisty_Heisty/Content/PolygonCity/Meshes/Props/SM_Prop_CarboardBox_02.uexp" 1721
"D:/GitHub/Feisty-Heisty/Feisty_Heisty/Content/PolygonCity/Meshes/Props/SM_Prop_CarboardBox_01.ubulk" 1722
"D:/GitHub/Feisty-Heisty/Feisty_Heisty/Content/PolygonCity/Meshes/Props/SM_Prop_CarboardBox_01.uasset" 1723
"D:/GitHub/Feisty-Heisty/Feisty_Heisty/Content/PolygonCity/Meshes/Props/SM_Prop_CarboardBox_01.uexp" 1724
"D:/GitHub/Feisty-Heisty/Feisty_Heisty/Content/PolygonCity/Meshes/Props/SM_Prop_BusStop_01_Glass.ubulk" 1725
"D:/GitHub/Feisty-Heisty/Feisty_Heisty/Content/PolygonCity/Meshes/Props/SM_Prop_BusStop_01_Glass.uasset" 1726
"D:/GitHub/Feisty-Heisty/Feisty_Heisty/Content/PolygonCity/Meshes/Props/SM_Prop_BusStop_01_Glass.uexp" 1727
"D:/GitHub/Feisty-Heisty/Feisty_Heisty/Content/PolygonCity/Meshes/Props/SM_Prop_BusStop_01.ubulk" 1728
"D:/GitHub/Feisty-Heisty/Feisty_Heisty/Content/PolygonCity/Meshes/Props/SM_Prop_BusStop_01.uasset" 1729
"D:/GitHub/Feisty-Heisty/Feisty_Heisty/Content/PolygonCity/Meshes/Props/SM_Prop_BusStop_01.uexp" 1730
"D:/GitHub/Feisty-Heisty/Feisty_Heisty/Content/PolygonCity/Meshes/Props/SM_Prop_Buger_01.ubulk" 1731
"D:/GitHub/Feisty-Heisty/Feisty_Heisty/Content/PolygonCity/Meshes/Props/SM_Prop_Buger_01.uasset" 1732
"D:/GitHub/Feisty-Heisty/Feisty_Heisty/Content/PolygonCity/Meshes/Props/SM_Prop_Buger_01.uexp" 1733
"D:/GitHub/Feisty-Heisty/Feisty_Heisty/Content/PolygonCity/Meshes/Props/SM_Prop_Billboard_Sign_07.ubulk" 1734
"D:/GitHub/Feisty-Heisty/Feisty_Heisty/Content/PolygonCity/Meshes/Props/SM_Prop_Billboard_Sign_07.uasset" 1735
"D:/GitHub/Feisty-Heisty/Feisty_Heisty/Content/PolygonCity/Meshes/Props/SM_Prop_Billboard_Sign_07.uexp" 1736
"D:/GitHub/Feisty-Heisty/Feisty_Heisty/Content/PolygonCity/Meshes/Props/SM_Prop_Billboard_Sign_06.ubulk" 1737
"D:/GitHub/Feisty-Heisty/Feisty_Heisty/Content/PolygonCity/Meshes/Props/SM_Prop_Billboard_Sign_06.uasset" 1738
"D:/GitHub/Feisty-Heisty/Feisty_Heisty/Content/PolygonCity/Meshes/Props/SM_Prop_Billboard_Sign_06.uexp" 1739
"D:/GitHub/Feisty-Heisty/Feisty_Heisty/Content/PolygonCity/Meshes/Props/SM_Prop_Billboard_Sign_05.ubulk" 1740
"D:/GitHub/Feisty-Heisty/Feisty_Heisty/Content/PolygonCity/Meshes/Props/SM_Prop_Billboard_Sign_05.uasset" 1741
"D:/GitHub/Feisty-Heisty/Feisty_Heisty/Content/PolygonCity/Meshes/Props/SM_Prop_Billboard_Sign_05.uexp" 1742
"D:/GitHub/Feisty-Heisty/Feisty_Heisty/Content/PolygonCity/Meshes/Props/SM_Prop_Billboard_Sign_04.ubulk" 1743
"D:/GitHub/Feisty-Heisty/Feisty_Heisty/Content/PolygonCity/Meshes/Props/SM_Prop_Billboard_Sign_04.uasset" 1744
"D:/GitHub/Feisty-Heisty/Feisty_Heisty/Content/PolygonCity/Meshes/Props/SM_Prop_Billboard_Sign_04.uexp" 1745
"D:/GitHub/Feisty-Heisty/Feisty_Heisty/Content/PolygonCity/Meshes/Props/SM_Prop_Billboard_Sign_03.ubulk" 1746
"D:/GitHub/Feisty-Heisty/Feisty_Heisty/Content/PolygonCity/Meshes/Props/SM_Prop_Billboard_Sign_03.uasset" 1747
"D:/GitHub/Feisty-Heisty/Feisty_Heisty/Content/PolygonCity/Meshes/Props/SM_Prop_Billboard_Sign_03.uexp" 1748
"D:/GitHub/Feisty-Heisty/Feisty_Heisty/Content/PolygonCity/Meshes/Props/SM_Prop_Billboard_Sign_02.ubulk" 1749
"D:/GitHub/Feisty-Heisty/Feisty_Heisty/Content/PolygonCity/Meshes/Props/SM_Prop_Billboard_Sign_02.uasset" 1750
"D:/GitHub/Feisty-Heisty/Feisty_Heisty/Content/PolygonCity/Meshes/Props/SM_Prop_Billboard_Sign_02.uexp" 1751
"D:/GitHub/Feisty-Heisty/Feisty_Heisty/Content/PolygonCity/Meshes/Props/SM_Prop_Billboard_Sign_01.ubulk" 1752
"D:/GitHub/Feisty-Heisty/Feisty_Heisty/Content/PolygonCity/Meshes/Props/SM_Prop_Billboard_Sign_01.uasset" 1753
"D:/GitHub/Feisty-Heisty/Feisty_Heisty/Content/PolygonCity/Meshes/Props/SM_Prop_Billboard_Sign_01.uexp" 1754
"D:/GitHub/Feisty-Heisty/Feisty_Heisty/Content/PolygonCity/Meshes/Props/SM_Prop_Billboard_Roof_01.ubulk" 1755
"D:/GitHub/Feisty-Heisty/Feisty_Heisty/Content/PolygonCity/Meshes/Props/SM_Prop_Billboard_Roof_01.uasset" 1756
"D:/GitHub/Feisty-Heisty/Feisty_Heisty/Content/PolygonCity/Meshes/Props/SM_Prop_Billboard_Roof_01.uexp" 1757
"D:/GitHub/Feisty-Heisty/Feisty_Heisty/Content/PolygonCity/Meshes/Props/SM_Prop_Billboard_Pole_01.ubulk" 1758
"D:/GitHub/Feisty-Heisty/Feisty_Heisty/Content/PolygonCity/Meshes/Props/SM_Prop_Billboard_Pole_01.uasset" 1759
"D:/GitHub/Feisty-Heisty/Feisty_Heisty/Content/PolygonCity/Meshes/Props/SM_Prop_Billboard_Pole_01.uexp" 1760
"D:/GitHub/Feisty-Heisty/Feisty_Heisty/Content/PolygonCity/Meshes/Props/SM_Prop_Billboard_01.ubulk" 1761
"D:/GitHub/Feisty-Heisty/Feisty_Heisty/Content/PolygonCity/Meshes/Props/SM_Prop_Billboard_01.uasset" 1762
"D:/GitHub/Feisty-Heisty/Feisty_Heisty/Content/PolygonCity/Meshes/Props/SM_Prop_Billboard_01.uexp" 1763
"D:/GitHub/Feisty-Heisty/Feisty_Heisty/Content/PolygonCity/Meshes/Props/SM_Prop_Barrier_01.ubulk" 1764
"D:/GitHub/Feisty-Heisty/Feisty_Heisty/Content/PolygonCity/Meshes/Props/SM_Prop_Barrier_01.uasset" 1765
"D:/GitHub/Feisty-Heisty/Feisty_Heisty/Content/PolygonCity/Meshes/Props/SM_Prop_Barrier_01.uexp" 1766
"D:/GitHub/Feisty-Heisty/Feisty_Heisty/Content/PolygonCity/Meshes/Props/SM_Prop_ATM_01.ubulk" 1767
"D:/GitHub/Feisty-Heisty/Feisty_Heisty/Content/PolygonCity/Meshes/Props/SM_Prop_ATM_01.uasset" 1768
"D:/GitHub/Feisty-Heisty/Feisty_Heisty/Content/PolygonCity/Meshes/Props/SM_Prop_ATM_01.uexp" 1769
"D:/GitHub/Feisty-Heisty/Feisty_Heisty/Content/PolygonCity/Meshes/Props/SM_Prop_Aircon_01.ubulk" 1770
"D:/GitHub/Feisty-Heisty/Feisty_Heisty/Content/PolygonCity/Meshes/Props/SM_Prop_Aircon_01.uasset" 1771
"D:/GitHub/Feisty-Heisty/Feisty_Heisty/Content/PolygonCity/Meshes/Props/SM_Prop_Aircon_01.uexp" 1772
"D:/GitHub/Feisty-Heisty/Feisty_Heisty/Content/PolygonHeist/Textures/T_PeopleMasks_White_Blonde.ubulk" 1773
"D:/GitHub/Feisty-Heisty/Feisty_Heisty/Content/PolygonHeist/Textures/T_PeopleMasks_White_Blonde.uasset" 1774
"D:/GitHub/Feisty-Heisty/Feisty_Heisty/Content/PolygonHeist/Textures/T_PeopleMasks_White_Blonde.uexp" 1775
"D:/GitHub/Feisty-Heisty/Feisty_Heisty/Content/PolygonHeist/Materials/Mat_Simple_PeopleMasks_White_Blonde.uasset" 1776
"D:/GitHub/Feisty-Heisty/Feisty_Heisty/Content/PolygonHeist/Materials/Mat_Simple_PeopleMasks_White_Blonde.uexp" 1777
"D:/GitHub/Feisty-Heisty/Feisty_Heisty/Content/PolygonHeist/Textures/T_PeopleMasks_Brown.ubulk" 1778
"D:/GitHub/Feisty-Heisty/Feisty_Heisty/Content/PolygonHeist/Textures/T_PeopleMasks_Brown.uasset" 1779
"D:/GitHub/Feisty-Heisty/Feisty_Heisty/Content/PolygonHeist/Textures/T_PeopleMasks_Brown.uexp" 1780
"D:/GitHub/Feisty-Heisty/Feisty_Heisty/Content/PolygonHeist/Materials/Mat_Simple_PeopleMasks_Brown.uasset" 1781
"D:/GitHub/Feisty-Heisty/Feisty_Heisty/Content/PolygonHeist/Materials/Mat_Simple_PeopleMasks_Brown.uexp" 1782
"D:/GitHub/Feisty-Heisty/Feisty_Heisty/Content/PolygonHeist/Textures/T_PeopleMasks_Black.ubulk" 1783
"D:/GitHub/Feisty-Heisty/Feisty_Heisty/Content/PolygonHeist/Textures/T_PeopleMasks_Black.uasset" 1784
"D:/GitHub/Feisty-Heisty/Feisty_Heisty/Content/PolygonHeist/Textures/T_PeopleMasks_Black.uexp" 1785
"D:/GitHub/Feisty-Heisty/Feisty_Heisty/Content/PolygonHeist/Materials/Mat_Simple_PeopleMasks_Black.uasset" 1786
"D:/GitHub/Feisty-Heisty/Feisty_Heisty/Content/PolygonHeist/Materials/Mat_Simple_PeopleMasks_Black.uexp" 1787
"D:/GitHub/Feisty-Heisty/Feisty_Heisty/Content/PolygonHeist/Textures/T_PolygonHeist_04_C.ubulk" 1788
"D:/GitHub/Feisty-Heisty/Feisty_Heisty/Content/PolygonHeist/Textures/T_PolygonHeist_04_C.uasset" 1789
"D:/GitHub/Feisty-Heisty/Feisty_Heisty/Content/PolygonHeist/Textures/T_PolygonHeist_04_C.uexp" 1790
"D:/GitHub/Feisty-Heisty/Feisty_Heisty/Content/PolygonHeist/Materials/Mat_PolygonHeist_04_C.uasset" 1791
"D:/GitHub/Feisty-Heisty/Feisty_Heisty/Content/PolygonHeist/Materials/Mat_PolygonHeist_04_C.uexp" 1792
"D:/GitHub/Feisty-Heisty/Feisty_Heisty/Content/PolygonHeist/Textures/T_PolygonHeist_04_B.ubulk" 1793
"D:/GitHub/Feisty-Heisty/Feisty_Heisty/Content/PolygonHeist/Textures/T_PolygonHeist_04_B.uasset" 1794
"D:/GitHub/Feisty-Heisty/Feisty_Heisty/Content/PolygonHeist/Textures/T_PolygonHeist_04_B.uexp" 1795
"D:/GitHub/Feisty-Heisty/Feisty_Heisty/Content/PolygonHeist/Materials/Mat_PolygonHeist_04_B.uasset" 1796
"D:/GitHub/Feisty-Heisty/Feisty_Heisty/Content/PolygonHeist/Materials/Mat_PolygonHeist_04_B.uexp" 1797
"D:/GitHub/Feisty-Heisty/Feisty_Heisty/Content/PolygonHeist/Textures/T_PolygonHeist_03_C.ubulk" 1798
"D:/GitHub/Feisty-Heisty/Feisty_Heisty/Content/PolygonHeist/Textures/T_PolygonHeist_03_C.uasset" 1799
"D:/GitHub/Feisty-Heisty/Feisty_Heisty/Content/PolygonHeist/Textures/T_PolygonHeist_03_C.uexp" 1800
"D:/GitHub/Feisty-Heisty/Feisty_Heisty/Content/PolygonHeist/Materials/Mat_PolygonHeist_03_C.uasset" 1801
"D:/GitHub/Feisty-Heisty/Feisty_Heisty/Content/PolygonHeist/Materials/Mat_PolygonHeist_03_C.uexp" 1802
"D:/GitHub/Feisty-Heisty/Feisty_Heisty/Content/PolygonHeist/Textures/T_PolygonHeist_03_B.ubulk" 1803
"D:/GitHub/Feisty-Heisty/Feisty_Heisty/Content/PolygonHeist/Textures/T_PolygonHeist_03_B.uasset" 1804
"D:/GitHub/Feisty-Heisty/Feisty_Heisty/Content/PolygonHeist/Textures/T_PolygonHeist_03_B.uexp" 1805
"D:/GitHub/Feisty-Heisty/Feisty_Heisty/Content/PolygonHeist/Materials/Mat_PolygonHeist_03_B.uasset" 1806
"D:/GitHub/Feisty-Heisty/Feisty_Heisty/Content/PolygonHeist/Materials/Mat_PolygonHeist_03_B.uexp" 1807
"D:/GitHub/Feisty-Heisty/Feisty_Heisty/Content/PolygonHeist/Textures/T_PolygonHeist_02_C.ubulk" 1808
"D:/GitHub/Feisty-Heisty/Feisty_Heisty/Content/PolygonHeist/Textures/T_PolygonHeist_02_C.uasset" 1809
"D:/GitHub/Feisty-Heisty/Feisty_Heisty/Content/PolygonHeist/Textures/T_PolygonHeist_02_C.uexp" 1810
"D:/GitHub/Feisty-Heisty/Feisty_Heisty/Content/PolygonHeist/Materials/Mat_PolygonHeist_02_C.uasset" 1811
"D:/GitHub/Feisty-Heisty/Feisty_Heisty/Content/PolygonHeist/Materials/Mat_PolygonHeist_02_C.uexp" 1812
"D:/GitHub/Feisty-Heisty/Feisty_Heisty/Content/PolygonHeist/Textures/T_PolygonHeist_02_B.ubulk" 1813
"D:/GitHub/Feisty-Heisty/Feisty_Heisty/Content/PolygonHeist/Textures/T_PolygonHeist_02_B.uasset" 1814
"D:/GitHub/Feisty-Heisty/Feisty_Heisty/Content/PolygonHeist/Textures/T_PolygonHeist_02_B.uexp" 1815
"D:/GitHub/Feisty-Heisty/Feisty_Heisty/Content/PolygonHeist/Materials/Mat_PolygonHeist_02_B.uasset" 1816
"D:/GitHub/Feisty-Heisty/Feisty_Heisty/Content/PolygonHeist/Materials/Mat_PolygonHeist_02_B.uexp" 1817
"D:/GitHub/Feisty-Heisty/Feisty_Heisty/Content/PolygonHeist/Textures/T_PolygonHeist_01_C.ubulk" 1818
"D:/GitHub/Feisty-Heisty/Feisty_Heisty/Content/PolygonHeist/Textures/T_PolygonHeist_01_C.uasset" 1819
"D:/GitHub/Feisty-Heisty/Feisty_Heisty/Content/PolygonHeist/Textures/T_PolygonHeist_01_C.uexp" 1820
"D:/GitHub/Feisty-Heisty/Feisty_Heisty/Content/PolygonHeist/Materials/Mat_PolygonHeist_01_C.uasset" 1821
"D:/GitHub/Feisty-Heisty/Feisty_Heisty/Content/PolygonHeist/Materials/Mat_PolygonHeist_01_C.uexp" 1822
"D:/GitHub/Feisty-Heisty/Feisty_Heisty/Content/PolygonHeist/Textures/T_PolygonHeist_01_B.ubulk" 1823
"D:/GitHub/Feisty-Heisty/Feisty_Heisty/Content/PolygonHeist/Textures/T_PolygonHeist_01_B.uasset" 1824
"D:/GitHub/Feisty-Heisty/Feisty_Heisty/Content/PolygonHeist/Textures/T_PolygonHeist_01_B.uexp" 1825
"D:/GitHub/Feisty-Heisty/Feisty_Heisty/Content/PolygonHeist/Materials/Mat_PolygonHeist_01_B.uasset" 1826
"D:/GitHub/Feisty-Heisty/Feisty_Heisty/Content/PolygonHeist/Materials/Mat_PolygonHeist_01_B.uexp" 1827
"D:/GitHub/Feisty-Heisty/Feisty_Heisty/Content/PolygonHeist/Materials/Mat_Overview.uasset" 1828
"D:/GitHub/Feisty-Heisty/Feisty_Heisty/Content/PolygonHeist/Materials/Mat_Overview.uexp" 1829
"D:/GitHub/Feisty-Heisty/Feisty_Heisty/Content/PolygonHeist/Meshes/Characters/SK_Character_Heist_Skeleton.uasset" 1830
"D:/GitHub/Feisty-Heisty/Feisty_Heisty/Content/PolygonHeist/Meshes/Characters/SK_Character_Heist_Skeleton.uexp" 1831
"D:/GitHub/Feisty-Heisty/Feisty_Heisty/Content/PolygonHeist/Textures/T_PolygonHeist_01_A.ubulk" 1832
"D:/GitHub/Feisty-Heisty/Feisty_Heisty/Content/PolygonHeist/Textures/T_PolygonHeist_01_A.uasset" 1833
"D:/GitHub/Feisty-Heisty/Feisty_Heisty/Content/PolygonHeist/Textures/T_PolygonHeist_01_A.uexp" 1834
"D:/GitHub/Feisty-Heisty/Feisty_Heisty/Content/PolygonHeist/Materials/Mat_PolygonHeist_01_A.uasset" 1835
"D:/GitHub/Feisty-Heisty/Feisty_Heisty/Content/PolygonHeist/Materials/Mat_PolygonHeist_01_A.uexp" 1836
"D:/GitHub/Feisty-Heisty/Feisty_Heisty/Content/PolygonHeist/Meshes/Characters/SK_Character_Male_SuitVest_01_Duffle_PhysicsAsset.uasset" 1837
"D:/GitHub/Feisty-Heisty/Feisty_Heisty/Content/PolygonHeist/Meshes/Characters/SK_Character_Male_SuitVest_01_Duffle_PhysicsAsset.uexp" 1838
"D:/GitHub/Feisty-Heisty/Feisty_Heisty/Content/PolygonHeist/Meshes/Characters/SK_Character_Male_SuitVest_01_Duffle.uasset" 1839
"D:/GitHub/Feisty-Heisty/Feisty_Heisty/Content/PolygonHeist/Meshes/Characters/SK_Character_Male_SuitVest_01_Duffle.uexp" 1840
"D:/GitHub/Feisty-Heisty/Feisty_Heisty/Content/PolygonHeist/Meshes/Characters/SK_Character_Male_SuitVest_01_PhysicsAsset.uasset" 1841
"D:/GitHub/Feisty-Heisty/Feisty_Heisty/Content/PolygonHeist/Meshes/Characters/SK_Character_Male_SuitVest_01_PhysicsAsset.uexp" 1842
"D:/GitHub/Feisty-Heisty/Feisty_Heisty/Content/PolygonHeist/Meshes/Characters/SK_Character_Male_SuitVest_01.uasset" 1843
"D:/GitHub/Feisty-Heisty/Feisty_Heisty/Content/PolygonHeist/Meshes/Characters/SK_Character_Male_SuitVest_01.uexp" 1844
"D:/GitHub/Feisty-Heisty/Feisty_Heisty/Content/PolygonHeist/Meshes/Characters/SK_Character_Male_Shirt_01_Duffle_PhysicsAsset.uasset" 1845
"D:/GitHub/Feisty-Heisty/Feisty_Heisty/Content/PolygonHeist/Meshes/Characters/SK_Character_Male_Shirt_01_Duffle_PhysicsAsset.uexp" 1846
"D:/GitHub/Feisty-Heisty/Feisty_Heisty/Content/PolygonHeist/Meshes/Characters/SK_Character_Male_Shirt_01_Duffle.uasset" 1847
"D:/GitHub/Feisty-Heisty/Feisty_Heisty/Content/PolygonHeist/Meshes/Characters/SK_Character_Male_Shirt_01_Duffle.uexp" 1848
"D:/GitHub/Feisty-Heisty/Feisty_Heisty/Content/PolygonHeist/Meshes/Characters/SK_Character_Male_Shirt_01_PhysicsAsset.uasset" 1849
"D:/GitHub/Feisty-Heisty/Feisty_Heisty/Content/PolygonHeist/Meshes/Characters/SK_Character_Male_Shirt_01_PhysicsAsset.uexp" 1850
"D:/GitHub/Feisty-Heisty/Feisty_Heisty/Content/PolygonHeist/Meshes/Characters/SK_Character_Male_Shirt_01.uasset" 1851
"D:/GitHub/Feisty-Heisty/Feisty_Heisty/Content/PolygonHeist/Meshes/Characters/SK_Character_Male_Shirt_01.uexp" 1852
"D:/GitHub/Feisty-Heisty/Feisty_Heisty/Content/PolygonHeist/Meshes/Characters/SK_Character_Male_Overall_01_Duffle_PhysicsAsset.uasset" 1853
"D:/GitHub/Feisty-Heisty/Feisty_Heisty/Content/PolygonHeist/Meshes/Characters/SK_Character_Male_Overall_01_Duffle_PhysicsAsset.uexp" 1854
"D:/GitHub/Feisty-Heisty/Feisty_Heisty/Content/PolygonHeist/Meshes/Characters/SK_Character_Male_Overall_01_Duffle.uasset" 1855
"D:/GitHub/Feisty-Heisty/Feisty_Heisty/Content/PolygonHeist/Meshes/Characters/SK_Character_Male_Overall_01_Duffle.uexp" 1856
"D:/GitHub/Feisty-Heisty/Feisty_Heisty/Content/PolygonHeist/Meshes/Characters/SK_Character_Male_Overall_01_PhysicsAsset.uasset" 1857
"D:/GitHub/Feisty-Heisty/Feisty_Heisty/Content/PolygonHeist/Meshes/Characters/SK_Character_Male_Overall_01_PhysicsAsset.uexp" 1858
"D:/GitHub/Feisty-Heisty/Feisty_Heisty/Content/PolygonHeist/Meshes/Characters/SK_Character_Male_Overall_01.uasset" 1859
"D:/GitHub/Feisty-Heisty/Feisty_Heisty/Content/PolygonHeist/Meshes/Characters/SK_Character_Male_Overall_01.uexp" 1860
"D:/GitHub/Feisty-Heisty/Feisty_Heisty/Content/PolygonHeist/Meshes/Characters/SK_Character_Male_FBI_PhysicsAsset.uasset" 1861
"D:/GitHub/Feisty-Heisty/Feisty_Heisty/Content/PolygonHeist/Meshes/Characters/SK_Character_Male_FBI_PhysicsAsset.uexp" 1862
"D:/GitHub/Feisty-Heisty/Feisty_Heisty/Content/PolygonHeist/Meshes/Characters/SK_Character_Male_FBI.uasset" 1863
"D:/GitHub/Feisty-Heisty/Feisty_Heisty/Content/PolygonHeist/Meshes/Characters/SK_Character_Male_FBI.uexp" 1864
"D:/GitHub/Feisty-Heisty/Feisty_Heisty/Content/PolygonHeist/Meshes/Characters/SK_Character_Female_SuitVest_01_Duffle_PhysicsAsset.uasset" 1865
"D:/GitHub/Feisty-Heisty/Feisty_Heisty/Content/PolygonHeist/Meshes/Characters/SK_Character_Female_SuitVest_01_Duffle_PhysicsAsset.uexp" 1866
"D:/GitHub/Feisty-Heisty/Feisty_Heisty/Content/PolygonHeist/Meshes/Characters/SK_Character_Female_SuitVest_01_Duffle.uasset" 1867
"D:/GitHub/Feisty-Heisty/Feisty_Heisty/Content/PolygonHeist/Meshes/Characters/SK_Character_Female_SuitVest_01_Duffle.uexp" 1868
"D:/GitHub/Feisty-Heisty/Feisty_Heisty/Content/PolygonHeist/Meshes/Characters/SK_Character_Female_SuitVest_01_PhysicsAsset.uasset" 1869
"D:/GitHub/Feisty-Heisty/Feisty_Heisty/Content/PolygonHeist/Meshes/Characters/SK_Character_Female_SuitVest_01_PhysicsAsset.uexp" 1870
"D:/GitHub/Feisty-Heisty/Feisty_Heisty/Content/PolygonHeist/Meshes/Characters/SK_Character_Female_SuitVest_01.uasset" 1871
"D:/GitHub/Feisty-Heisty/Feisty_Heisty/Content/PolygonHeist/Meshes/Characters/SK_Character_Female_SuitVest_01.uexp" 1872
"D:/GitHub/Feisty-Heisty/Feisty_Heisty/Content/PolygonHeist/Meshes/Characters/SK_Character_Female_Shirt_01_Duffle_PhysicsAsset.uasset" 1873
"D:/GitHub/Feisty-Heisty/Feisty_Heisty/Content/PolygonHeist/Meshes/Characters/SK_Character_Female_Shirt_01_Duffle_PhysicsAsset.uexp" 1874
"D:/GitHub/Feisty-Heisty/Feisty_Heisty/Content/PolygonHeist/Meshes/Characters/SK_Character_Female_Shirt_01_Duffle.uasset" 1875
"D:/GitHub/Feisty-Heisty/Feisty_Heisty/Content/PolygonHeist/Meshes/Characters/SK_Character_Female_Shirt_01_Duffle.uexp" 1876
"D:/GitHub/Feisty-Heisty/Feisty_Heisty/Content/PolygonHeist/Meshes/Characters/SK_Character_Female_Shirt_01_PhysicsAsset.uasset" 1877
"D:/GitHub/Feisty-Heisty/Feisty_Heisty/Content/PolygonHeist/Meshes/Characters/SK_Character_Female_Shirt_01_PhysicsAsset.uexp" 1878
"D:/GitHub/Feisty-Heisty/Feisty_Heisty/Content/PolygonHeist/Meshes/Characters/SK_Character_Female_Shirt_01.uasset" 1879
"D:/GitHub/Feisty-Heisty/Feisty_Heisty/Content/PolygonHeist/Meshes/Characters/SK_Character_Female_Shirt_01.uexp" 1880
"D:/GitHub/Feisty-Heisty/Feisty_Heisty/Content/PolygonHeist/Meshes/Characters/SK_Character_Female_Overall_01_Duffle_PhysicsAsset.uasset" 1881
"D:/GitHub/Feisty-Heisty/Feisty_Heisty/Content/PolygonHeist/Meshes/Characters/SK_Character_Female_Overall_01_Duffle_PhysicsAsset.uexp" 1882
"D:/GitHub/Feisty-Heisty/Feisty_Heisty/Content/PolygonHeist/Meshes/Characters/SK_Character_Female_Overall_01_Duffle.uasset" 1883
"D:/GitHub/Feisty-Heisty/Feisty_Heisty/Content/PolygonHeist/Meshes/Characters/SK_Character_Female_Overall_01_Duffle.uexp" 1884
"D:/GitHub/Feisty-Heisty/Feisty_Heisty/Content/PolygonHeist/Meshes/Characters/SK_Character_Female_Overall_01_PhysicsAsset.uasset" 1885
"D:/GitHub/Feisty-Heisty/Feisty_Heisty/Content/PolygonHeist/Meshes/Characters/SK_Character_Female_Overall_01_PhysicsAsset.uexp" 1886
"D:/GitHub/Feisty-Heisty/Feisty_Heisty/Content/PolygonHeist/Meshes/Characters/SK_Character_Female_Overall_01.uasset" 1887
"D:/GitHub/Feisty-Heisty/Feisty_Heisty/Content/PolygonHeist/Meshes/Characters/SK_Character_Female_Overall_01.uexp" 1888
"D:/GitHub/Feisty-Heisty/Feisty_Heisty/Content/PolygonHeist/Meshes/Characters/SK_Character_Female_FBI_PhysicsAsset.uasset" 1889
"D:/GitHub/Feisty-Heisty/Feisty_Heisty/Content/PolygonHeist/Meshes/Characters/SK_Character_Female_FBI_PhysicsAsset.uexp" 1890
"D:/GitHub/Feisty-Heisty/Feisty_Heisty/Content/PolygonHeist/Meshes/Characters/SK_Character_Female_FBI.uasset" 1891
"D:/GitHub/Feisty-Heisty/Feisty_Heisty/Content/PolygonHeist/Meshes/Characters/SK_Character_Female_FBI.uexp" 1892
"D:/GitHub/Feisty-Heisty/Feisty_Heisty/Content/PolygonHeist/Meshes/Environments/SM_Env_Wall_Window_Panels_01.ubulk" 1893
"D:/GitHub/Feisty-Heisty/Feisty_Heisty/Content/PolygonHeist/Meshes/Environments/SM_Env_Wall_Window_Panels_01.uasset" 1894
"D:/GitHub/Feisty-Heisty/Feisty_Heisty/Content/PolygonHeist/Meshes/Environments/SM_Env_Wall_Window_Panels_01.uexp" 1895
"D:/GitHub/Feisty-Heisty/Feisty_Heisty/Content/PolygonHeist/Meshes/Environments/SM_Env_Wall_Window_Blinds_01.ubulk" 1896
"D:/GitHub/Feisty-Heisty/Feisty_Heisty/Content/PolygonHeist/Meshes/Environments/SM_Env_Wall_Window_Blinds_01.uasset" 1897
"D:/GitHub/Feisty-Heisty/Feisty_Heisty/Content/PolygonHeist/Meshes/Environments/SM_Env_Wall_Window_Blinds_01.uexp" 1898
"D:/GitHub/Feisty-Heisty/Feisty_Heisty/Content/PolygonHeist/Materials/Mat_PolygonHeist_Glass.uasset" 1899
"D:/GitHub/Feisty-Heisty/Feisty_Heisty/Content/PolygonHeist/Materials/Mat_PolygonHeist_Glass.uexp" 1900
"D:/GitHub/Feisty-Heisty/Feisty_Heisty/Content/PolygonHeist/Meshes/Environments/SM_Env_Wall_Interior_Window_Ground_Glass_02.ubulk" 1901
"D:/GitHub/Feisty-Heisty/Feisty_Heisty/Content/PolygonHeist/Meshes/Environments/SM_Env_Wall_Interior_Window_Ground_Glass_02.uasset" 1902
"D:/GitHub/Feisty-Heisty/Feisty_Heisty/Content/PolygonHeist/Meshes/Environments/SM_Env_Wall_Interior_Window_Ground_Glass_02.uexp" 1903
"D:/GitHub/Feisty-Heisty/Feisty_Heisty/Content/PolygonHeist/Meshes/Environments/SM_Env_Wall_Interior_Window_Ground_Glass_01.ubulk" 1904
"D:/GitHub/Feisty-Heisty/Feisty_Heisty/Content/PolygonHeist/Meshes/Environments/SM_Env_Wall_Interior_Window_Ground_Glass_01.uasset" 1905
"D:/GitHub/Feisty-Heisty/Feisty_Heisty/Content/PolygonHeist/Meshes/Environments/SM_Env_Wall_Interior_Window_Ground_Glass_01.uexp" 1906
"D:/GitHub/Feisty-Heisty/Feisty_Heisty/Content/PolygonHeist/Meshes/Environments/SM_Env_Wall_Interior_Window_Ground_02.ubulk" 1907
"D:/GitHub/Feisty-Heisty/Feisty_Heisty/Content/PolygonHeist/Meshes/Environments/SM_Env_Wall_Interior_Window_Ground_02.uasset" 1908
"D:/GitHub/Feisty-Heisty/Feisty_Heisty/Content/PolygonHeist/Meshes/Environments/SM_Env_Wall_Interior_Window_Ground_02.uexp" 1909
"D:/GitHub/Feisty-Heisty/Feisty_Heisty/Content/PolygonHeist/Meshes/Environments/SM_Env_Wall_Interior_Window_Ground_01.ubulk" 1910
"D:/GitHub/Feisty-Heisty/Feisty_Heisty/Content/PolygonHeist/Meshes/Environments/SM_Env_Wall_Interior_Window_Ground_01.uasset" 1911
"D:/GitHub/Feisty-Heisty/Feisty_Heisty/Content/PolygonHeist/Meshes/Environments/SM_Env_Wall_Interior_Window_Ground_01.uexp" 1912
"D:/GitHub/Feisty-Heisty/Feisty_Heisty/Content/PolygonHeist/Meshes/Environments/SM_Env_Wall_Interior_Window_Glass_02.ubulk" 1913
"D:/GitHub/Feisty-Heisty/Feisty_Heisty/Content/PolygonHeist/Meshes/Environments/SM_Env_Wall_Interior_Window_Glass_02.uasset" 1914
"D:/GitHub/Feisty-Heisty/Feisty_Heisty/Content/PolygonHeist/Meshes/Environments/SM_Env_Wall_Interior_Window_Glass_02.uexp" 1915
"D:/GitHub/Feisty-Heisty/Feisty_Heisty/Content/PolygonHeist/Meshes/Environments/SM_Env_Wall_Interior_Window_Glass_01.ubulk" 1916
"D:/GitHub/Feisty-Heisty/Feisty_Heisty/Content/PolygonHeist/Meshes/Environments/SM_Env_Wall_Interior_Window_Glass_01.uasset" 1917
"D:/GitHub/Feisty-Heisty/Feisty_Heisty/Content/PolygonHeist/Meshes/Environments/SM_Env_Wall_Interior_Window_Glass_01.uexp" 1918
"D:/GitHub/Feisty-Heisty/Feisty_Heisty/Content/PolygonHeist/Meshes/Environments/SM_Env_Wall_Interior_Window_02.ubulk" 1919
"D:/GitHub/Feisty-Heisty/Feisty_Heisty/Content/PolygonHeist/Meshes/Environments/SM_Env_Wall_Interior_Window_02.uasset" 1920
"D:/GitHub/Feisty-Heisty/Feisty_Heisty/Content/PolygonHeist/Meshes/Environments/SM_Env_Wall_Interior_Window_02.uexp" 1921
"D:/GitHub/Feisty-Heisty/Feisty_Heisty/Content/PolygonHeist/Meshes/Environments/SM_Env_Wall_Interior_Window_01.ubulk" 1922
"D:/GitHub/Feisty-Heisty/Feisty_Heisty/Content/PolygonHeist/Meshes/Environments/SM_Env_Wall_Interior_Window_01.uasset" 1923
"D:/GitHub/Feisty-Heisty/Feisty_Heisty/Content/PolygonHeist/Meshes/Environments/SM_Env_Wall_Interior_Window_01.uexp" 1924
"D:/GitHub/Feisty-Heisty/Feisty_Heisty/Content/PolygonHeist/Meshes/Environments/SM_Env_Wall_Interior_DoubleDoor_01.ubulk" 1925
"D:/GitHub/Feisty-Heisty/Feisty_Heisty/Content/PolygonHeist/Meshes/Environments/SM_Env_Wall_Interior_DoubleDoor_01.uasset" 1926
"D:/GitHub/Feisty-Heisty/Feisty_Heisty/Content/PolygonHeist/Meshes/Environments/SM_Env_Wall_Interior_DoubleDoor_01.uexp" 1927
"D:/GitHub/Feisty-Heisty/Feisty_Heisty/Content/PolygonHeist/Meshes/Environments/SM_Env_Wall_Interior_01.ubulk" 1928
"D:/GitHub/Feisty-Heisty/Feisty_Heisty/Content/PolygonHeist/Meshes/Environments/SM_Env_Wall_Interior_01.uasset" 1929
"D:/GitHub/Feisty-Heisty/Feisty_Heisty/Content/PolygonHeist/Meshes/Environments/SM_Env_Wall_Interior_01.uexp" 1930
"D:/GitHub/Feisty-Heisty/Feisty_Heisty/Content/PolygonHeist/Meshes/Environments/SM_Env_Wall_Glass_Ground_Panels_01.ubulk" 1931
"D:/GitHub/Feisty-Heisty/Feisty_Heisty/Content/PolygonHeist/Meshes/Environments/SM_Env_Wall_Glass_Ground_Panels_01.uasset" 1932
"D:/GitHub/Feisty-Heisty/Feisty_Heisty/Content/PolygonHeist/Meshes/Environments/SM_Env_Wall_Glass_Ground_Panels_01.uexp" 1933
"D:/GitHub/Feisty-Heisty/Feisty_Heisty/Content/PolygonHeist/Meshes/Environments/SM_Env_Wall_Glass_Ground_Glass_01.ubulk" 1934
"D:/GitHub/Feisty-Heisty/Feisty_Heisty/Content/PolygonHeist/Meshes/Environments/SM_Env_Wall_Glass_Ground_Glass_01.uasset" 1935
"D:/GitHub/Feisty-Heisty/Feisty_Heisty/Content/PolygonHeist/Meshes/Environments/SM_Env_Wall_Glass_Ground_Glass_01.uexp" 1936
"D:/GitHub/Feisty-Heisty/Feisty_Heisty/Content/PolygonHeist/Meshes/Environments/SM_Env_Wall_Glass_Ground_01.ubulk" 1937
"D:/GitHub/Feisty-Heisty/Feisty_Heisty/Content/PolygonHeist/Meshes/Environments/SM_Env_Wall_Glass_Ground_01.uasset" 1938
"D:/GitHub/Feisty-Heisty/Feisty_Heisty/Content/PolygonHeist/Meshes/Environments/SM_Env_Wall_Glass_Ground_01.uexp" 1939
"D:/GitHub/Feisty-Heisty/Feisty_Heisty/Content/PolygonHeist/Meshes/Environments/SM_Env_Wall_Glass_Glass_01.ubulk" 1940
"D:/GitHub/Feisty-Heisty/Feisty_Heisty/Content/PolygonHeist/Meshes/Environments/SM_Env_Wall_Glass_Glass_01.uasset" 1941
"D:/GitHub/Feisty-Heisty/Feisty_Heisty/Content/PolygonHeist/Meshes/Environments/SM_Env_Wall_Glass_Glass_01.uexp" 1942
"D:/GitHub/Feisty-Heisty/Feisty_Heisty/Content/PolygonHeist/Meshes/Environments/SM_Env_Wall_Glass_DoorFrame_Panels_01.ubulk" 1943
"D:/GitHub/Feisty-Heisty/Feisty_Heisty/Content/PolygonHeist/Meshes/Environments/SM_Env_Wall_Glass_DoorFrame_Panels_01.uasset" 1944
"D:/GitHub/Feisty-Heisty/Feisty_Heisty/Content/PolygonHeist/Meshes/Environments/SM_Env_Wall_Glass_DoorFrame_Panels_01.uexp" 1945
"D:/GitHub/Feisty-Heisty/Feisty_Heisty/Content/PolygonHeist/Meshes/Environments/SM_Env_Wall_Glass_DoorFrame_Glass_01.ubulk" 1946
"D:/GitHub/Feisty-Heisty/Feisty_Heisty/Content/PolygonHeist/Meshes/Environments/SM_Env_Wall_Glass_DoorFrame_Glass_01.uasset" 1947
"D:/GitHub/Feisty-Heisty/Feisty_Heisty/Content/PolygonHeist/Meshes/Environments/SM_Env_Wall_Glass_DoorFrame_Glass_01.uexp" 1948
"D:/GitHub/Feisty-Heisty/Feisty_Heisty/Content/PolygonHeist/Meshes/Environments/SM_Env_Wall_Glass_DoorFrame_01.ubulk" 1949
"D:/GitHub/Feisty-Heisty/Feisty_Heisty/Content/PolygonHeist/Meshes/Environments/SM_Env_Wall_Glass_DoorFrame_01.uasset" 1950
"D:/GitHub/Feisty-Heisty/Feisty_Heisty/Content/PolygonHeist/Meshes/Environments/SM_Env_Wall_Glass_DoorFrame_01.uexp" 1951
"D:/GitHub/Feisty-Heisty/Feisty_Heisty/Content/PolygonHeist/Meshes/Environments/SM_Env_Wall_Glass_01.ubulk" 1952
"D:/GitHub/Feisty-Heisty/Feisty_Heisty/Content/PolygonHeist/Meshes/Environments/SM_Env_Wall_Glass_01.uasset" 1953
"D:/GitHub/Feisty-Heisty/Feisty_Heisty/Content/PolygonHeist/Meshes/Environments/SM_Env_Wall_Glass_01.uexp" 1954
"D:/GitHub/Feisty-Heisty/Feisty_Heisty/Content/PolygonHeist/Meshes/Environments/SM_Env_Wall_Exterior_Window_Ground_Glass_02.ubulk" 1955
"D:/GitHub/Feisty-Heisty/Feisty_Heisty/Content/PolygonHeist/Meshes/Environments/SM_Env_Wall_Exterior_Window_Ground_Glass_02.uasset" 1956
"D:/GitHub/Feisty-Heisty/Feisty_Heisty/Content/PolygonHeist/Meshes/Environments/SM_Env_Wall_Exterior_Window_Ground_Glass_02.uexp" 1957
"D:/GitHub/Feisty-Heisty/Feisty_Heisty/Content/PolygonHeist/Meshes/Environments/SM_Env_Wall_Exterior_Window_Ground_Glass_01.ubulk" 1958
"D:/GitHub/Feisty-Heisty/Feisty_Heisty/Content/PolygonHeist/Meshes/Environments/SM_Env_Wall_Exterior_Window_Ground_Glass_01.uasset" 1959
"D:/GitHub/Feisty-Heisty/Feisty_Heisty/Content/PolygonHeist/Meshes/Environments/SM_Env_Wall_Exterior_Window_Ground_Glass_01.uexp" 1960
"D:/GitHub/Feisty-Heisty/Feisty_Heisty/Content/PolygonHeist/Meshes/Environments/SM_Env_Wall_Exterior_Window_Ground_02.ubulk" 1961
"D:/GitHub/Feisty-Heisty/Feisty_Heisty/Content/PolygonHeist/Meshes/Environments/SM_Env_Wall_Exterior_Window_Ground_02.uasset" 1962
"D:/GitHub/Feisty-Heisty/Feisty_Heisty/Content/PolygonHeist/Meshes/Environments/SM_Env_Wall_Exterior_Window_Ground_02.uexp" 1963
"D:/GitHub/Feisty-Heisty/Feisty_Heisty/Content/PolygonHeist/Meshes/Environments/SM_Env_Wall_Exterior_Window_Ground_01.ubulk" 1964
"D:/GitHub/Feisty-Heisty/Feisty_Heisty/Content/PolygonHeist/Meshes/Environments/SM_Env_Wall_Exterior_Window_Ground_01.uasset" 1965
"D:/GitHub/Feisty-Heisty/Feisty_Heisty/Content/PolygonHeist/Meshes/Environments/SM_Env_Wall_Exterior_Window_Ground_01.uexp" 1966
"D:/GitHub/Feisty-Heisty/Feisty_Heisty/Content/PolygonHeist/Meshes/Environments/SM_Env_Wall_Exterior_Window_Glass_02.ubulk" 1967
"D:/GitHub/Feisty-Heisty/Feisty_Heisty/Content/PolygonHeist/Meshes/Environments/SM_Env_Wall_Exterior_Window_Glass_02.uasset" 1968
"D:/GitHub/Feisty-Heisty/Feisty_Heisty/Content/PolygonHeist/Meshes/Environments/SM_Env_Wall_Exterior_Window_Glass_02.uexp" 1969
"D:/GitHub/Feisty-Heisty/Feisty_Heisty/Content/PolygonHeist/Meshes/Environments/SM_Env_Wall_Exterior_Window_Glass_01.ubulk" 1970
"D:/GitHub/Feisty-Heisty/Feisty_Heisty/Content/PolygonHeist/Meshes/Environments/SM_Env_Wall_Exterior_Window_Glass_01.uasset" 1971
"D:/GitHub/Feisty-Heisty/Feisty_Heisty/Content/PolygonHeist/Meshes/Environments/SM_Env_Wall_Exterior_Window_Glass_01.uexp" 1972
"D:/GitHub/Feisty-Heisty/Feisty_Heisty/Content/PolygonHeist/Meshes/Environments/SM_Env_Wall_Exterior_Window_02.ubulk" 1973
"D:/GitHub/Feisty-Heisty/Feisty_Heisty/Content/PolygonHeist/Meshes/Environments/SM_Env_Wall_Exterior_Window_02.uasset" 1974
"D:/GitHub/Feisty-Heisty/Feisty_Heisty/Content/PolygonHeist/Meshes/Environments/SM_Env_Wall_Exterior_Window_02.uexp" 1975
"D:/GitHub/Feisty-Heisty/Feisty_Heisty/Content/PolygonHeist/Meshes/Environments/SM_Env_Wall_Exterior_Window_01.ubulk" 1976
"D:/GitHub/Feisty-Heisty/Feisty_Heisty/Content/PolygonHeist/Meshes/Environments/SM_Env_Wall_Exterior_Window_01.uasset" 1977
"D:/GitHub/Feisty-Heisty/Feisty_Heisty/Content/PolygonHeist/Meshes/Environments/SM_Env_Wall_Exterior_Window_01.uexp" 1978
"D:/GitHub/Feisty-Heisty/Feisty_Heisty/Content/PolygonHeist/Meshes/Environments/SM_Env_Wall_Exterior_Ground_01.ubulk" 1979
"D:/GitHub/Feisty-Heisty/Feisty_Heisty/Content/PolygonHeist/Meshes/Environments/SM_Env_Wall_Exterior_Ground_01.uasset" 1980
"D:/GitHub/Feisty-Heisty/Feisty_Heisty/Content/PolygonHeist/Meshes/Environments/SM_Env_Wall_Exterior_Ground_01.uexp" 1981
"D:/GitHub/Feisty-Heisty/Feisty_Heisty/Content/PolygonHeist/Meshes/Environments/SM_Env_Wall_Exterior_DoubleDoor_01.ubulk" 1982
"D:/GitHub/Feisty-Heisty/Feisty_Heisty/Content/PolygonHeist/Meshes/Environments/SM_Env_Wall_Exterior_DoubleDoor_01.uasset" 1983
"D:/GitHub/Feisty-Heisty/Feisty_Heisty/Content/PolygonHeist/Meshes/Environments/SM_Env_Wall_Exterior_DoubleDoor_01.uexp" 1984
"D:/GitHub/Feisty-Heisty/Feisty_Heisty/Content/PolygonHeist/Meshes/Environments/SM_Env_Wall_Exterior_Door_01.ubulk" 1985
"D:/GitHub/Feisty-Heisty/Feisty_Heisty/Content/PolygonHeist/Meshes/Environments/SM_Env_Wall_Exterior_Door_01.uasset" 1986
"D:/GitHub/Feisty-Heisty/Feisty_Heisty/Content/PolygonHeist/Meshes/Environments/SM_Env_Wall_Exterior_Door_01.uexp" 1987
"D:/GitHub/Feisty-Heisty/Feisty_Heisty/Content/PolygonHeist/Meshes/Environments/SM_Env_Wall_Exterior_01.ubulk" 1988
"D:/GitHub/Feisty-Heisty/Feisty_Heisty/Content/PolygonHeist/Meshes/Environments/SM_Env_Wall_Exterior_01.uasset" 1989
"D:/GitHub/Feisty-Heisty/Feisty_Heisty/Content/PolygonHeist/Meshes/Environments/SM_Env_Wall_Exterior_01.uexp" 1990
"D:/GitHub/Feisty-Heisty/Feisty_Heisty/Content/PolygonHeist/Meshes/Environments/SM_Env_VaultGate_Wall_01.ubulk" 1991
"D:/GitHub/Feisty-Heisty/Feisty_Heisty/Content/PolygonHeist/Meshes/Environments/SM_Env_VaultGate_Wall_01.uasset" 1992
"D:/GitHub/Feisty-Heisty/Feisty_Heisty/Content/PolygonHeist/Meshes/Environments/SM_Env_VaultGate_Wall_01.uexp" 1993
"D:/GitHub/Feisty-Heisty/Feisty_Heisty/Content/PolygonHeist/Meshes/Environments/SM_Env_VaultGate_Frame_01.ubulk" 1994
"D:/GitHub/Feisty-Heisty/Feisty_Heisty/Content/PolygonHeist/Meshes/Environments/SM_Env_VaultGate_Frame_01.uasset" 1995
"D:/GitHub/Feisty-Heisty/Feisty_Heisty/Content/PolygonHeist/Meshes/Environments/SM_Env_VaultGate_Frame_01.uexp" 1996
"D:/GitHub/Feisty-Heisty/Feisty_Heisty/Content/PolygonHeist/Meshes/Environments/SM_Env_VaultGate_Door_01.ubulk" 1997
"D:/GitHub/Feisty-Heisty/Feisty_Heisty/Content/PolygonHeist/Meshes/Environments/SM_Env_VaultGate_Door_01.uasset" 1998
"D:/GitHub/Feisty-Heisty/Feisty_Heisty/Content/PolygonHeist/Meshes/Environments/SM_Env_VaultGate_Door_01.uexp" 1999
"D:/GitHub/Feisty-Heisty/Feisty_Heisty/Content/PolygonHeist/Meshes/Environments/SM_Env_VaultDoor_Lid_01.ubulk" 2000
"D:/GitHub/Feisty-Heisty/Feisty_Heisty/Content/PolygonHeist/Meshes/Environments/SM_Env_VaultDoor_Lid_01.uasset" 2001
"D:/GitHub/Feisty-Heisty/Feisty_Heisty/Content/PolygonHeist/Meshes/Environments/SM_Env_VaultDoor_Lid_01.uexp" 2002
"D:/GitHub/Feisty-Heisty/Feisty_Heisty/Content/PolygonHeist/Meshes/Environments/SM_Env_VaultDoor_Handle_02.ubulk" 2003
"D:/GitHub/Feisty-Heisty/Feisty_Heisty/Content/PolygonHeist/Meshes/Environments/SM_Env_VaultDoor_Handle_02.uasset" 2004
"D:/GitHub/Feisty-Heisty/Feisty_Heisty/Content/PolygonHeist/Meshes/Environments/SM_Env_VaultDoor_Handle_02.uexp" 2005
"D:/GitHub/Feisty-Heisty/Feisty_Heisty/Content/PolygonHeist/Meshes/Environments/SM_Env_VaultDoor_Handle_01.ubulk" 2006
"D:/GitHub/Feisty-Heisty/Feisty_Heisty/Content/PolygonHeist/Meshes/Environments/SM_Env_VaultDoor_Handle_01.uasset" 2007
"D:/GitHub/Feisty-Heisty/Feisty_Heisty/Content/PolygonHeist/Meshes/Environments/SM_Env_VaultDoor_Handle_01.uexp" 2008
"D:/GitHub/Feisty-Heisty/Feisty_Heisty/Content/PolygonHeist/Meshes/Environments/SM_Env_VaultDoor_Frame_01.ubulk" 2009
"D:/GitHub/Feisty-Heisty/Feisty_Heisty/Content/PolygonHeist/Meshes/Environments/SM_Env_VaultDoor_Frame_01.uasset" 2010
"D:/GitHub/Feisty-Heisty/Feisty_Heisty/Content/PolygonHeist/Meshes/Environments/SM_Env_VaultDoor_Frame_01.uexp" 2011
"D:/GitHub/Feisty-Heisty/Feisty_Heisty/Content/PolygonHeist/Meshes/Environments/SM_Env_Steps_Edge_01.ubulk" 2012
"D:/GitHub/Feisty-Heisty/Feisty_Heisty/Content/PolygonHeist/Meshes/Environments/SM_Env_Steps_Edge_01.uasset" 2013
"D:/GitHub/Feisty-Heisty/Feisty_Heisty/Content/PolygonHeist/Meshes/Environments/SM_Env_Steps_Edge_01.uexp" 2014
"D:/GitHub/Feisty-Heisty/Feisty_Heisty/Content/PolygonHeist/Meshes/Environments/SM_Env_Steps_04.ubulk" 2015
"D:/GitHub/Feisty-Heisty/Feisty_Heisty/Content/PolygonHeist/Meshes/Environments/SM_Env_Steps_04.uasset" 2016
"D:/GitHub/Feisty-Heisty/Feisty_Heisty/Content/PolygonHeist/Meshes/Environments/SM_Env_Steps_04.uexp" 2017
"D:/GitHub/Feisty-Heisty/Feisty_Heisty/Content/PolygonHeist/Meshes/Environments/SM_Env_Steps_03.ubulk" 2018
"D:/GitHub/Feisty-Heisty/Feisty_Heisty/Content/PolygonHeist/Meshes/Environments/SM_Env_Steps_03.uasset" 2019
"D:/GitHub/Feisty-Heisty/Feisty_Heisty/Content/PolygonHeist/Meshes/Environments/SM_Env_Steps_03.uexp" 2020
"D:/GitHub/Feisty-Heisty/Feisty_Heisty/Content/PolygonHeist/Meshes/Environments/SM_Env_Steps_02.ubulk" 2021
"D:/GitHub/Feisty-Heisty/Feisty_Heisty/Content/PolygonHeist/Meshes/Environments/SM_Env_Steps_02.uasset" 2022
"D:/GitHub/Feisty-Heisty/Feisty_Heisty/Content/PolygonHeist/Meshes/Environments/SM_Env_Steps_02.uexp" 2023
"D:/GitHub/Feisty-Heisty/Feisty_Heisty/Content/PolygonHeist/Meshes/Environments/SM_Env_Steps_01.ubulk" 2024
"D:/GitHub/Feisty-Heisty/Feisty_Heisty/Content/PolygonHeist/Meshes/Environments/SM_Env_Steps_01.uasset" 2025
"D:/GitHub/Feisty-Heisty/Feisty_Heisty/Content/PolygonHeist/Meshes/Environments/SM_Env_Steps_01.uexp" 2026
"D:/GitHub/Feisty-Heisty/Feisty_Heisty/Content/PolygonHeist/Meshes/Environments/SM_Env_Stairway_01.ubulk" 2027
"D:/GitHub/Feisty-Heisty/Feisty_Heisty/Content/PolygonHeist/Meshes/Environments/SM_Env_Stairway_01.uasset" 2028
"D:/GitHub/Feisty-Heisty/Feisty_Heisty/Content/PolygonHeist/Meshes/Environments/SM_Env_Stairway_01.uexp" 2029
"D:/GitHub/Feisty-Heisty/Feisty_Heisty/Content/PolygonHeist/Meshes/Environments/SM_Env_Skylight_Glass_01.ubulk" 2030
"D:/GitHub/Feisty-Heisty/Feisty_Heisty/Content/PolygonHeist/Meshes/Environments/SM_Env_Skylight_Glass_01.uasset" 2031
"D:/GitHub/Feisty-Heisty/Feisty_Heisty/Content/PolygonHeist/Meshes/Environments/SM_Env_Skylight_Glass_01.uexp" 2032
"D:/GitHub/Feisty-Heisty/Feisty_Heisty/Content/PolygonHeist/Meshes/Environments/SM_Env_Skylight_01.ubulk" 2033
"D:/GitHub/Feisty-Heisty/Feisty_Heisty/Content/PolygonHeist/Meshes/Environments/SM_Env_Skylight_01.uasset" 2034
"D:/GitHub/Feisty-Heisty/Feisty_Heisty/Content/PolygonHeist/Meshes/Environments/SM_Env_Skylight_01.uexp" 2035
"D:/GitHub/Feisty-Heisty/Feisty_Heisty/Content/PolygonHeist/Meshes/Environments/SM_Env_Sidewalk_Straight_01.ubulk" 2036
"D:/GitHub/Feisty-Heisty/Feisty_Heisty/Content/PolygonHeist/Meshes/Environments/SM_Env_Sidewalk_Straight_01.uasset" 2037
"D:/GitHub/Feisty-Heisty/Feisty_Heisty/Content/PolygonHeist/Meshes/Environments/SM_Env_Sidewalk_Straight_01.uexp" 2038
"D:/GitHub/Feisty-Heisty/Feisty_Heisty/Content/PolygonHeist/Meshes/Environments/SM_Env_Sidewalk_01.ubulk" 2039
"D:/GitHub/Feisty-Heisty/Feisty_Heisty/Content/PolygonHeist/Meshes/Environments/SM_Env_Sidewalk_01.uasset" 2040
"D:/GitHub/Feisty-Heisty/Feisty_Heisty/Content/PolygonHeist/Meshes/Environments/SM_Env_Sidewalk_01.uexp" 2041
"D:/GitHub/Feisty-Heisty/Feisty_Heisty/Content/PolygonHeist/Meshes/Environments/SM_Env_Roof_05.ubulk" 2042
"D:/GitHub/Feisty-Heisty/Feisty_Heisty/Content/PolygonHeist/Meshes/Environments/SM_Env_Roof_05.uasset" 2043
"D:/GitHub/Feisty-Heisty/Feisty_Heisty/Content/PolygonHeist/Meshes/Environments/SM_Env_Roof_05.uexp" 2044
"D:/GitHub/Feisty-Heisty/Feisty_Heisty/Content/PolygonHeist/Meshes/Environments/SM_Env_Roof_04.ubulk" 2045
"D:/GitHub/Feisty-Heisty/Feisty_Heisty/Content/PolygonHeist/Meshes/Environments/SM_Env_Roof_04.uasset" 2046
"D:/GitHub/Feisty-Heisty/Feisty_Heisty/Content/PolygonHeist/Meshes/Environments/SM_Env_Roof_04.uexp" 2047
"D:/GitHub/Feisty-Heisty/Feisty_Heisty/Content/PolygonHeist/Meshes/Environments/SM_Env_Roof_03.ubulk" 2048
"D:/GitHub/Feisty-Heisty/Feisty_Heisty/Content/PolygonHeist/Meshes/Environments/SM_Env_Roof_03.uasset" 2049
"D:/GitHub/Feisty-Heisty/Feisty_Heisty/Content/PolygonHeist/Meshes/Environments/SM_Env_Roof_03.uexp" 2050
"D:/GitHub/Feisty-Heisty/Feisty_Heisty/Content/PolygonHeist/Meshes/Environments/SM_Env_Roof_02.ubulk" 2051
"D:/GitHub/Feisty-Heisty/Feisty_Heisty/Content/PolygonHeist/Meshes/Environments/SM_Env_Roof_02.uasset" 2052
"D:/GitHub/Feisty-Heisty/Feisty_Heisty/Content/PolygonHeist/Meshes/Environments/SM_Env_Roof_02.uexp" 2053
"D:/GitHub/Feisty-Heisty/Feisty_Heisty/Content/PolygonHeist/Meshes/Environments/SM_Env_Roof_01.ubulk" 2054
"D:/GitHub/Feisty-Heisty/Feisty_Heisty/Content/PolygonHeist/Meshes/Environments/SM_Env_Roof_01.uasset" 2055
"D:/GitHub/Feisty-Heisty/Feisty_Heisty/Content/PolygonHeist/Meshes/Environments/SM_Env_Roof_01.uexp" 2056
"D:/GitHub/Feisty-Heisty/Feisty_Heisty/Content/PolygonHeist/Meshes/Environments/SM_Env_Road_01.ubulk" 2057
"D:/GitHub/Feisty-Heisty/Feisty_Heisty/Content/PolygonHeist/Meshes/Environments/SM_Env_Road_01.uasset" 2058
"D:/GitHub/Feisty-Heisty/Feisty_Heisty/Content/PolygonHeist/Meshes/Environments/SM_Env_Road_01.uexp" 2059
"D:/GitHub/Feisty-Heisty/Feisty_Heisty/Content/PolygonHeist/Meshes/Environments/SM_Env_Railing_Glass_01.ubulk" 2060
"D:/GitHub/Feisty-Heisty/Feisty_Heisty/Content/PolygonHeist/Meshes/Environments/SM_Env_Railing_Glass_01.uasset" 2061
"D:/GitHub/Feisty-Heisty/Feisty_Heisty/Content/PolygonHeist/Meshes/Environments/SM_Env_Railing_Glass_01.uexp" 2062
"D:/GitHub/Feisty-Heisty/Feisty_Heisty/Content/PolygonHeist/Meshes/Environments/SM_Env_Railing_01.ubulk" 2063
"D:/GitHub/Feisty-Heisty/Feisty_Heisty/Content/PolygonHeist/Meshes/Environments/SM_Env_Railing_01.uasset" 2064
"D:/GitHub/Feisty-Heisty/Feisty_Heisty/Content/PolygonHeist/Meshes/Environments/SM_Env_Railing_01.uexp" 2065
"D:/GitHub/Feisty-Heisty/Feisty_Heisty/Content/PolygonHeist/Meshes/Environments/SM_Env_Pillar_Interior_04.ubulk" 2066
"D:/GitHub/Feisty-Heisty/Feisty_Heisty/Content/PolygonHeist/Meshes/Environments/SM_Env_Pillar_Interior_04.uasset" 2067
"D:/GitHub/Feisty-Heisty/Feisty_Heisty/Content/PolygonHeist/Meshes/Environments/SM_Env_Pillar_Interior_04.uexp" 2068
"D:/GitHub/Feisty-Heisty/Feisty_Heisty/Content/PolygonHeist/Meshes/Environments/SM_Env_Pillar_Interior_03.ubulk" 2069
"D:/GitHub/Feisty-Heisty/Feisty_Heisty/Content/PolygonHeist/Meshes/Environments/SM_Env_Pillar_Interior_03.uasset" 2070
"D:/GitHub/Feisty-Heisty/Feisty_Heisty/Content/PolygonHeist/Meshes/Environments/SM_Env_Pillar_Interior_03.uexp" 2071
"D:/GitHub/Feisty-Heisty/Feisty_Heisty/Content/PolygonHeist/Meshes/Environments/SM_Env_Pillar_Interior_02.ubulk" 2072
"D:/GitHub/Feisty-Heisty/Feisty_Heisty/Content/PolygonHeist/Meshes/Environments/SM_Env_Pillar_Interior_02.uasset" 2073
"D:/GitHub/Feisty-Heisty/Feisty_Heisty/Content/PolygonHeist/Meshes/Environments/SM_Env_Pillar_Interior_02.uexp" 2074
"D:/GitHub/Feisty-Heisty/Feisty_Heisty/Content/PolygonHeist/Meshes/Environments/SM_Env_Pillar_Interior_01.ubulk" 2075
"D:/GitHub/Feisty-Heisty/Feisty_Heisty/Content/PolygonHeist/Meshes/Environments/SM_Env_Pillar_Interior_01.uasset" 2076
"D:/GitHub/Feisty-Heisty/Feisty_Heisty/Content/PolygonHeist/Meshes/Environments/SM_Env_Pillar_Interior_01.uexp" 2077
"D:/GitHub/Feisty-Heisty/Feisty_Heisty/Content/PolygonHeist/Meshes/Environments/SM_Env_Pillar_Exterior_Floor_04.ubulk" 2078
"D:/GitHub/Feisty-Heisty/Feisty_Heisty/Content/PolygonHeist/Meshes/Environments/SM_Env_Pillar_Exterior_Floor_04.uasset" 2079
"D:/GitHub/Feisty-Heisty/Feisty_Heisty/Content/PolygonHeist/Meshes/Environments/SM_Env_Pillar_Exterior_Floor_04.uexp" 2080
"D:/GitHub/Feisty-Heisty/Feisty_Heisty/Content/PolygonHeist/Meshes/Environments/SM_Env_Pillar_Exterior_Floor_03.ubulk" 2081
"D:/GitHub/Feisty-Heisty/Feisty_Heisty/Content/PolygonHeist/Meshes/Environments/SM_Env_Pillar_Exterior_Floor_03.uasset" 2082
"D:/GitHub/Feisty-Heisty/Feisty_Heisty/Content/PolygonHeist/Meshes/Environments/SM_Env_Pillar_Exterior_Floor_03.uexp" 2083
"D:/GitHub/Feisty-Heisty/Feisty_Heisty/Content/PolygonHeist/Meshes/Environments/SM_Env_Pillar_Exterior_Floor_02.ubulk" 2084
"D:/GitHub/Feisty-Heisty/Feisty_Heisty/Content/PolygonHeist/Meshes/Environments/SM_Env_Pillar_Exterior_Floor_02.uasset" 2085
"D:/GitHub/Feisty-Heisty/Feisty_Heisty/Content/PolygonHeist/Meshes/Environments/SM_Env_Pillar_Exterior_Floor_02.uexp" 2086
"D:/GitHub/Feisty-Heisty/Feisty_Heisty/Content/PolygonHeist/Meshes/Environments/SM_Env_Pillar_Exterior_Floor_01.ubulk" 2087
"D:/GitHub/Feisty-Heisty/Feisty_Heisty/Content/PolygonHeist/Meshes/Environments/SM_Env_Pillar_Exterior_Floor_01.uasset" 2088
"D:/GitHub/Feisty-Heisty/Feisty_Heisty/Content/PolygonHeist/Meshes/Environments/SM_Env_Pillar_Exterior_Floor_01.uexp" 2089
"D:/GitHub/Feisty-Heisty/Feisty_Heisty/Content/PolygonHeist/Meshes/Environments/SM_Env_Pillar_Exterior_04.ubulk" 2090
"D:/GitHub/Feisty-Heisty/Feisty_Heisty/Content/PolygonHeist/Meshes/Environments/SM_Env_Pillar_Exterior_04.uasset" 2091
"D:/GitHub/Feisty-Heisty/Feisty_Heisty/Content/PolygonHeist/Meshes/Environments/SM_Env_Pillar_Exterior_04.uexp" 2092
"D:/GitHub/Feisty-Heisty/Feisty_Heisty/Content/PolygonHeist/Meshes/Environments/SM_Env_Pillar_Exterior_03.ubulk" 2093
"D:/GitHub/Feisty-Heisty/Feisty_Heisty/Content/PolygonHeist/Meshes/Environments/SM_Env_Pillar_Exterior_03.uasset" 2094
"D:/GitHub/Feisty-Heisty/Feisty_Heisty/Content/PolygonHeist/Meshes/Environments/SM_Env_Pillar_Exterior_03.uexp" 2095
"D:/GitHub/Feisty-Heisty/Feisty_Heisty/Content/PolygonHeist/Meshes/Environments/SM_Env_Pillar_Exterior_02.ubulk" 2096
"D:/GitHub/Feisty-Heisty/Feisty_Heisty/Content/PolygonHeist/Meshes/Environments/SM_Env_Pillar_Exterior_02.uasset" 2097
"D:/GitHub/Feisty-Heisty/Feisty_Heisty/Content/PolygonHeist/Meshes/Environments/SM_Env_Pillar_Exterior_02.uexp" 2098
"D:/GitHub/Feisty-Heisty/Feisty_Heisty/Content/PolygonHeist/Meshes/Environments/SM_Env_Pillar_Exterior_01.ubulk" 2099
"D:/GitHub/Feisty-Heisty/Feisty_Heisty/Content/PolygonHeist/Meshes/Environments/SM_Env_Pillar_Exterior_01.uasset" 2100
"D:/GitHub/Feisty-Heisty/Feisty_Heisty/Content/PolygonHeist/Meshes/Environments/SM_Env_Pillar_Exterior_01.uexp" 2101
"D:/GitHub/Feisty-Heisty/Feisty_Heisty/Content/PolygonHeist/Meshes/Environments/SM_Env_Pillar_02.ubulk" 2102
"D:/GitHub/Feisty-Heisty/Feisty_Heisty/Content/PolygonHeist/Meshes/Environments/SM_Env_Pillar_02.uasset" 2103
"D:/GitHub/Feisty-Heisty/Feisty_Heisty/Content/PolygonHeist/Meshes/Environments/SM_Env_Pillar_02.uexp" 2104
"D:/GitHub/Feisty-Heisty/Feisty_Heisty/Content/PolygonHeist/Meshes/Environments/SM_Env_Pillar_01.ubulk" 2105
"D:/GitHub/Feisty-Heisty/Feisty_Heisty/Content/PolygonHeist/Meshes/Environments/SM_Env_Pillar_01.uasset" 2106
"D:/GitHub/Feisty-Heisty/Feisty_Heisty/Content/PolygonHeist/Meshes/Environments/SM_Env_Pillar_01.uexp" 2107
"D:/GitHub/Feisty-Heisty/Feisty_Heisty/Content/PolygonHeist/Materials/Mat_PolygonHeist_Shiny.uasset" 2108
"D:/GitHub/Feisty-Heisty/Feisty_Heisty/Content/PolygonHeist/Materials/Mat_PolygonHeist_Shiny.uexp" 2109
"D:/GitHub/Feisty-Heisty/Feisty_Heisty/Content/PolygonHeist/Meshes/Environments/SM_Env_Floor_01.ubulk" 2110
"D:/GitHub/Feisty-Heisty/Feisty_Heisty/Content/PolygonHeist/Meshes/Environments/SM_Env_Floor_01.uasset" 2111
"D:/GitHub/Feisty-Heisty/Feisty_Heisty/Content/PolygonHeist/Meshes/Environments/SM_Env_Floor_01.uexp" 2112
"D:/GitHub/Feisty-Heisty/Feisty_Heisty/Content/PolygonHeist/Meshes/Environments/SM_Env_Flag_Wall_02.ubulk" 2113
"D:/GitHub/Feisty-Heisty/Feisty_Heisty/Content/PolygonHeist/Meshes/Environments/SM_Env_Flag_Wall_02.uasset" 2114
"D:/GitHub/Feisty-Heisty/Feisty_Heisty/Content/PolygonHeist/Meshes/Environments/SM_Env_Flag_Wall_02.uexp" 2115
"D:/GitHub/Feisty-Heisty/Feisty_Heisty/Content/PolygonHeist/Meshes/Environments/SM_Env_Flag_Wall_01.ubulk" 2116
"D:/GitHub/Feisty-Heisty/Feisty_Heisty/Content/PolygonHeist/Meshes/Environments/SM_Env_Flag_Wall_01.uasset" 2117
"D:/GitHub/Feisty-Heisty/Feisty_Heisty/Content/PolygonHeist/Meshes/Environments/SM_Env_Flag_Wall_01.uexp" 2118
"D:/GitHub/Feisty-Heisty/Feisty_Heisty/Content/PolygonHeist/Meshes/Environments/SM_Env_Flag_Straight_01.ubulk" 2119
"D:/GitHub/Feisty-Heisty/Feisty_Heisty/Content/PolygonHeist/Meshes/Environments/SM_Env_Flag_Straight_01.uasset" 2120
"D:/GitHub/Feisty-Heisty/Feisty_Heisty/Content/PolygonHeist/Meshes/Environments/SM_Env_Flag_Straight_01.uexp" 2121
"D:/GitHub/Feisty-Heisty/Feisty_Heisty/Content/PolygonHeist/Meshes/Environments/SM_Env_Flag_Pole_01.ubulk" 2122
"D:/GitHub/Feisty-Heisty/Feisty_Heisty/Content/PolygonHeist/Meshes/Environments/SM_Env_Flag_Pole_01.uasset" 2123
"D:/GitHub/Feisty-Heisty/Feisty_Heisty/Content/PolygonHeist/Meshes/Environments/SM_Env_Flag_Pole_01.uexp" 2124
"D:/GitHub/Feisty-Heisty/Feisty_Heisty/Content/PolygonHeist/Meshes/Environments/SM_Env_Door_Glass_02.ubulk" 2125
"D:/GitHub/Feisty-Heisty/Feisty_Heisty/Content/PolygonHeist/Meshes/Environments/SM_Env_Door_Glass_02.uasset" 2126
"D:/GitHub/Feisty-Heisty/Feisty_Heisty/Content/PolygonHeist/Meshes/Environments/SM_Env_Door_Glass_02.uexp" 2127
"D:/GitHub/Feisty-Heisty/Feisty_Heisty/Content/PolygonHeist/Meshes/Environments/SM_Env_Door_Glass_01.ubulk" 2128
"D:/GitHub/Feisty-Heisty/Feisty_Heisty/Content/PolygonHeist/Meshes/Environments/SM_Env_Door_Glass_01.uasset" 2129
"D:/GitHub/Feisty-Heisty/Feisty_Heisty/Content/PolygonHeist/Meshes/Environments/SM_Env_Door_Glass_01.uexp" 2130
"D:/GitHub/Feisty-Heisty/Feisty_Heisty/Content/PolygonHeist/Meshes/Environments/SM_Env_Door_03.ubulk" 2131
"D:/GitHub/Feisty-Heisty/Feisty_Heisty/Content/PolygonHeist/Meshes/Environments/SM_Env_Door_03.uasset" 2132
"D:/GitHub/Feisty-Heisty/Feisty_Heisty/Content/PolygonHeist/Meshes/Environments/SM_Env_Door_03.uexp" 2133
"D:/GitHub/Feisty-Heisty/Feisty_Heisty/Content/PolygonHeist/Meshes/Environments/SM_Env_Door_02.ubulk" 2134
"D:/GitHub/Feisty-Heisty/Feisty_Heisty/Content/PolygonHeist/Meshes/Environments/SM_Env_Door_02.uasset" 2135
"D:/GitHub/Feisty-Heisty/Feisty_Heisty/Content/PolygonHeist/Meshes/Environments/SM_Env_Door_02.uexp" 2136
"D:/GitHub/Feisty-Heisty/Feisty_Heisty/Content/PolygonHeist/Meshes/Environments/SM_Env_Door_01.ubulk" 2137
"D:/GitHub/Feisty-Heisty/Feisty_Heisty/Content/PolygonHeist/Meshes/Environments/SM_Env_Door_01.uasset" 2138
"D:/GitHub/Feisty-Heisty/Feisty_Heisty/Content/PolygonHeist/Meshes/Environments/SM_Env_Door_01.uexp" 2139
"D:/GitHub/Feisty-Heisty/Feisty_Heisty/Content/PolygonHeist/Meshes/Environments/SM_Env_Ceiling_Light_03.ubulk" 2140
"D:/GitHub/Feisty-Heisty/Feisty_Heisty/Content/PolygonHeist/Meshes/Environments/SM_Env_Ceiling_Light_03.uasset" 2141
"D:/GitHub/Feisty-Heisty/Feisty_Heisty/Content/PolygonHeist/Meshes/Environments/SM_Env_Ceiling_Light_03.uexp" 2142
"D:/GitHub/Feisty-Heisty/Feisty_Heisty/Content/PolygonHeist/Materials/Mat_PolygonHeist_Emmision.uasset" 2143
"D:/GitHub/Feisty-Heisty/Feisty_Heisty/Content/PolygonHeist/Materials/Mat_PolygonHeist_Emmision.uexp" 2144
"D:/GitHub/Feisty-Heisty/Feisty_Heisty/Content/PolygonHeist/Meshes/Environments/SM_Env_Ceiling_Light_02.ubulk" 2145
"D:/GitHub/Feisty-Heisty/Feisty_Heisty/Content/PolygonHeist/Meshes/Environments/SM_Env_Ceiling_Light_02.uasset" 2146
"D:/GitHub/Feisty-Heisty/Feisty_Heisty/Content/PolygonHeist/Meshes/Environments/SM_Env_Ceiling_Light_02.uexp" 2147
"D:/GitHub/Feisty-Heisty/Feisty_Heisty/Content/PolygonHeist/Meshes/Environments/SM_Env_Ceiling_Light_01.ubulk" 2148
"D:/GitHub/Feisty-Heisty/Feisty_Heisty/Content/PolygonHeist/Meshes/Environments/SM_Env_Ceiling_Light_01.uasset" 2149
"D:/GitHub/Feisty-Heisty/Feisty_Heisty/Content/PolygonHeist/Meshes/Environments/SM_Env_Ceiling_Light_01.uexp" 2150
"D:/GitHub/Feisty-Heisty/Feisty_Heisty/Content/PolygonHeist/Meshes/Environments/SM_Env_Ceiling_08.ubulk" 2151
"D:/GitHub/Feisty-Heisty/Feisty_Heisty/Content/PolygonHeist/Meshes/Environments/SM_Env_Ceiling_08.uasset" 2152
"D:/GitHub/Feisty-Heisty/Feisty_Heisty/Content/PolygonHeist/Meshes/Environments/SM_Env_Ceiling_08.uexp" 2153
"D:/GitHub/Feisty-Heisty/Feisty_Heisty/Content/PolygonHeist/Meshes/Environments/SM_Env_Ceiling_07.ubulk" 2154
"D:/GitHub/Feisty-Heisty/Feisty_Heisty/Content/PolygonHeist/Meshes/Environments/SM_Env_Ceiling_07.uasset" 2155
"D:/GitHub/Feisty-Heisty/Feisty_Heisty/Content/PolygonHeist/Meshes/Environments/SM_Env_Ceiling_07.uexp" 2156
"D:/GitHub/Feisty-Heisty/Feisty_Heisty/Content/PolygonHeist/Meshes/Environments/SM_Env_Ceiling_06.ubulk" 2157
"D:/GitHub/Feisty-Heisty/Feisty_Heisty/Content/PolygonHeist/Meshes/Environments/SM_Env_Ceiling_06.uasset" 2158
"D:/GitHub/Feisty-Heisty/Feisty_Heisty/Content/PolygonHeist/Meshes/Environments/SM_Env_Ceiling_06.uexp" 2159
"D:/GitHub/Feisty-Heisty/Feisty_Heisty/Content/PolygonHeist/Meshes/Environments/SM_Env_Ceiling_05.ubulk" 2160
"D:/GitHub/Feisty-Heisty/Feisty_Heisty/Content/PolygonHeist/Meshes/Environments/SM_Env_Ceiling_05.uasset" 2161
"D:/GitHub/Feisty-Heisty/Feisty_Heisty/Content/PolygonHeist/Meshes/Environments/SM_Env_Ceiling_05.uexp" 2162
"D:/GitHub/Feisty-Heisty/Feisty_Heisty/Content/PolygonHeist/Meshes/Environments/SM_Env_Ceiling_04.ubulk" 2163
"D:/GitHub/Feisty-Heisty/Feisty_Heisty/Content/PolygonHeist/Meshes/Environments/SM_Env_Ceiling_04.uasset" 2164
"D:/GitHub/Feisty-Heisty/Feisty_Heisty/Content/PolygonHeist/Meshes/Environments/SM_Env_Ceiling_04.uexp" 2165
"D:/GitHub/Feisty-Heisty/Feisty_Heisty/Content/PolygonHeist/Meshes/Environments/SM_Env_Ceiling_03.ubulk" 2166
"D:/GitHub/Feisty-Heisty/Feisty_Heisty/Content/PolygonHeist/Meshes/Environments/SM_Env_Ceiling_03.uasset" 2167
"D:/GitHub/Feisty-Heisty/Feisty_Heisty/Content/PolygonHeist/Meshes/Environments/SM_Env_Ceiling_03.uexp" 2168
"D:/GitHub/Feisty-Heisty/Feisty_Heisty/Content/PolygonHeist/Meshes/Environments/SM_Env_Ceiling_02.ubulk" 2169
"D:/GitHub/Feisty-Heisty/Feisty_Heisty/Content/PolygonHeist/Meshes/Environments/SM_Env_Ceiling_02.uasset" 2170
"D:/GitHub/Feisty-Heisty/Feisty_Heisty/Content/PolygonHeist/Meshes/Environments/SM_Env_Ceiling_02.uexp" 2171
"D:/GitHub/Feisty-Heisty/Feisty_Heisty/Content/PolygonHeist/Meshes/Environments/SM_Env_Ceiling_01.ubulk" 2172
"D:/GitHub/Feisty-Heisty/Feisty_Heisty/Content/PolygonHeist/Meshes/Environments/SM_Env_Ceiling_01.uasset" 2173
"D:/GitHub/Feisty-Heisty/Feisty_Heisty/Content/PolygonHeist/Meshes/Environments/SM_Env_Ceiling_01.uexp" 2174
"D:/GitHub/Feisty-Heisty/Feisty_Heisty/Content/PolygonHeist/Meshes/Items/SM_Item_ZipTies_01.ubulk" 2175
"D:/GitHub/Feisty-Heisty/Feisty_Heisty/Content/PolygonHeist/Meshes/Items/SM_Item_ZipTies_01.uasset" 2176
"D:/GitHub/Feisty-Heisty/Feisty_Heisty/Content/PolygonHeist/Meshes/Items/SM_Item_ZipTies_01.uexp" 2177
"D:/GitHub/Feisty-Heisty/Feisty_Heisty/Content/PolygonHeist/Meshes/Items/SM_Item_Wrench_01.ubulk" 2178
"D:/GitHub/Feisty-Heisty/Feisty_Heisty/Content/PolygonHeist/Meshes/Items/SM_Item_Wrench_01.uasset" 2179
"D:/GitHub/Feisty-Heisty/Feisty_Heisty/Content/PolygonHeist/Meshes/Items/SM_Item_Wrench_01.uexp" 2180
"D:/GitHub/Feisty-Heisty/Feisty_Heisty/Content/PolygonHeist/Meshes/Items/SM_Item_Wirecutter_01.ubulk" 2181
"D:/GitHub/Feisty-Heisty/Feisty_Heisty/Content/PolygonHeist/Meshes/Items/SM_Item_Wirecutter_01.uasset" 2182
"D:/GitHub/Feisty-Heisty/Feisty_Heisty/Content/PolygonHeist/Meshes/Items/SM_Item_Wirecutter_01.uexp" 2183
"D:/GitHub/Feisty-Heisty/Feisty_Heisty/Content/PolygonHeist/Meshes/Items/SM_Item_WalkieTalkie_01.ubulk" 2184
"D:/GitHub/Feisty-Heisty/Feisty_Heisty/Content/PolygonHeist/Meshes/Items/SM_Item_WalkieTalkie_01.uasset" 2185
"D:/GitHub/Feisty-Heisty/Feisty_Heisty/Content/PolygonHeist/Meshes/Items/SM_Item_WalkieTalkie_01.uexp" 2186
"D:/GitHub/Feisty-Heisty/Feisty_Heisty/Content/PolygonHeist/Meshes/Items/SM_Item_Rope_01.ubulk" 2187
"D:/GitHub/Feisty-Heisty/Feisty_Heisty/Content/PolygonHeist/Meshes/Items/SM_Item_Rope_01.uasset" 2188
"D:/GitHub/Feisty-Heisty/Feisty_Heisty/Content/PolygonHeist/Meshes/Items/SM_Item_Rope_01.uexp" 2189
"D:/GitHub/Feisty-Heisty/Feisty_Heisty/Content/PolygonHeist/Meshes/Items/SM_Item_Pouch_01.ubulk" 2190
"D:/GitHub/Feisty-Heisty/Feisty_Heisty/Content/PolygonHeist/Meshes/Items/SM_Item_Pouch_01.uasset" 2191
"D:/GitHub/Feisty-Heisty/Feisty_Heisty/Content/PolygonHeist/Meshes/Items/SM_Item_Pouch_01.uexp" 2192
"D:/GitHub/Feisty-Heisty/Feisty_Heisty/Content/PolygonHeist/Meshes/Items/SM_Item_Mask_WeldersMask_01.ubulk" 2193
"D:/GitHub/Feisty-Heisty/Feisty_Heisty/Content/PolygonHeist/Meshes/Items/SM_Item_Mask_WeldersMask_01.uasset" 2194
"D:/GitHub/Feisty-Heisty/Feisty_Heisty/Content/PolygonHeist/Meshes/Items/SM_Item_Mask_WeldersMask_01.uexp" 2195
"D:/GitHub/Feisty-Heisty/Feisty_Heisty/Content/PolygonHeist/Meshes/Items/SM_Item_Mask_Trump_01.ubulk" 2196
"D:/GitHub/Feisty-Heisty/Feisty_Heisty/Content/PolygonHeist/Meshes/Items/SM_Item_Mask_Trump_01.uasset" 2197
"D:/GitHub/Feisty-Heisty/Feisty_Heisty/Content/PolygonHeist/Meshes/Items/SM_Item_Mask_Trump_01.uexp" 2198
"D:/GitHub/Feisty-Heisty/Feisty_Heisty/Content/PolygonHeist/Meshes/Items/SM_Item_Mask_Tiger_01.ubulk" 2199
"D:/GitHub/Feisty-Heisty/Feisty_Heisty/Content/PolygonHeist/Meshes/Items/SM_Item_Mask_Tiger_01.uasset" 2200
"D:/GitHub/Feisty-Heisty/Feisty_Heisty/Content/PolygonHeist/Meshes/Items/SM_Item_Mask_Tiger_01.uexp" 2201
"D:/GitHub/Feisty-Heisty/Feisty_Heisty/Content/PolygonHeist/Textures/T_PeopleMasks_White.ubulk" 2202
"D:/GitHub/Feisty-Heisty/Feisty_Heisty/Content/PolygonHeist/Textures/T_PeopleMasks_White.uasset" 2203
"D:/GitHub/Feisty-Heisty/Feisty_Heisty/Content/PolygonHeist/Textures/T_PeopleMasks_White.uexp" 2204
"D:/GitHub/Feisty-Heisty/Feisty_Heisty/Content/PolygonHeist/Materials/Mat_Simple_PeopleMasks_White.uasset" 2205
"D:/GitHub/Feisty-Heisty/Feisty_Heisty/Content/PolygonHeist/Materials/Mat_Simple_PeopleMasks_White.uexp" 2206
"D:/GitHub/Feisty-Heisty/Feisty_Heisty/Content/PolygonHeist/Meshes/Items/SM_Item_Mask_Simple_Woman_01.ubulk" 2207
"D:/GitHub/Feisty-Heisty/Feisty_Heisty/Content/PolygonHeist/Meshes/Items/SM_Item_Mask_Simple_Woman_01.uasset" 2208
"D:/GitHub/Feisty-Heisty/Feisty_Heisty/Content/PolygonHeist/Meshes/Items/SM_Item_Mask_Simple_Woman_01.uexp" 2209
"D:/GitHub/Feisty-Heisty/Feisty_Heisty/Content/PolygonHeist/Meshes/Items/SM_Item_Mask_Simple_Robber_01.ubulk" 2210
"D:/GitHub/Feisty-Heisty/Feisty_Heisty/Content/PolygonHeist/Meshes/Items/SM_Item_Mask_Simple_Robber_01.uasset" 2211
"D:/GitHub/Feisty-Heisty/Feisty_Heisty/Content/PolygonHeist/Meshes/Items/SM_Item_Mask_Simple_Robber_01.uexp" 2212
"D:/GitHub/Feisty-Heisty/Feisty_Heisty/Content/PolygonHeist/Meshes/Items/SM_Item_Mask_Simple_Man_01.ubulk" 2213
"D:/GitHub/Feisty-Heisty/Feisty_Heisty/Content/PolygonHeist/Meshes/Items/SM_Item_Mask_Simple_Man_01.uasset" 2214
"D:/GitHub/Feisty-Heisty/Feisty_Heisty/Content/PolygonHeist/Meshes/Items/SM_Item_Mask_Simple_Man_01.uexp" 2215
"D:/GitHub/Feisty-Heisty/Feisty_Heisty/Content/PolygonHeist/Meshes/Items/SM_Item_Mask_PaperBag_01.ubulk" 2216
"D:/GitHub/Feisty-Heisty/Feisty_Heisty/Content/PolygonHeist/Meshes/Items/SM_Item_Mask_PaperBag_01.uasset" 2217
"D:/GitHub/Feisty-Heisty/Feisty_Heisty/Content/PolygonHeist/Meshes/Items/SM_Item_Mask_PaperBag_01.uexp" 2218
"D:/GitHub/Feisty-Heisty/Feisty_Heisty/Content/PolygonHeist/Meshes/Items/SM_Item_Mask_Panda_01.ubulk" 2219
"D:/GitHub/Feisty-Heisty/Feisty_Heisty/Content/PolygonHeist/Meshes/Items/SM_Item_Mask_Panda_01.uasset" 2220
"D:/GitHub/Feisty-Heisty/Feisty_Heisty/Content/PolygonHeist/Meshes/Items/SM_Item_Mask_Panda_01.uexp" 2221
"D:/GitHub/Feisty-Heisty/Feisty_Heisty/Content/PolygonHeist/Meshes/Items/SM_Item_Mask_Luchador_01.ubulk" 2222
"D:/GitHub/Feisty-Heisty/Feisty_Heisty/Content/PolygonHeist/Meshes/Items/SM_Item_Mask_Luchador_01.uasset" 2223
"D:/GitHub/Feisty-Heisty/Feisty_Heisty/Content/PolygonHeist/Meshes/Items/SM_Item_Mask_Luchador_01.uexp" 2224
"D:/GitHub/Feisty-Heisty/Feisty_Heisty/Content/PolygonHeist/Meshes/Items/SM_Item_Mask_Horse_01.ubulk" 2225
"D:/GitHub/Feisty-Heisty/Feisty_Heisty/Content/PolygonHeist/Meshes/Items/SM_Item_Mask_Horse_01.uasset" 2226
"D:/GitHub/Feisty-Heisty/Feisty_Heisty/Content/PolygonHeist/Meshes/Items/SM_Item_Mask_Horse_01.uexp" 2227
"D:/GitHub/Feisty-Heisty/Feisty_Heisty/Content/PolygonHeist/Meshes/Items/SM_Item_Mask_Hockey_01.ubulk" 2228
"D:/GitHub/Feisty-Heisty/Feisty_Heisty/Content/PolygonHeist/Meshes/Items/SM_Item_Mask_Hockey_01.uasset" 2229
"D:/GitHub/Feisty-Heisty/Feisty_Heisty/Content/PolygonHeist/Meshes/Items/SM_Item_Mask_Hockey_01.uexp" 2230
"D:/GitHub/Feisty-Heisty/Feisty_Heisty/Content/PolygonHeist/Meshes/Items/SM_Item_Mask_Hat_01.ubulk" 2231
"D:/GitHub/Feisty-Heisty/Feisty_Heisty/Content/PolygonHeist/Meshes/Items/SM_Item_Mask_Hat_01.uasset" 2232
"D:/GitHub/Feisty-Heisty/Feisty_Heisty/Content/PolygonHeist/Meshes/Items/SM_Item_Mask_Hat_01.uexp" 2233
"D:/GitHub/Feisty-Heisty/Feisty_Heisty/Content/PolygonHeist/Meshes/Items/SM_Item_Mask_Glasses_01.ubulk" 2234
"D:/GitHub/Feisty-Heisty/Feisty_Heisty/Content/PolygonHeist/Meshes/Items/SM_Item_Mask_Glasses_01.uasset" 2235
"D:/GitHub/Feisty-Heisty/Feisty_Heisty/Content/PolygonHeist/Meshes/Items/SM_Item_Mask_Glasses_01.uexp" 2236
"D:/GitHub/Feisty-Heisty/Feisty_Heisty/Content/PolygonHeist/Meshes/Items/SM_Item_Mask_Gas_01.ubulk" 2237
"D:/GitHub/Feisty-Heisty/Feisty_Heisty/Content/PolygonHeist/Meshes/Items/SM_Item_Mask_Gas_01.uasset" 2238
"D:/GitHub/Feisty-Heisty/Feisty_Heisty/Content/PolygonHeist/Meshes/Items/SM_Item_Mask_Gas_01.uexp" 2239
"D:/GitHub/Feisty-Heisty/Feisty_Heisty/Content/PolygonHeist/Meshes/Items/SM_Item_Mask_Fox_01.ubulk" 2240
"D:/GitHub/Feisty-Heisty/Feisty_Heisty/Content/PolygonHeist/Meshes/Items/SM_Item_Mask_Fox_01.uasset" 2241
"D:/GitHub/Feisty-Heisty/Feisty_Heisty/Content/PolygonHeist/Meshes/Items/SM_Item_Mask_Fox_01.uexp" 2242
"D:/GitHub/Feisty-Heisty/Feisty_Heisty/Content/PolygonHeist/Meshes/Items/SM_Item_Mask_Construction_01.ubulk" 2243
"D:/GitHub/Feisty-Heisty/Feisty_Heisty/Content/PolygonHeist/Meshes/Items/SM_Item_Mask_Construction_01.uasset" 2244
"D:/GitHub/Feisty-Heisty/Feisty_Heisty/Content/PolygonHeist/Meshes/Items/SM_Item_Mask_Construction_01.uexp" 2245
"D:/GitHub/Feisty-Heisty/Feisty_Heisty/Content/PolygonHeist/Meshes/Items/SM_Item_Mask_Clown_01.ubulk" 2246
"D:/GitHub/Feisty-Heisty/Feisty_Heisty/Content/PolygonHeist/Meshes/Items/SM_Item_Mask_Clown_01.uasset" 2247
"D:/GitHub/Feisty-Heisty/Feisty_Heisty/Content/PolygonHeist/Meshes/Items/SM_Item_Mask_Clown_01.uexp" 2248
"D:/GitHub/Feisty-Heisty/Feisty_Heisty/Content/PolygonHeist/Meshes/Items/SM_Item_Mask_Chicken_01.ubulk" 2249
"D:/GitHub/Feisty-Heisty/Feisty_Heisty/Content/PolygonHeist/Meshes/Items/SM_Item_Mask_Chicken_01.uasset" 2250
"D:/GitHub/Feisty-Heisty/Feisty_Heisty/Content/PolygonHeist/Meshes/Items/SM_Item_Mask_Chicken_01.uexp" 2251
"D:/GitHub/Feisty-Heisty/Feisty_Heisty/Content/PolygonHeist/Meshes/Items/SM_Item_Mask_Beanie_01.ubulk" 2252
"D:/GitHub/Feisty-Heisty/Feisty_Heisty/Content/PolygonHeist/Meshes/Items/SM_Item_Mask_Beanie_01.uasset" 2253
"D:/GitHub/Feisty-Heisty/Feisty_Heisty/Content/PolygonHeist/Meshes/Items/SM_Item_Mask_Beanie_01.uexp" 2254
"D:/GitHub/Feisty-Heisty/Feisty_Heisty/Content/PolygonHeist/Meshes/Items/SM_Item_Mask_Balaclava_01.ubulk" 2255
"D:/GitHub/Feisty-Heisty/Feisty_Heisty/Content/PolygonHeist/Meshes/Items/SM_Item_Mask_Balaclava_01.uasset" 2256
"D:/GitHub/Feisty-Heisty/Feisty_Heisty/Content/PolygonHeist/Meshes/Items/SM_Item_Mask_Balaclava_01.uexp" 2257
"D:/GitHub/Feisty-Heisty/Feisty_Heisty/Content/PolygonHeist/Meshes/Items/SM_Item_Mask_Alien_01.ubulk" 2258
"D:/GitHub/Feisty-Heisty/Feisty_Heisty/Content/PolygonHeist/Meshes/Items/SM_Item_Mask_Alien_01.uasset" 2259
"D:/GitHub/Feisty-Heisty/Feisty_Heisty/Content/PolygonHeist/Meshes/Items/SM_Item_Mask_Alien_01.uexp" 2260
"D:/GitHub/Feisty-Heisty/Feisty_Heisty/Content/PolygonHeist/Meshes/Items/SM_Item_Mallet_01.ubulk" 2261
"D:/GitHub/Feisty-Heisty/Feisty_Heisty/Content/PolygonHeist/Meshes/Items/SM_Item_Mallet_01.uasset" 2262
"D:/GitHub/Feisty-Heisty/Feisty_Heisty/Content/PolygonHeist/Meshes/Items/SM_Item_Mallet_01.uexp" 2263
"D:/GitHub/Feisty-Heisty/Feisty_Heisty/Content/PolygonHeist/Meshes/Items/SM_Item_HealthKit_Supplies_01.ubulk" 2264
"D:/GitHub/Feisty-Heisty/Feisty_Heisty/Content/PolygonHeist/Meshes/Items/SM_Item_HealthKit_Supplies_01.uasset" 2265
"D:/GitHub/Feisty-Heisty/Feisty_Heisty/Content/PolygonHeist/Meshes/Items/SM_Item_HealthKit_Supplies_01.uexp" 2266
"D:/GitHub/Feisty-Heisty/Feisty_Heisty/Content/PolygonHeist/Meshes/Items/SM_Item_HealthKit_Lid_01.ubulk" 2267
"D:/GitHub/Feisty-Heisty/Feisty_Heisty/Content/PolygonHeist/Meshes/Items/SM_Item_HealthKit_Lid_01.uasset" 2268
"D:/GitHub/Feisty-Heisty/Feisty_Heisty/Content/PolygonHeist/Meshes/Items/SM_Item_HealthKit_Lid_01.uexp" 2269
"D:/GitHub/Feisty-Heisty/Feisty_Heisty/Content/PolygonHeist/Meshes/Items/SM_Item_HealthKit_02.ubulk" 2270
"D:/GitHub/Feisty-Heisty/Feisty_Heisty/Content/PolygonHeist/Meshes/Items/SM_Item_HealthKit_02.uasset" 2271
"D:/GitHub/Feisty-Heisty/Feisty_Heisty/Content/PolygonHeist/Meshes/Items/SM_Item_HealthKit_02.uexp" 2272
"D:/GitHub/Feisty-Heisty/Feisty_Heisty/Content/PolygonHeist/Meshes/Items/SM_Item_HealthKit_01.ubulk" 2273
"D:/GitHub/Feisty-Heisty/Feisty_Heisty/Content/PolygonHeist/Meshes/Items/SM_Item_HealthKit_01.uasset" 2274
"D:/GitHub/Feisty-Heisty/Feisty_Heisty/Content/PolygonHeist/Meshes/Items/SM_Item_HealthKit_01.uexp" 2275
"D:/GitHub/Feisty-Heisty/Feisty_Heisty/Content/PolygonHeist/Meshes/Items/SM_Item_HandDrill_01.ubulk" 2276
"D:/GitHub/Feisty-Heisty/Feisty_Heisty/Content/PolygonHeist/Meshes/Items/SM_Item_HandDrill_01.uasset" 2277
"D:/GitHub/Feisty-Heisty/Feisty_Heisty/Content/PolygonHeist/Meshes/Items/SM_Item_HandDrill_01.uexp" 2278
"D:/GitHub/Feisty-Heisty/Feisty_Heisty/Content/PolygonHeist/Meshes/Items/SM_Item_Handcuffs_01.ubulk" 2279
"D:/GitHub/Feisty-Heisty/Feisty_Heisty/Content/PolygonHeist/Meshes/Items/SM_Item_Handcuffs_01.uasset" 2280
"D:/GitHub/Feisty-Heisty/Feisty_Heisty/Content/PolygonHeist/Meshes/Items/SM_Item_Handcuffs_01.uexp" 2281
"D:/GitHub/Feisty-Heisty/Feisty_Heisty/Content/PolygonHeist/Meshes/Items/SM_Item_Hammer_01.ubulk" 2282
"D:/GitHub/Feisty-Heisty/Feisty_Heisty/Content/PolygonHeist/Meshes/Items/SM_Item_Hammer_01.uasset" 2283
"D:/GitHub/Feisty-Heisty/Feisty_Heisty/Content/PolygonHeist/Meshes/Items/SM_Item_Hammer_01.uexp" 2284
"D:/GitHub/Feisty-Heisty/Feisty_Heisty/Content/PolygonHeist/Meshes/Items/SM_Item_Hair_Woman_01.ubulk" 2285
"D:/GitHub/Feisty-Heisty/Feisty_Heisty/Content/PolygonHeist/Meshes/Items/SM_Item_Hair_Woman_01.uasset" 2286
"D:/GitHub/Feisty-Heisty/Feisty_Heisty/Content/PolygonHeist/Meshes/Items/SM_Item_Hair_Woman_01.uexp" 2287
"D:/GitHub/Feisty-Heisty/Feisty_Heisty/Content/PolygonHeist/Meshes/Items/SM_Item_Hair_Man_01.ubulk" 2288
"D:/GitHub/Feisty-Heisty/Feisty_Heisty/Content/PolygonHeist/Meshes/Items/SM_Item_Hair_Man_01.uasset" 2289
"D:/GitHub/Feisty-Heisty/Feisty_Heisty/Content/PolygonHeist/Meshes/Items/SM_Item_Hair_Man_01.uexp" 2290
"D:/GitHub/Feisty-Heisty/Feisty_Heisty/Content/PolygonHeist/Meshes/Items/SM_Item_Hair_Eyebrow_Woman_01.ubulk" 2291
"D:/GitHub/Feisty-Heisty/Feisty_Heisty/Content/PolygonHeist/Meshes/Items/SM_Item_Hair_Eyebrow_Woman_01.uasset" 2292
"D:/GitHub/Feisty-Heisty/Feisty_Heisty/Content/PolygonHeist/Meshes/Items/SM_Item_Hair_Eyebrow_Woman_01.uexp" 2293
"D:/GitHub/Feisty-Heisty/Feisty_Heisty/Content/PolygonHeist/Meshes/Items/SM_Item_Hair_Eyebrow_Man_01.ubulk" 2294
"D:/GitHub/Feisty-Heisty/Feisty_Heisty/Content/PolygonHeist/Meshes/Items/SM_Item_Hair_Eyebrow_Man_01.uasset" 2295
"D:/GitHub/Feisty-Heisty/Feisty_Heisty/Content/PolygonHeist/Meshes/Items/SM_Item_Hair_Eyebrow_Man_01.uexp" 2296
"D:/GitHub/Feisty-Heisty/Feisty_Heisty/Content/PolygonHeist/Meshes/Items/SM_Item_Hacksaw_01.ubulk" 2297
"D:/GitHub/Feisty-Heisty/Feisty_Heisty/Content/PolygonHeist/Meshes/Items/SM_Item_Hacksaw_01.uasset" 2298
"D:/GitHub/Feisty-Heisty/Feisty_Heisty/Content/PolygonHeist/Meshes/Items/SM_Item_Hacksaw_01.uexp" 2299
"D:/GitHub/Feisty-Heisty/Feisty_Heisty/Content/PolygonHeist/Textures/T_PolygonHeist_02_A.ubulk" 2300
"D:/GitHub/Feisty-Heisty/Feisty_Heisty/Content/PolygonHeist/Textures/T_PolygonHeist_02_A.uasset" 2301
"D:/GitHub/Feisty-Heisty/Feisty_Heisty/Content/PolygonHeist/Textures/T_PolygonHeist_02_A.uexp" 2302
"D:/GitHub/Feisty-Heisty/Feisty_Heisty/Content/PolygonHeist/Materials/Mat_PolygonHeist_02_A.uasset" 2303
"D:/GitHub/Feisty-Heisty/Feisty_Heisty/Content/PolygonHeist/Materials/Mat_PolygonHeist_02_A.uexp" 2304
"D:/GitHub/Feisty-Heisty/Feisty_Heisty/Content/PolygonHeist/Meshes/Items/SM_Item_DuffleBag_Open_Full_01.ubulk" 2305
"D:/GitHub/Feisty-Heisty/Feisty_Heisty/Content/PolygonHeist/Meshes/Items/SM_Item_DuffleBag_Open_Full_01.uasset" 2306
"D:/GitHub/Feisty-Heisty/Feisty_Heisty/Content/PolygonHeist/Meshes/Items/SM_Item_DuffleBag_Open_Full_01.uexp" 2307
"D:/GitHub/Feisty-Heisty/Feisty_Heisty/Content/PolygonHeist/Meshes/Items/SM_Item_DuffleBag_Open_Empty_01.ubulk" 2308
"D:/GitHub/Feisty-Heisty/Feisty_Heisty/Content/PolygonHeist/Meshes/Items/SM_Item_DuffleBag_Open_Empty_01.uasset" 2309
"D:/GitHub/Feisty-Heisty/Feisty_Heisty/Content/PolygonHeist/Meshes/Items/SM_Item_DuffleBag_Open_Empty_01.uexp" 2310
"D:/GitHub/Feisty-Heisty/Feisty_Heisty/Content/PolygonHeist/Meshes/Items/SM_Item_DuffleBag_Full_01.ubulk" 2311
"D:/GitHub/Feisty-Heisty/Feisty_Heisty/Content/PolygonHeist/Meshes/Items/SM_Item_DuffleBag_Full_01.uasset" 2312
"D:/GitHub/Feisty-Heisty/Feisty_Heisty/Content/PolygonHeist/Meshes/Items/SM_Item_DuffleBag_Full_01.uexp" 2313
"D:/GitHub/Feisty-Heisty/Feisty_Heisty/Content/PolygonHeist/Meshes/Items/SM_Item_DuffleBag_Empty_01.ubulk" 2314
"D:/GitHub/Feisty-Heisty/Feisty_Heisty/Content/PolygonHeist/Meshes/Items/SM_Item_DuffleBag_Empty_01.uasset" 2315
"D:/GitHub/Feisty-Heisty/Feisty_Heisty/Content/PolygonHeist/Meshes/Items/SM_Item_DuffleBag_Empty_01.uexp" 2316
"D:/GitHub/Feisty-Heisty/Feisty_Heisty/Content/PolygonHeist/Meshes/Items/SM_Item_DuffleBag_01.ubulk" 2317
"D:/GitHub/Feisty-Heisty/Feisty_Heisty/Content/PolygonHeist/Meshes/Items/SM_Item_DuffleBag_01.uasset" 2318
"D:/GitHub/Feisty-Heisty/Feisty_Heisty/Content/PolygonHeist/Meshes/Items/SM_Item_DuffleBag_01.uexp" 2319
"D:/GitHub/Feisty-Heisty/Feisty_Heisty/Content/PolygonHeist/Meshes/Items/SM_Item_Crowbar_01.ubulk" 2320
"D:/GitHub/Feisty-Heisty/Feisty_Heisty/Content/PolygonHeist/Meshes/Items/SM_Item_Crowbar_01.uasset" 2321
"D:/GitHub/Feisty-Heisty/Feisty_Heisty/Content/PolygonHeist/Meshes/Items/SM_Item_Crowbar_01.uexp" 2322
"D:/GitHub/Feisty-Heisty/Feisty_Heisty/Content/PolygonHeist/Meshes/Items/SM_Item_Briefcase_Money_01.ubulk" 2323
"D:/GitHub/Feisty-Heisty/Feisty_Heisty/Content/PolygonHeist/Meshes/Items/SM_Item_Briefcase_Money_01.uasset" 2324
"D:/GitHub/Feisty-Heisty/Feisty_Heisty/Content/PolygonHeist/Meshes/Items/SM_Item_Briefcase_Money_01.uexp" 2325
"D:/GitHub/Feisty-Heisty/Feisty_Heisty/Content/PolygonHeist/Meshes/Items/SM_Item_Briefcase_Lid_01.ubulk" 2326
"D:/GitHub/Feisty-Heisty/Feisty_Heisty/Content/PolygonHeist/Meshes/Items/SM_Item_Briefcase_Lid_01.uasset" 2327
"D:/GitHub/Feisty-Heisty/Feisty_Heisty/Content/PolygonHeist/Meshes/Items/SM_Item_Briefcase_Lid_01.uexp" 2328
"D:/GitHub/Feisty-Heisty/Feisty_Heisty/Content/PolygonHeist/Meshes/Items/SM_Item_Briefcase_02.ubulk" 2329
"D:/GitHub/Feisty-Heisty/Feisty_Heisty/Content/PolygonHeist/Meshes/Items/SM_Item_Briefcase_02.uasset" 2330
"D:/GitHub/Feisty-Heisty/Feisty_Heisty/Content/PolygonHeist/Meshes/Items/SM_Item_Briefcase_02.uexp" 2331
"D:/GitHub/Feisty-Heisty/Feisty_Heisty/Content/PolygonHeist/Meshes/Items/SM_Item_Briefcase_01.ubulk" 2332
"D:/GitHub/Feisty-Heisty/Feisty_Heisty/Content/PolygonHeist/Meshes/Items/SM_Item_Briefcase_01.uasset" 2333
"D:/GitHub/Feisty-Heisty/Feisty_Heisty/Content/PolygonHeist/Meshes/Items/SM_Item_Briefcase_01.uexp" 2334
"D:/GitHub/Feisty-Heisty/Feisty_Heisty/Content/PolygonHeist/Meshes/Items/SM_Item_Bomb_01.ubulk" 2335
"D:/GitHub/Feisty-Heisty/Feisty_Heisty/Content/PolygonHeist/Meshes/Items/SM_Item_Bomb_01.uasset" 2336
"D:/GitHub/Feisty-Heisty/Feisty_Heisty/Content/PolygonHeist/Meshes/Items/SM_Item_Bomb_01.uexp" 2337
"D:/GitHub/Feisty-Heisty/Feisty_Heisty/Content/PolygonHeist/Meshes/Items/SM_Item_AmmoPack_Supplies_01.ubulk" 2338
"D:/GitHub/Feisty-Heisty/Feisty_Heisty/Content/PolygonHeist/Meshes/Items/SM_Item_AmmoPack_Supplies_01.uasset" 2339
"D:/GitHub/Feisty-Heisty/Feisty_Heisty/Content/PolygonHeist/Meshes/Items/SM_Item_AmmoPack_Supplies_01.uexp" 2340
"D:/GitHub/Feisty-Heisty/Feisty_Heisty/Content/PolygonHeist/Meshes/Items/SM_Item_AmmoPack_Lid_01.ubulk" 2341
"D:/GitHub/Feisty-Heisty/Feisty_Heisty/Content/PolygonHeist/Meshes/Items/SM_Item_AmmoPack_Lid_01.uasset" 2342
"D:/GitHub/Feisty-Heisty/Feisty_Heisty/Content/PolygonHeist/Meshes/Items/SM_Item_AmmoPack_Lid_01.uexp" 2343
"D:/GitHub/Feisty-Heisty/Feisty_Heisty/Content/PolygonHeist/Meshes/Items/SM_Item_AmmoPack_02.ubulk" 2344
"D:/GitHub/Feisty-Heisty/Feisty_Heisty/Content/PolygonHeist/Meshes/Items/SM_Item_AmmoPack_02.uasset" 2345
"D:/GitHub/Feisty-Heisty/Feisty_Heisty/Content/PolygonHeist/Meshes/Items/SM_Item_AmmoPack_02.uexp" 2346
"D:/GitHub/Feisty-Heisty/Feisty_Heisty/Content/PolygonHeist/Meshes/Items/SM_Item_AmmoPack_01.ubulk" 2347
"D:/GitHub/Feisty-Heisty/Feisty_Heisty/Content/PolygonHeist/Meshes/Items/SM_Item_AmmoPack_01.uasset" 2348
"D:/GitHub/Feisty-Heisty/Feisty_Heisty/Content/PolygonHeist/Meshes/Items/SM_Item_AmmoPack_01.uexp" 2349
"D:/GitHub/Feisty-Heisty/Feisty_Heisty/Content/PolygonHeist/Meshes/Props/SM_Prop_WaterCooler_Tank_01.ubulk" 2350
"D:/GitHub/Feisty-Heisty/Feisty_Heisty/Content/PolygonHeist/Meshes/Props/SM_Prop_WaterCooler_Tank_01.uasset" 2351
"D:/GitHub/Feisty-Heisty/Feisty_Heisty/Content/PolygonHeist/Meshes/Props/SM_Prop_WaterCooler_Tank_01.uexp" 2352
"D:/GitHub/Feisty-Heisty/Feisty_Heisty/Content/PolygonHeist/Meshes/Props/SM_Prop_WaterCooler_01.ubulk" 2353
"D:/GitHub/Feisty-Heisty/Feisty_Heisty/Content/PolygonHeist/Meshes/Props/SM_Prop_WaterCooler_01.uasset" 2354
"D:/GitHub/Feisty-Heisty/Feisty_Heisty/Content/PolygonHeist/Meshes/Props/SM_Prop_WaterCooler_01.uexp" 2355
"D:/GitHub/Feisty-Heisty/Feisty_Heisty/Content/PolygonHeist/Meshes/Props/SM_Prop_VaultTrolley_01.ubulk" 2356
"D:/GitHub/Feisty-Heisty/Feisty_Heisty/Content/PolygonHeist/Meshes/Props/SM_Prop_VaultTrolley_01.uasset" 2357
"D:/GitHub/Feisty-Heisty/Feisty_Heisty/Content/PolygonHeist/Meshes/Props/SM_Prop_VaultTrolley_01.uexp" 2358
"D:/GitHub/Feisty-Heisty/Feisty_Heisty/Content/PolygonHeist/Meshes/Props/SM_Prop_TellerDesk_Barrier_Glass_02.ubulk" 2359
"D:/GitHub/Feisty-Heisty/Feisty_Heisty/Content/PolygonHeist/Meshes/Props/SM_Prop_TellerDesk_Barrier_Glass_02.uasset" 2360
"D:/GitHub/Feisty-Heisty/Feisty_Heisty/Content/PolygonHeist/Meshes/Props/SM_Prop_TellerDesk_Barrier_Glass_02.uexp" 2361
"D:/GitHub/Feisty-Heisty/Feisty_Heisty/Content/PolygonHeist/Meshes/Props/SM_Prop_TellerDesk_Barrier_Glass_01.ubulk" 2362
"D:/GitHub/Feisty-Heisty/Feisty_Heisty/Content/PolygonHeist/Meshes/Props/SM_Prop_TellerDesk_Barrier_Glass_01.uasset" 2363
"D:/GitHub/Feisty-Heisty/Feisty_Heisty/Content/PolygonHeist/Meshes/Props/SM_Prop_TellerDesk_Barrier_Glass_01.uexp" 2364
"D:/GitHub/Feisty-Heisty/Feisty_Heisty/Content/PolygonHeist/Meshes/Props/SM_Prop_TellerDesk_Barrier_02.ubulk" 2365
"D:/GitHub/Feisty-Heisty/Feisty_Heisty/Content/PolygonHeist/Meshes/Props/SM_Prop_TellerDesk_Barrier_02.uasset" 2366
"D:/GitHub/Feisty-Heisty/Feisty_Heisty/Content/PolygonHeist/Meshes/Props/SM_Prop_TellerDesk_Barrier_02.uexp" 2367
"D:/GitHub/Feisty-Heisty/Feisty_Heisty/Content/PolygonHeist/Meshes/Props/SM_Prop_TellerDesk_Barrier_01.ubulk" 2368
"D:/GitHub/Feisty-Heisty/Feisty_Heisty/Content/PolygonHeist/Meshes/Props/SM_Prop_TellerDesk_Barrier_01.uasset" 2369
"D:/GitHub/Feisty-Heisty/Feisty_Heisty/Content/PolygonHeist/Meshes/Props/SM_Prop_TellerDesk_Barrier_01.uexp" 2370
"D:/GitHub/Feisty-Heisty/Feisty_Heisty/Content/PolygonHeist/Meshes/Props/SM_Prop_TellerDesk_03.ubulk" 2371
"D:/GitHub/Feisty-Heisty/Feisty_Heisty/Content/PolygonHeist/Meshes/Props/SM_Prop_TellerDesk_03.uasset" 2372
"D:/GitHub/Feisty-Heisty/Feisty_Heisty/Content/PolygonHeist/Meshes/Props/SM_Prop_TellerDesk_03.uexp" 2373
"D:/GitHub/Feisty-Heisty/Feisty_Heisty/Content/PolygonHeist/Meshes/Props/SM_Prop_TellerDesk_02.ubulk" 2374
"D:/GitHub/Feisty-Heisty/Feisty_Heisty/Content/PolygonHeist/Meshes/Props/SM_Prop_TellerDesk_02.uasset" 2375
"D:/GitHub/Feisty-Heisty/Feisty_Heisty/Content/PolygonHeist/Meshes/Props/SM_Prop_TellerDesk_02.uexp" 2376
"D:/GitHub/Feisty-Heisty/Feisty_Heisty/Content/PolygonHeist/Meshes/Props/SM_Prop_TellerDesk_01.ubulk" 2377
"D:/GitHub/Feisty-Heisty/Feisty_Heisty/Content/PolygonHeist/Meshes/Props/SM_Prop_TellerDesk_01.uasset" 2378
"D:/GitHub/Feisty-Heisty/Feisty_Heisty/Content/PolygonHeist/Meshes/Props/SM_Prop_TellerDesk_01.uexp" 2379
"D:/GitHub/Feisty-Heisty/Feisty_Heisty/Content/PolygonHeist/Meshes/Props/SM_Prop_Table_02.ubulk" 2380
"D:/GitHub/Feisty-Heisty/Feisty_Heisty/Content/PolygonHeist/Meshes/Props/SM_Prop_Table_02.uasset" 2381
"D:/GitHub/Feisty-Heisty/Feisty_Heisty/Content/PolygonHeist/Meshes/Props/SM_Prop_Table_02.uexp" 2382
"D:/GitHub/Feisty-Heisty/Feisty_Heisty/Content/PolygonHeist/Meshes/Props/SM_Prop_Table_01.ubulk" 2383
"D:/GitHub/Feisty-Heisty/Feisty_Heisty/Content/PolygonHeist/Meshes/Props/SM_Prop_Table_01.uasset" 2384
"D:/GitHub/Feisty-Heisty/Feisty_Heisty/Content/PolygonHeist/Meshes/Props/SM_Prop_Table_01.uexp" 2385
"D:/GitHub/Feisty-Heisty/Feisty_Heisty/Content/PolygonHeist/Meshes/Props/SM_Prop_Statue_01.ubulk" 2386
"D:/GitHub/Feisty-Heisty/Feisty_Heisty/Content/PolygonHeist/Meshes/Props/SM_Prop_Statue_01.uasset" 2387
"D:/GitHub/Feisty-Heisty/Feisty_Heisty/Content/PolygonHeist/Meshes/Props/SM_Prop_Statue_01.uexp" 2388
"D:/GitHub/Feisty-Heisty/Feisty_Heisty/Content/PolygonHeist/Meshes/Props/SM_Prop_Sprinkler_01.ubulk" 2389
"D:/GitHub/Feisty-Heisty/Feisty_Heisty/Content/PolygonHeist/Meshes/Props/SM_Prop_Sprinkler_01.uasset" 2390
"D:/GitHub/Feisty-Heisty/Feisty_Heisty/Content/PolygonHeist/Meshes/Props/SM_Prop_Sprinkler_01.uexp" 2391
"D:/GitHub/Feisty-Heisty/Feisty_Heisty/Content/PolygonHeist/Meshes/Props/SM_Prop_Sign_Jewellery_01.ubulk" 2392
"D:/GitHub/Feisty-Heisty/Feisty_Heisty/Content/PolygonHeist/Meshes/Props/SM_Prop_Sign_Jewellery_01.uasset" 2393
"D:/GitHub/Feisty-Heisty/Feisty_Heisty/Content/PolygonHeist/Meshes/Props/SM_Prop_Sign_Jewellery_01.uexp" 2394
"D:/GitHub/Feisty-Heisty/Feisty_Heisty/Content/PolygonHeist/Meshes/Props/SM_Prop_Sign_Base_01.ubulk" 2395
"D:/GitHub/Feisty-Heisty/Feisty_Heisty/Content/PolygonHeist/Meshes/Props/SM_Prop_Sign_Base_01.uasset" 2396
"D:/GitHub/Feisty-Heisty/Feisty_Heisty/Content/PolygonHeist/Meshes/Props/SM_Prop_Sign_Base_01.uexp" 2397
"D:/GitHub/Feisty-Heisty/Feisty_Heisty/Content/PolygonHeist/Meshes/Props/SM_Prop_Sign_Bank_01.ubulk" 2398
"D:/GitHub/Feisty-Heisty/Feisty_Heisty/Content/PolygonHeist/Meshes/Props/SM_Prop_Sign_Bank_01.uasset" 2399
"D:/GitHub/Feisty-Heisty/Feisty_Heisty/Content/PolygonHeist/Meshes/Props/SM_Prop_Sign_Bank_01.uexp" 2400
"D:/GitHub/Feisty-Heisty/Feisty_Heisty/Content/PolygonHeist/Meshes/Props/SM_Prop_Seat_02.ubulk" 2401
"D:/GitHub/Feisty-Heisty/Feisty_Heisty/Content/PolygonHeist/Meshes/Props/SM_Prop_Seat_02.uasset" 2402
"D:/GitHub/Feisty-Heisty/Feisty_Heisty/Content/PolygonHeist/Meshes/Props/SM_Prop_Seat_02.uexp" 2403
"D:/GitHub/Feisty-Heisty/Feisty_Heisty/Content/PolygonHeist/Textures/T_PolygonHeist_04_A.ubulk" 2404
"D:/GitHub/Feisty-Heisty/Feisty_Heisty/Content/PolygonHeist/Textures/T_PolygonHeist_04_A.uasset" 2405
"D:/GitHub/Feisty-Heisty/Feisty_Heisty/Content/PolygonHeist/Textures/T_PolygonHeist_04_A.uexp" 2406
"D:/GitHub/Feisty-Heisty/Feisty_Heisty/Content/PolygonHeist/Materials/Mat_PolygonHeist_04_A.uasset" 2407
"D:/GitHub/Feisty-Heisty/Feisty_Heisty/Content/PolygonHeist/Materials/Mat_PolygonHeist_04_A.uexp" 2408
"D:/GitHub/Feisty-Heisty/Feisty_Heisty/Content/PolygonHeist/Meshes/Props/SM_Prop_Seat_01.ubulk" 2409
"D:/GitHub/Feisty-Heisty/Feisty_Heisty/Content/PolygonHeist/Meshes/Props/SM_Prop_Seat_01.uasset" 2410
"D:/GitHub/Feisty-Heisty/Feisty_Heisty/Content/PolygonHeist/Meshes/Props/SM_Prop_Seat_01.uexp" 2411
"D:/GitHub/Feisty-Heisty/Feisty_Heisty/Content/PolygonHeist/Meshes/Props/SM_Prop_SafeDepositBox_Cover_03.ubulk" 2412
"D:/GitHub/Feisty-Heisty/Feisty_Heisty/Content/PolygonHeist/Meshes/Props/SM_Prop_SafeDepositBox_Cover_03.uasset" 2413
"D:/GitHub/Feisty-Heisty/Feisty_Heisty/Content/PolygonHeist/Meshes/Props/SM_Prop_SafeDepositBox_Cover_03.uexp" 2414
"D:/GitHub/Feisty-Heisty/Feisty_Heisty/Content/PolygonHeist/Meshes/Props/SM_Prop_SafeDepositBox_Cover_02.ubulk" 2415
"D:/GitHub/Feisty-Heisty/Feisty_Heisty/Content/PolygonHeist/Meshes/Props/SM_Prop_SafeDepositBox_Cover_02.uasset" 2416
"D:/GitHub/Feisty-Heisty/Feisty_Heisty/Content/PolygonHeist/Meshes/Props/SM_Prop_SafeDepositBox_Cover_02.uexp" 2417
"D:/GitHub/Feisty-Heisty/Feisty_Heisty/Content/PolygonHeist/Meshes/Props/SM_Prop_SafeDepositBox_Cover_01.ubulk" 2418
"D:/GitHub/Feisty-Heisty/Feisty_Heisty/Content/PolygonHeist/Meshes/Props/SM_Prop_SafeDepositBox_Cover_01.uasset" 2419
"D:/GitHub/Feisty-Heisty/Feisty_Heisty/Content/PolygonHeist/Meshes/Props/SM_Prop_SafeDepositBox_Cover_01.uexp" 2420
"D:/GitHub/Feisty-Heisty/Feisty_Heisty/Content/PolygonHeist/Meshes/Props/SM_Prop_SafeDepositBox_Container_Lid_01.ubulk" 2421
"D:/GitHub/Feisty-Heisty/Feisty_Heisty/Content/PolygonHeist/Meshes/Props/SM_Prop_SafeDepositBox_Container_Lid_01.uasset" 2422
"D:/GitHub/Feisty-Heisty/Feisty_Heisty/Content/PolygonHeist/Meshes/Props/SM_Prop_SafeDepositBox_Container_Lid_01.uexp" 2423
"D:/GitHub/Feisty-Heisty/Feisty_Heisty/Content/PolygonHeist/Meshes/Props/SM_Prop_SafeDepositBox_Container_02.ubulk" 2424
"D:/GitHub/Feisty-Heisty/Feisty_Heisty/Content/PolygonHeist/Meshes/Props/SM_Prop_SafeDepositBox_Container_02.uasset" 2425
"D:/GitHub/Feisty-Heisty/Feisty_Heisty/Content/PolygonHeist/Meshes/Props/SM_Prop_SafeDepositBox_Container_02.uexp" 2426
"D:/GitHub/Feisty-Heisty/Feisty_Heisty/Content/PolygonHeist/Meshes/Props/SM_Prop_SafeDepositBox_Container_01.ubulk" 2427
"D:/GitHub/Feisty-Heisty/Feisty_Heisty/Content/PolygonHeist/Meshes/Props/SM_Prop_SafeDepositBox_Container_01.uasset" 2428
"D:/GitHub/Feisty-Heisty/Feisty_Heisty/Content/PolygonHeist/Meshes/Props/SM_Prop_SafeDepositBox_Container_01.uexp" 2429
"D:/GitHub/Feisty-Heisty/Feisty_Heisty/Content/PolygonHeist/Meshes/Props/SM_Prop_SafeDepositBoxes_Looted_01.ubulk" 2430
"D:/GitHub/Feisty-Heisty/Feisty_Heisty/Content/PolygonHeist/Meshes/Props/SM_Prop_SafeDepositBoxes_Looted_01.uasset" 2431
"D:/GitHub/Feisty-Heisty/Feisty_Heisty/Content/PolygonHeist/Meshes/Props/SM_Prop_SafeDepositBoxes_Looted_01.uexp" 2432
"D:/GitHub/Feisty-Heisty/Feisty_Heisty/Content/PolygonHeist/Meshes/Props/SM_Prop_SafeDepositBoxes_Half_01.ubulk" 2433
"D:/GitHub/Feisty-Heisty/Feisty_Heisty/Content/PolygonHeist/Meshes/Props/SM_Prop_SafeDepositBoxes_Half_01.uasset" 2434
"D:/GitHub/Feisty-Heisty/Feisty_Heisty/Content/PolygonHeist/Meshes/Props/SM_Prop_SafeDepositBoxes_Half_01.uexp" 2435
"D:/GitHub/Feisty-Heisty/Feisty_Heisty/Content/PolygonHeist/Meshes/Props/SM_Prop_SafeDepositBoxes_Empty_01.ubulk" 2436
"D:/GitHub/Feisty-Heisty/Feisty_Heisty/Content/PolygonHeist/Meshes/Props/SM_Prop_SafeDepositBoxes_Empty_01.uasset" 2437
"D:/GitHub/Feisty-Heisty/Feisty_Heisty/Content/PolygonHeist/Meshes/Props/SM_Prop_SafeDepositBoxes_Empty_01.uexp" 2438
"D:/GitHub/Feisty-Heisty/Feisty_Heisty/Content/PolygonHeist/Meshes/Props/SM_Prop_SafeDepositBoxes_01.ubulk" 2439
"D:/GitHub/Feisty-Heisty/Feisty_Heisty/Content/PolygonHeist/Meshes/Props/SM_Prop_SafeDepositBoxes_01.uasset" 2440
"D:/GitHub/Feisty-Heisty/Feisty_Heisty/Content/PolygonHeist/Meshes/Props/SM_Prop_SafeDepositBoxes_01.uexp" 2441
"D:/GitHub/Feisty-Heisty/Feisty_Heisty/Content/PolygonHeist/Materials/Mat_PolygonHeist_Matte.uasset" 2442
"D:/GitHub/Feisty-Heisty/Feisty_Heisty/Content/PolygonHeist/Materials/Mat_PolygonHeist_Matte.uexp" 2443
"D:/GitHub/Feisty-Heisty/Feisty_Heisty/Content/PolygonHeist/Meshes/Props/SM_Prop_Rug_02.ubulk" 2444
"D:/GitHub/Feisty-Heisty/Feisty_Heisty/Content/PolygonHeist/Meshes/Props/SM_Prop_Rug_02.uasset" 2445
"D:/GitHub/Feisty-Heisty/Feisty_Heisty/Content/PolygonHeist/Meshes/Props/SM_Prop_Rug_02.uexp" 2446
"D:/GitHub/Feisty-Heisty/Feisty_Heisty/Content/PolygonHeist/Meshes/Props/SM_Prop_Rug_01.ubulk" 2447
"D:/GitHub/Feisty-Heisty/Feisty_Heisty/Content/PolygonHeist/Meshes/Props/SM_Prop_Rug_01.uasset" 2448
"D:/GitHub/Feisty-Heisty/Feisty_Heisty/Content/PolygonHeist/Meshes/Props/SM_Prop_Rug_01.uexp" 2449
"D:/GitHub/Feisty-Heisty/Feisty_Heisty/Content/PolygonHeist/Meshes/Props/SM_Prop_RopeBarrier_Pole_02.ubulk" 2450
"D:/GitHub/Feisty-Heisty/Feisty_Heisty/Content/PolygonHeist/Meshes/Props/SM_Prop_RopeBarrier_Pole_02.uasset" 2451
"D:/GitHub/Feisty-Heisty/Feisty_Heisty/Content/PolygonHeist/Meshes/Props/SM_Prop_RopeBarrier_Pole_02.uexp" 2452
"D:/GitHub/Feisty-Heisty/Feisty_Heisty/Content/PolygonHeist/Meshes/Props/SM_Prop_RopeBarrier_Pole_01.ubulk" 2453
"D:/GitHub/Feisty-Heisty/Feisty_Heisty/Content/PolygonHeist/Meshes/Props/SM_Prop_RopeBarrier_Pole_01.uasset" 2454
"D:/GitHub/Feisty-Heisty/Feisty_Heisty/Content/PolygonHeist/Meshes/Props/SM_Prop_RopeBarrier_Pole_01.uexp" 2455
"D:/GitHub/Feisty-Heisty/Feisty_Heisty/Content/PolygonHeist/Meshes/Props/SM_Prop_RopeBarrier_03.ubulk" 2456
"D:/GitHub/Feisty-Heisty/Feisty_Heisty/Content/PolygonHeist/Meshes/Props/SM_Prop_RopeBarrier_03.uasset" 2457
"D:/GitHub/Feisty-Heisty/Feisty_Heisty/Content/PolygonHeist/Meshes/Props/SM_Prop_RopeBarrier_03.uexp" 2458
"D:/GitHub/Feisty-Heisty/Feisty_Heisty/Content/PolygonHeist/Meshes/Props/SM_Prop_RopeBarrier_02.ubulk" 2459
"D:/GitHub/Feisty-Heisty/Feisty_Heisty/Content/PolygonHeist/Meshes/Props/SM_Prop_RopeBarrier_02.uasset" 2460
"D:/GitHub/Feisty-Heisty/Feisty_Heisty/Content/PolygonHeist/Meshes/Props/SM_Prop_RopeBarrier_02.uexp" 2461
"D:/GitHub/Feisty-Heisty/Feisty_Heisty/Content/PolygonHeist/Meshes/Props/SM_Prop_RopeBarrier_01.ubulk" 2462
"D:/GitHub/Feisty-Heisty/Feisty_Heisty/Content/PolygonHeist/Meshes/Props/SM_Prop_RopeBarrier_01.uasset" 2463
"D:/GitHub/Feisty-Heisty/Feisty_Heisty/Content/PolygonHeist/Meshes/Props/SM_Prop_RopeBarrier_01.uexp" 2464
"D:/GitHub/Feisty-Heisty/Feisty_Heisty/Content/PolygonHeist/Meshes/Props/SM_Prop_Plant_03.ubulk" 2465
"D:/GitHub/Feisty-Heisty/Feisty_Heisty/Content/PolygonHeist/Meshes/Props/SM_Prop_Plant_03.uasset" 2466
"D:/GitHub/Feisty-Heisty/Feisty_Heisty/Content/PolygonHeist/Meshes/Props/SM_Prop_Plant_03.uexp" 2467
"D:/GitHub/Feisty-Heisty/Feisty_Heisty/Content/PolygonHeist/Meshes/Props/SM_Prop_Plant_02.ubulk" 2468
"D:/GitHub/Feisty-Heisty/Feisty_Heisty/Content/PolygonHeist/Meshes/Props/SM_Prop_Plant_02.uasset" 2469
"D:/GitHub/Feisty-Heisty/Feisty_Heisty/Content/PolygonHeist/Meshes/Props/SM_Prop_Plant_02.uexp" 2470
"D:/GitHub/Feisty-Heisty/Feisty_Heisty/Content/PolygonHeist/Meshes/Props/SM_Prop_Plant_01.ubulk" 2471
"D:/GitHub/Feisty-Heisty/Feisty_Heisty/Content/PolygonHeist/Meshes/Props/SM_Prop_Plant_01.uasset" 2472
"D:/GitHub/Feisty-Heisty/Feisty_Heisty/Content/PolygonHeist/Meshes/Props/SM_Prop_Plant_01.uexp" 2473
"D:/GitHub/Feisty-Heisty/Feisty_Heisty/Content/PolygonHeist/Meshes/Props/SM_Prop_Pillar_02.ubulk" 2474
"D:/GitHub/Feisty-Heisty/Feisty_Heisty/Content/PolygonHeist/Meshes/Props/SM_Prop_Pillar_02.uasset" 2475
"D:/GitHub/Feisty-Heisty/Feisty_Heisty/Content/PolygonHeist/Meshes/Props/SM_Prop_Pillar_02.uexp" 2476
"D:/GitHub/Feisty-Heisty/Feisty_Heisty/Content/PolygonHeist/Meshes/Props/SM_Prop_Pillar_01.ubulk" 2477
"D:/GitHub/Feisty-Heisty/Feisty_Heisty/Content/PolygonHeist/Meshes/Props/SM_Prop_Pillar_01.uasset" 2478
"D:/GitHub/Feisty-Heisty/Feisty_Heisty/Content/PolygonHeist/Meshes/Props/SM_Prop_Pillar_01.uexp" 2479
"D:/GitHub/Feisty-Heisty/Feisty_Heisty/Content/PolygonHeist/Meshes/Props/SM_Prop_Money_Stack_03.ubulk" 2480
"D:/GitHub/Feisty-Heisty/Feisty_Heisty/Content/PolygonHeist/Meshes/Props/SM_Prop_Money_Stack_03.uasset" 2481
"D:/GitHub/Feisty-Heisty/Feisty_Heisty/Content/PolygonHeist/Meshes/Props/SM_Prop_Money_Stack_03.uexp" 2482
"D:/GitHub/Feisty-Heisty/Feisty_Heisty/Content/PolygonHeist/Meshes/Props/SM_Prop_Money_Stack_02.ubulk" 2483
"D:/GitHub/Feisty-Heisty/Feisty_Heisty/Content/PolygonHeist/Meshes/Props/SM_Prop_Money_Stack_02.uasset" 2484
"D:/GitHub/Feisty-Heisty/Feisty_Heisty/Content/PolygonHeist/Meshes/Props/SM_Prop_Money_Stack_02.uexp" 2485
"D:/GitHub/Feisty-Heisty/Feisty_Heisty/Content/PolygonHeist/Meshes/Props/SM_Prop_Money_Stack_01.ubulk" 2486
"D:/GitHub/Feisty-Heisty/Feisty_Heisty/Content/PolygonHeist/Meshes/Props/SM_Prop_Money_Stack_01.uasset" 2487
"D:/GitHub/Feisty-Heisty/Feisty_Heisty/Content/PolygonHeist/Meshes/Props/SM_Prop_Money_Stack_01.uexp" 2488
"D:/GitHub/Feisty-Heisty/Feisty_Heisty/Content/PolygonHeist/Meshes/Props/SM_Prop_Money_Roll_02.ubulk" 2489
"D:/GitHub/Feisty-Heisty/Feisty_Heisty/Content/PolygonHeist/Meshes/Props/SM_Prop_Money_Roll_02.uasset" 2490
"D:/GitHub/Feisty-Heisty/Feisty_Heisty/Content/PolygonHeist/Meshes/Props/SM_Prop_Money_Roll_02.uexp" 2491
"D:/GitHub/Feisty-Heisty/Feisty_Heisty/Content/PolygonHeist/Meshes/Props/SM_Prop_Money_Roll_01.ubulk" 2492
"D:/GitHub/Feisty-Heisty/Feisty_Heisty/Content/PolygonHeist/Meshes/Props/SM_Prop_Money_Roll_01.uasset" 2493
"D:/GitHub/Feisty-Heisty/Feisty_Heisty/Content/PolygonHeist/Meshes/Props/SM_Prop_Money_Roll_01.uexp" 2494
"D:/GitHub/Feisty-Heisty/Feisty_Heisty/Content/PolygonHeist/Meshes/Props/SM_Prop_Money_Note_07.ubulk" 2495
"D:/GitHub/Feisty-Heisty/Feisty_Heisty/Content/PolygonHeist/Meshes/Props/SM_Prop_Money_Note_07.uasset" 2496
"D:/GitHub/Feisty-Heisty/Feisty_Heisty/Content/PolygonHeist/Meshes/Props/SM_Prop_Money_Note_07.uexp" 2497
"D:/GitHub/Feisty-Heisty/Feisty_Heisty/Content/PolygonHeist/Meshes/Props/SM_Prop_Money_Note_06.ubulk" 2498
"D:/GitHub/Feisty-Heisty/Feisty_Heisty/Content/PolygonHeist/Meshes/Props/SM_Prop_Money_Note_06.uasset" 2499
"D:/GitHub/Feisty-Heisty/Feisty_Heisty/Content/PolygonHeist/Meshes/Props/SM_Prop_Money_Note_06.uexp" 2500
"D:/GitHub/Feisty-Heisty/Feisty_Heisty/Content/PolygonHeist/Meshes/Props/SM_Prop_Money_Note_05.ubulk" 2501
"D:/GitHub/Feisty-Heisty/Feisty_Heisty/Content/PolygonHeist/Meshes/Props/SM_Prop_Money_Note_05.uasset" 2502
"D:/GitHub/Feisty-Heisty/Feisty_Heisty/Content/PolygonHeist/Meshes/Props/SM_Prop_Money_Note_05.uexp" 2503
"D:/GitHub/Feisty-Heisty/Feisty_Heisty/Content/PolygonHeist/Meshes/Props/SM_Prop_Money_Note_04.ubulk" 2504
"D:/GitHub/Feisty-Heisty/Feisty_Heisty/Content/PolygonHeist/Meshes/Props/SM_Prop_Money_Note_04.uasset" 2505
"D:/GitHub/Feisty-Heisty/Feisty_Heisty/Content/PolygonHeist/Meshes/Props/SM_Prop_Money_Note_04.uexp" 2506
"D:/GitHub/Feisty-Heisty/Feisty_Heisty/Content/PolygonHeist/Meshes/Props/SM_Prop_Money_Note_03.ubulk" 2507
"D:/GitHub/Feisty-Heisty/Feisty_Heisty/Content/PolygonHeist/Meshes/Props/SM_Prop_Money_Note_03.uasset" 2508
"D:/GitHub/Feisty-Heisty/Feisty_Heisty/Content/PolygonHeist/Meshes/Props/SM_Prop_Money_Note_03.uexp" 2509
"D:/GitHub/Feisty-Heisty/Feisty_Heisty/Content/PolygonHeist/Meshes/Props/SM_Prop_Money_Note_02.ubulk" 2510
"D:/GitHub/Feisty-Heisty/Feisty_Heisty/Content/PolygonHeist/Meshes/Props/SM_Prop_Money_Note_02.uasset" 2511
"D:/GitHub/Feisty-Heisty/Feisty_Heisty/Content/PolygonHeist/Meshes/Props/SM_Prop_Money_Note_02.uexp" 2512
"D:/GitHub/Feisty-Heisty/Feisty_Heisty/Content/PolygonHeist/Meshes/Props/SM_Prop_MetalDetector_Baggage_01.ubulk" 2513
"D:/GitHub/Feisty-Heisty/Feisty_Heisty/Content/PolygonHeist/Meshes/Props/SM_Prop_MetalDetector_Baggage_01.uasset" 2514
"D:/GitHub/Feisty-Heisty/Feisty_Heisty/Content/PolygonHeist/Meshes/Props/SM_Prop_MetalDetector_Baggage_01.uexp" 2515
"D:/GitHub/Feisty-Heisty/Feisty_Heisty/Content/PolygonHeist/Meshes/Props/SM_Prop_MetalDetector_01.ubulk" 2516
"D:/GitHub/Feisty-Heisty/Feisty_Heisty/Content/PolygonHeist/Meshes/Props/SM_Prop_MetalDetector_01.uasset" 2517
"D:/GitHub/Feisty-Heisty/Feisty_Heisty/Content/PolygonHeist/Meshes/Props/SM_Prop_MetalDetector_01.uexp" 2518
"D:/GitHub/Feisty-Heisty/Feisty_Heisty/Content/PolygonHeist/Meshes/Props/SM_Prop_Jewellery_Ring_01.ubulk" 2519
"D:/GitHub/Feisty-Heisty/Feisty_Heisty/Content/PolygonHeist/Meshes/Props/SM_Prop_Jewellery_Ring_01.uasset" 2520
"D:/GitHub/Feisty-Heisty/Feisty_Heisty/Content/PolygonHeist/Meshes/Props/SM_Prop_Jewellery_Ring_01.uexp" 2521
"D:/GitHub/Feisty-Heisty/Feisty_Heisty/Content/PolygonHeist/Meshes/Props/SM_Prop_Jewellery_Necklace_03.ubulk" 2522
"D:/GitHub/Feisty-Heisty/Feisty_Heisty/Content/PolygonHeist/Meshes/Props/SM_Prop_Jewellery_Necklace_03.uasset" 2523
"D:/GitHub/Feisty-Heisty/Feisty_Heisty/Content/PolygonHeist/Meshes/Props/SM_Prop_Jewellery_Necklace_03.uexp" 2524
"D:/GitHub/Feisty-Heisty/Feisty_Heisty/Content/PolygonHeist/Meshes/Props/SM_Prop_Jewellery_Necklace_01.ubulk" 2525
"D:/GitHub/Feisty-Heisty/Feisty_Heisty/Content/PolygonHeist/Meshes/Props/SM_Prop_Jewellery_Necklace_01.uasset" 2526
"D:/GitHub/Feisty-Heisty/Feisty_Heisty/Content/PolygonHeist/Meshes/Props/SM_Prop_Jewellery_Necklace_01.uexp" 2527
"D:/GitHub/Feisty-Heisty/Feisty_Heisty/Content/PolygonHeist/Meshes/Vehicles/SK_Veh_SwatVan_01_Skeleton.uasset" 2528
"D:/GitHub/Feisty-Heisty/Feisty_Heisty/Content/PolygonHeist/Meshes/Vehicles/SK_Veh_SwatVan_01_Skeleton.uexp" 2529
"D:/GitHub/Feisty-Heisty/Feisty_Heisty/Content/PolygonHeist/Meshes/Vehicles/SK_Veh_SwatVan_01_PhysicsAsset.uasset" 2530
"D:/GitHub/Feisty-Heisty/Feisty_Heisty/Content/PolygonHeist/Meshes/Vehicles/SK_Veh_SwatVan_01_PhysicsAsset.uexp" 2531
"D:/GitHub/Feisty-Heisty/Feisty_Heisty/Content/PolygonHeist/Meshes/Vehicles/SK_Veh_SwatVan_01.uasset" 2532
"D:/GitHub/Feisty-Heisty/Feisty_Heisty/Content/PolygonHeist/Meshes/Vehicles/SK_Veh_SwatVan_01.uexp" 2533
"D:/GitHub/Feisty-Heisty/Feisty_Heisty/Content/PolygonHeist/Meshes/Vehicles/SK_Veh_Helicopter_01_PhysicsAsset.uasset" 2534
"D:/GitHub/Feisty-Heisty/Feisty_Heisty/Content/PolygonHeist/Meshes/Vehicles/SK_Veh_Helicopter_01_PhysicsAsset.uexp" 2535
"D:/GitHub/Feisty-Heisty/Feisty_Heisty/Content/PolygonHeist/Meshes/Vehicles/SK_Veh_Helicopter_01_Skeleton.uasset" 2536
"D:/GitHub/Feisty-Heisty/Feisty_Heisty/Content/PolygonHeist/Meshes/Vehicles/SK_Veh_Helicopter_01_Skeleton.uexp" 2537
"D:/GitHub/Feisty-Heisty/Feisty_Heisty/Content/PolygonHeist/Meshes/Vehicles/SK_Veh_Helicopter_01.uasset" 2538
"D:/GitHub/Feisty-Heisty/Feisty_Heisty/Content/PolygonHeist/Meshes/Vehicles/SK_Veh_Helicopter_01.uexp" 2539
"D:/GitHub/Feisty-Heisty/Feisty_Heisty/Content/PolygonHeist/Meshes/Vehicles/SK_Veh_Car_Police_Heist_01_Skeleton.uasset" 2540
"D:/GitHub/Feisty-Heisty/Feisty_Heisty/Content/PolygonHeist/Meshes/Vehicles/SK_Veh_Car_Police_Heist_01_Skeleton.uexp" 2541
"D:/GitHub/Feisty-Heisty/Feisty_Heisty/Content/PolygonHeist/Meshes/Vehicles/SK_Veh_Car_Police_Heist_01_PhysicsAsset.uasset" 2542
"D:/GitHub/Feisty-Heisty/Feisty_Heisty/Content/PolygonHeist/Meshes/Vehicles/SK_Veh_Car_Police_Heist_01_PhysicsAsset.uexp" 2543
"D:/GitHub/Feisty-Heisty/Feisty_Heisty/Content/PolygonHeist/Meshes/Vehicles/SK_Veh_Car_Police_Heist_01.uasset" 2544
"D:/GitHub/Feisty-Heisty/Feisty_Heisty/Content/PolygonHeist/Meshes/Vehicles/SK_Veh_Car_Police_Heist_01.uexp" 2545
"D:/GitHub/Feisty-Heisty/Feisty_Heisty/Content/PolygonHeist/Meshes/Props/SM_Prop_Jewellery_04.ubulk" 2546
"D:/GitHub/Feisty-Heisty/Feisty_Heisty/Content/PolygonHeist/Meshes/Props/SM_Prop_Jewellery_04.uasset" 2547
"D:/GitHub/Feisty-Heisty/Feisty_Heisty/Content/PolygonHeist/Meshes/Props/SM_Prop_Jewellery_04.uexp" 2548
"D:/GitHub/Feisty-Heisty/Feisty_Heisty/Content/PolygonHeist/Meshes/Props/SM_Prop_Jewellery_02.ubulk" 2549
"D:/GitHub/Feisty-Heisty/Feisty_Heisty/Content/PolygonHeist/Meshes/Props/SM_Prop_Jewellery_02.uasset" 2550
"D:/GitHub/Feisty-Heisty/Feisty_Heisty/Content/PolygonHeist/Meshes/Props/SM_Prop_Jewellery_02.uexp" 2551
"D:/GitHub/Feisty-Heisty/Feisty_Heisty/Content/PolygonHeist/Meshes/Props/SM_Prop_GoldBar_02.ubulk" 2552
"D:/GitHub/Feisty-Heisty/Feisty_Heisty/Content/PolygonHeist/Meshes/Props/SM_Prop_GoldBar_02.uasset" 2553
"D:/GitHub/Feisty-Heisty/Feisty_Heisty/Content/PolygonHeist/Meshes/Props/SM_Prop_GoldBar_02.uexp" 2554
"D:/GitHub/Feisty-Heisty/Feisty_Heisty/Content/PolygonHeist/Meshes/Props/SM_Prop_Glass_Shard_02.ubulk" 2555
"D:/GitHub/Feisty-Heisty/Feisty_Heisty/Content/PolygonHeist/Meshes/Props/SM_Prop_Glass_Shard_02.uasset" 2556
"D:/GitHub/Feisty-Heisty/Feisty_Heisty/Content/PolygonHeist/Meshes/Props/SM_Prop_Glass_Shard_02.uexp" 2557
"D:/GitHub/Feisty-Heisty/Feisty_Heisty/Content/PolygonHeist/Meshes/Props/SM_Prop_Glass_Shard_01.ubulk" 2558
"D:/GitHub/Feisty-Heisty/Feisty_Heisty/Content/PolygonHeist/Meshes/Props/SM_Prop_Glass_Shard_01.uasset" 2559
"D:/GitHub/Feisty-Heisty/Feisty_Heisty/Content/PolygonHeist/Meshes/Props/SM_Prop_Glass_Shard_01.uexp" 2560
"D:/GitHub/Feisty-Heisty/Feisty_Heisty/Content/PolygonHeist/Meshes/Props/SM_Prop_Folder_05.ubulk" 2561
"D:/GitHub/Feisty-Heisty/Feisty_Heisty/Content/PolygonHeist/Meshes/Props/SM_Prop_Folder_05.uasset" 2562
"D:/GitHub/Feisty-Heisty/Feisty_Heisty/Content/PolygonHeist/Meshes/Props/SM_Prop_Folder_05.uexp" 2563
"D:/GitHub/Feisty-Heisty/Feisty_Heisty/Content/PolygonHeist/Meshes/Props/SM_Prop_Folder_04.ubulk" 2564
"D:/GitHub/Feisty-Heisty/Feisty_Heisty/Content/PolygonHeist/Meshes/Props/SM_Prop_Folder_04.uasset" 2565
"D:/GitHub/Feisty-Heisty/Feisty_Heisty/Content/PolygonHeist/Meshes/Props/SM_Prop_Folder_04.uexp" 2566
"D:/GitHub/Feisty-Heisty/Feisty_Heisty/Content/PolygonHeist/Meshes/Props/SM_Prop_Folder_02.ubulk" 2567
"D:/GitHub/Feisty-Heisty/Feisty_Heisty/Content/PolygonHeist/Meshes/Props/SM_Prop_Folder_02.uasset" 2568
"D:/GitHub/Feisty-Heisty/Feisty_Heisty/Content/PolygonHeist/Meshes/Props/SM_Prop_Folder_02.uexp" 2569
"D:/GitHub/Feisty-Heisty/Feisty_Heisty/Content/PolygonHeist/Meshes/Props/SM_Prop_Folder_01.ubulk" 2570
"D:/GitHub/Feisty-Heisty/Feisty_Heisty/Content/PolygonHeist/Meshes/Props/SM_Prop_Folder_01.uasset" 2571
"D:/GitHub/Feisty-Heisty/Feisty_Heisty/Content/PolygonHeist/Meshes/Props/SM_Prop_Folder_01.uexp" 2572
"D:/GitHub/Feisty-Heisty/Feisty_Heisty/Content/PolygonHeist/Meshes/Props/SM_Prop_Fire_Detector_01.ubulk" 2573
"D:/GitHub/Feisty-Heisty/Feisty_Heisty/Content/PolygonHeist/Meshes/Props/SM_Prop_Fire_Detector_01.uasset" 2574
"D:/GitHub/Feisty-Heisty/Feisty_Heisty/Content/PolygonHeist/Meshes/Props/SM_Prop_Fire_Detector_01.uexp" 2575
"D:/GitHub/Feisty-Heisty/Feisty_Heisty/Content/PolygonHeist/Meshes/Props/SM_Prop_Drill_01.ubulk" 2576
"D:/GitHub/Feisty-Heisty/Feisty_Heisty/Content/PolygonHeist/Meshes/Props/SM_Prop_Drill_01.uasset" 2577
"D:/GitHub/Feisty-Heisty/Feisty_Heisty/Content/PolygonHeist/Meshes/Props/SM_Prop_Drill_01.uexp" 2578
"D:/GitHub/Feisty-Heisty/Feisty_Heisty/Content/PolygonHeist/Meshes/Props/SM_Prop_Drawers_01.ubulk" 2579
"D:/GitHub/Feisty-Heisty/Feisty_Heisty/Content/PolygonHeist/Meshes/Props/SM_Prop_Drawers_01.uasset" 2580
"D:/GitHub/Feisty-Heisty/Feisty_Heisty/Content/PolygonHeist/Meshes/Props/SM_Prop_Drawers_01.uexp" 2581
"D:/GitHub/Feisty-Heisty/Feisty_Heisty/Content/PolygonHeist/Meshes/Props/SM_Prop_DisplayCase_Glass_02_Broken.ubulk" 2582
"D:/GitHub/Feisty-Heisty/Feisty_Heisty/Content/PolygonHeist/Meshes/Props/SM_Prop_DisplayCase_Glass_02_Broken.uasset" 2583
"D:/GitHub/Feisty-Heisty/Feisty_Heisty/Content/PolygonHeist/Meshes/Props/SM_Prop_DisplayCase_Glass_02_Broken.uexp" 2584
"D:/GitHub/Feisty-Heisty/Feisty_Heisty/Content/PolygonHeist/Meshes/Props/SM_Prop_DisplayCase_Glass_02.ubulk" 2585
"D:/GitHub/Feisty-Heisty/Feisty_Heisty/Content/PolygonHeist/Meshes/Props/SM_Prop_DisplayCase_Glass_02.uasset" 2586
"D:/GitHub/Feisty-Heisty/Feisty_Heisty/Content/PolygonHeist/Meshes/Props/SM_Prop_DisplayCase_Glass_02.uexp" 2587
"D:/GitHub/Feisty-Heisty/Feisty_Heisty/Content/PolygonHeist/Meshes/Props/SM_Prop_DisplayCase_Glass_01_Broken.ubulk" 2588
"D:/GitHub/Feisty-Heisty/Feisty_Heisty/Content/PolygonHeist/Meshes/Props/SM_Prop_DisplayCase_Glass_01_Broken.uasset" 2589
"D:/GitHub/Feisty-Heisty/Feisty_Heisty/Content/PolygonHeist/Meshes/Props/SM_Prop_DisplayCase_Glass_01_Broken.uexp" 2590
"D:/GitHub/Feisty-Heisty/Feisty_Heisty/Content/PolygonHeist/Meshes/Props/SM_Prop_DisplayCase_Glass_01.ubulk" 2591
"D:/GitHub/Feisty-Heisty/Feisty_Heisty/Content/PolygonHeist/Meshes/Props/SM_Prop_DisplayCase_Glass_01.uasset" 2592
"D:/GitHub/Feisty-Heisty/Feisty_Heisty/Content/PolygonHeist/Meshes/Props/SM_Prop_DisplayCase_Glass_01.uexp" 2593
"D:/GitHub/Feisty-Heisty/Feisty_Heisty/Content/PolygonHeist/Meshes/Props/SM_Prop_DisplayCase_02.ubulk" 2594
"D:/GitHub/Feisty-Heisty/Feisty_Heisty/Content/PolygonHeist/Meshes/Props/SM_Prop_DisplayCase_02.uasset" 2595
"D:/GitHub/Feisty-Heisty/Feisty_Heisty/Content/PolygonHeist/Meshes/Props/SM_Prop_DisplayCase_02.uexp" 2596
"D:/GitHub/Feisty-Heisty/Feisty_Heisty/Content/PolygonHeist/Meshes/Props/SM_Prop_DisplayCase_01.ubulk" 2597
"D:/GitHub/Feisty-Heisty/Feisty_Heisty/Content/PolygonHeist/Meshes/Props/SM_Prop_DisplayCase_01.uasset" 2598
"D:/GitHub/Feisty-Heisty/Feisty_Heisty/Content/PolygonHeist/Meshes/Props/SM_Prop_DisplayCase_01.uexp" 2599
"D:/GitHub/Feisty-Heisty/Feisty_Heisty/Content/PolygonHeist/Meshes/Props/SM_Prop_Desk_Glass_01.ubulk" 2600
"D:/GitHub/Feisty-Heisty/Feisty_Heisty/Content/PolygonHeist/Meshes/Props/SM_Prop_Desk_Glass_01.uasset" 2601
"D:/GitHub/Feisty-Heisty/Feisty_Heisty/Content/PolygonHeist/Meshes/Props/SM_Prop_Desk_Glass_01.uexp" 2602
"D:/GitHub/Feisty-Heisty/Feisty_Heisty/Content/PolygonHeist/Meshes/Props/SM_Prop_Desk_03.ubulk" 2603
"D:/GitHub/Feisty-Heisty/Feisty_Heisty/Content/PolygonHeist/Meshes/Props/SM_Prop_Desk_03.uasset" 2604
"D:/GitHub/Feisty-Heisty/Feisty_Heisty/Content/PolygonHeist/Meshes/Props/SM_Prop_Desk_03.uexp" 2605
"D:/GitHub/Feisty-Heisty/Feisty_Heisty/Content/PolygonHeist/Meshes/Props/SM_Prop_Desk_02.ubulk" 2606
"D:/GitHub/Feisty-Heisty/Feisty_Heisty/Content/PolygonHeist/Meshes/Props/SM_Prop_Desk_02.uasset" 2607
"D:/GitHub/Feisty-Heisty/Feisty_Heisty/Content/PolygonHeist/Meshes/Props/SM_Prop_Desk_02.uexp" 2608
"D:/GitHub/Feisty-Heisty/Feisty_Heisty/Content/PolygonHeist/Meshes/Props/SM_Prop_Desk_01.ubulk" 2609
"D:/GitHub/Feisty-Heisty/Feisty_Heisty/Content/PolygonHeist/Meshes/Props/SM_Prop_Desk_01.uasset" 2610
"D:/GitHub/Feisty-Heisty/Feisty_Heisty/Content/PolygonHeist/Meshes/Props/SM_Prop_Desk_01.uexp" 2611
"D:/GitHub/Feisty-Heisty/Feisty_Heisty/Content/PolygonHeist/Meshes/Props/SM_Prop_DeskLight_01.ubulk" 2612
"D:/GitHub/Feisty-Heisty/Feisty_Heisty/Content/PolygonHeist/Meshes/Props/SM_Prop_DeskLight_01.uasset" 2613
"D:/GitHub/Feisty-Heisty/Feisty_Heisty/Content/PolygonHeist/Meshes/Props/SM_Prop_DeskLight_01.uexp" 2614
"D:/GitHub/Feisty-Heisty/Feisty_Heisty/Content/PolygonHeist/Meshes/Props/SM_Prop_Couch_02.ubulk" 2615
"D:/GitHub/Feisty-Heisty/Feisty_Heisty/Content/PolygonHeist/Meshes/Props/SM_Prop_Couch_02.uasset" 2616
"D:/GitHub/Feisty-Heisty/Feisty_Heisty/Content/PolygonHeist/Meshes/Props/SM_Prop_Couch_02.uexp" 2617
"D:/GitHub/Feisty-Heisty/Feisty_Heisty/Content/PolygonHeist/Meshes/Props/SM_Prop_Couch_01.ubulk" 2618
"D:/GitHub/Feisty-Heisty/Feisty_Heisty/Content/PolygonHeist/Meshes/Props/SM_Prop_Couch_01.uasset" 2619
"D:/GitHub/Feisty-Heisty/Feisty_Heisty/Content/PolygonHeist/Meshes/Props/SM_Prop_Couch_01.uexp" 2620
"D:/GitHub/Feisty-Heisty/Feisty_Heisty/Content/PolygonHeist/Meshes/Props/SM_Prop_Computer_Mouse_01.ubulk" 2621
"D:/GitHub/Feisty-Heisty/Feisty_Heisty/Content/PolygonHeist/Meshes/Props/SM_Prop_Computer_Mouse_01.uasset" 2622
"D:/GitHub/Feisty-Heisty/Feisty_Heisty/Content/PolygonHeist/Meshes/Props/SM_Prop_Computer_Mouse_01.uexp" 2623
"D:/GitHub/Feisty-Heisty/Feisty_Heisty/Content/PolygonHeist/Meshes/Props/SM_Prop_Computer_Keyboard_01.ubulk" 2624
"D:/GitHub/Feisty-Heisty/Feisty_Heisty/Content/PolygonHeist/Meshes/Props/SM_Prop_Computer_Keyboard_01.uasset" 2625
"D:/GitHub/Feisty-Heisty/Feisty_Heisty/Content/PolygonHeist/Meshes/Props/SM_Prop_Computer_Keyboard_01.uexp" 2626
"D:/GitHub/Feisty-Heisty/Feisty_Heisty/Content/PolygonHeist/Meshes/Props/SM_Prop_Computer_01.ubulk" 2627
"D:/GitHub/Feisty-Heisty/Feisty_Heisty/Content/PolygonHeist/Meshes/Props/SM_Prop_Computer_01.uasset" 2628
"D:/GitHub/Feisty-Heisty/Feisty_Heisty/Content/PolygonHeist/Meshes/Props/SM_Prop_Computer_01.uexp" 2629
"D:/GitHub/Feisty-Heisty/Feisty_Heisty/Content/PolygonHeist/Meshes/Props/SM_Prop_CoffeTable_Glass_01.ubulk" 2630
"D:/GitHub/Feisty-Heisty/Feisty_Heisty/Content/PolygonHeist/Meshes/Props/SM_Prop_CoffeTable_Glass_01.uasset" 2631
"D:/GitHub/Feisty-Heisty/Feisty_Heisty/Content/PolygonHeist/Meshes/Props/SM_Prop_CoffeTable_Glass_01.uexp" 2632
"D:/GitHub/Feisty-Heisty/Feisty_Heisty/Content/PolygonHeist/Meshes/Props/SM_Prop_CoffeTable_01.ubulk" 2633
"D:/GitHub/Feisty-Heisty/Feisty_Heisty/Content/PolygonHeist/Meshes/Props/SM_Prop_CoffeTable_01.uasset" 2634
"D:/GitHub/Feisty-Heisty/Feisty_Heisty/Content/PolygonHeist/Meshes/Props/SM_Prop_CoffeTable_01.uexp" 2635
"D:/GitHub/Feisty-Heisty/Feisty_Heisty/Content/PolygonHeist/Meshes/Props/SM_Prop_CoffeeTable_02.ubulk" 2636
"D:/GitHub/Feisty-Heisty/Feisty_Heisty/Content/PolygonHeist/Meshes/Props/SM_Prop_CoffeeTable_02.uasset" 2637
"D:/GitHub/Feisty-Heisty/Feisty_Heisty/Content/PolygonHeist/Meshes/Props/SM_Prop_CoffeeTable_02.uexp" 2638
"D:/GitHub/Feisty-Heisty/Feisty_Heisty/Content/PolygonHeist/Meshes/Props/SM_Prop_Camera_01.ubulk" 2639
"D:/GitHub/Feisty-Heisty/Feisty_Heisty/Content/PolygonHeist/Meshes/Props/SM_Prop_Camera_01.uasset" 2640
"D:/GitHub/Feisty-Heisty/Feisty_Heisty/Content/PolygonHeist/Meshes/Props/SM_Prop_Camera_01.uexp" 2641
"D:/GitHub/Feisty-Heisty/Feisty_Heisty/Content/PolygonHeist/Meshes/Props/SM_Prop_Box_Lid_01.ubulk" 2642
"D:/GitHub/Feisty-Heisty/Feisty_Heisty/Content/PolygonHeist/Meshes/Props/SM_Prop_Box_Lid_01.uasset" 2643
"D:/GitHub/Feisty-Heisty/Feisty_Heisty/Content/PolygonHeist/Meshes/Props/SM_Prop_Box_Lid_01.uexp" 2644
"D:/GitHub/Feisty-Heisty/Feisty_Heisty/Content/PolygonHeist/Meshes/Props/SM_Prop_Box_01.ubulk" 2645
"D:/GitHub/Feisty-Heisty/Feisty_Heisty/Content/PolygonHeist/Meshes/Props/SM_Prop_Box_01.uasset" 2646
"D:/GitHub/Feisty-Heisty/Feisty_Heisty/Content/PolygonHeist/Meshes/Props/SM_Prop_Box_01.uexp" 2647
"D:/GitHub/Feisty-Heisty/Feisty_Heisty/Content/PolygonHeist/Meshes/Props/SM_Prop_Bin_01.ubulk" 2648
"D:/GitHub/Feisty-Heisty/Feisty_Heisty/Content/PolygonHeist/Meshes/Props/SM_Prop_Bin_01.uasset" 2649
"D:/GitHub/Feisty-Heisty/Feisty_Heisty/Content/PolygonHeist/Meshes/Props/SM_Prop_Bin_01.uexp" 2650
"D:/GitHub/Feisty-Heisty/Feisty_Heisty/Content/PolygonHeist/Meshes/Props/SM_Prop_ATM_01.ubulk" 2651
"D:/GitHub/Feisty-Heisty/Feisty_Heisty/Content/PolygonHeist/Meshes/Props/SM_Prop_ATM_01.uasset" 2652
"D:/GitHub/Feisty-Heisty/Feisty_Heisty/Content/PolygonHeist/Meshes/Props/SM_Prop_ATM_01.uexp" 2653
"D:/GitHub/Feisty-Heisty/Feisty_Heisty/Content/PolygonHeist/Meshes/Props/SM_Prop_AlarmButton_01.ubulk" 2654
"D:/GitHub/Feisty-Heisty/Feisty_Heisty/Content/PolygonHeist/Meshes/Props/SM_Prop_AlarmButton_01.uasset" 2655
"D:/GitHub/Feisty-Heisty/Feisty_Heisty/Content/PolygonHeist/Meshes/Props/SM_Prop_AlarmButton_01.uexp" 2656
"D:/GitHub/Feisty-Heisty/Feisty_Heisty/Content/PolygonHeist/Meshes/Props/SM_Prop_AirVent_01.ubulk" 2657
"D:/GitHub/Feisty-Heisty/Feisty_Heisty/Content/PolygonHeist/Meshes/Props/SM_Prop_AirVent_01.uasset" 2658
"D:/GitHub/Feisty-Heisty/Feisty_Heisty/Content/PolygonHeist/Meshes/Props/SM_Prop_AirVent_01.uexp" 2659
"D:/GitHub/Feisty-Heisty/Feisty_Heisty/Content/PolygonHeist/Meshes/Props/SM_Prop_Aircon_01.ubulk" 2660
"D:/GitHub/Feisty-Heisty/Feisty_Heisty/Content/PolygonHeist/Meshes/Props/SM_Prop_Aircon_01.uasset" 2661
"D:/GitHub/Feisty-Heisty/Feisty_Heisty/Content/PolygonHeist/Meshes/Props/SM_Prop_Aircon_01.uexp" 2662
"D:/GitHub/Feisty-Heisty/Feisty_Heisty/Content/PolygonHeist/Meshes/Weapons/SM_Wep_SniperSwat_01.ubulk" 2663
"D:/GitHub/Feisty-Heisty/Feisty_Heisty/Content/PolygonHeist/Meshes/Weapons/SM_Wep_SniperSwat_01.uasset" 2664
"D:/GitHub/Feisty-Heisty/Feisty_Heisty/Content/PolygonHeist/Meshes/Weapons/SM_Wep_SniperSwat_01.uexp" 2665
"D:/GitHub/Feisty-Heisty/Feisty_Heisty/Content/PolygonHeist/Meshes/Weapons/SM_Wep_SMG_01.ubulk" 2666
"D:/GitHub/Feisty-Heisty/Feisty_Heisty/Content/PolygonHeist/Meshes/Weapons/SM_Wep_SMG_01.uasset" 2667
"D:/GitHub/Feisty-Heisty/Feisty_Heisty/Content/PolygonHeist/Meshes/Weapons/SM_Wep_SMG_01.uexp" 2668
"D:/GitHub/Feisty-Heisty/Feisty_Heisty/Content/PolygonHeist/Meshes/Weapons/SM_Wep_Shotgun_01.ubulk" 2669
"D:/GitHub/Feisty-Heisty/Feisty_Heisty/Content/PolygonHeist/Meshes/Weapons/SM_Wep_Shotgun_01.uasset" 2670
"D:/GitHub/Feisty-Heisty/Feisty_Heisty/Content/PolygonHeist/Meshes/Weapons/SM_Wep_Shotgun_01.uexp" 2671
"D:/GitHub/Feisty-Heisty/Feisty_Heisty/Content/PolygonHeist/Meshes/Weapons/SM_Wep_RifleSwat_01.ubulk" 2672
"D:/GitHub/Feisty-Heisty/Feisty_Heisty/Content/PolygonHeist/Meshes/Weapons/SM_Wep_RifleSwat_01.uasset" 2673
"D:/GitHub/Feisty-Heisty/Feisty_Heisty/Content/PolygonHeist/Meshes/Weapons/SM_Wep_RifleSwat_01.uexp" 2674
"D:/GitHub/Feisty-Heisty/Feisty_Heisty/Content/PolygonHeist/Meshes/Weapons/SM_Wep_RifleBandit_01.ubulk" 2675
"D:/GitHub/Feisty-Heisty/Feisty_Heisty/Content/PolygonHeist/Meshes/Weapons/SM_Wep_RifleBandit_01.uasset" 2676
"D:/GitHub/Feisty-Heisty/Feisty_Heisty/Content/PolygonHeist/Meshes/Weapons/SM_Wep_RifleBandit_01.uexp" 2677
"D:/GitHub/Feisty-Heisty/Feisty_Heisty/Content/PolygonHeist/Meshes/Weapons/SM_Wep_PistolSwat_01.ubulk" 2678
"D:/GitHub/Feisty-Heisty/Feisty_Heisty/Content/PolygonHeist/Meshes/Weapons/SM_Wep_PistolSwat_01.uasset" 2679
"D:/GitHub/Feisty-Heisty/Feisty_Heisty/Content/PolygonHeist/Meshes/Weapons/SM_Wep_PistolSwat_01.uexp" 2680
"D:/GitHub/Feisty-Heisty/Feisty_Heisty/Content/PolygonHeist/Meshes/Weapons/SM_Wep_PistolBandit_01.ubulk" 2681
"D:/GitHub/Feisty-Heisty/Feisty_Heisty/Content/PolygonHeist/Meshes/Weapons/SM_Wep_PistolBandit_01.uasset" 2682
"D:/GitHub/Feisty-Heisty/Feisty_Heisty/Content/PolygonHeist/Meshes/Weapons/SM_Wep_PistolBandit_01.uexp" 2683
"D:/GitHub/Feisty-Heisty/Feisty_Heisty/Content/PolygonHeist/Meshes/Weapons/SM_Wep_Holster_01.ubulk" 2684
"D:/GitHub/Feisty-Heisty/Feisty_Heisty/Content/PolygonHeist/Meshes/Weapons/SM_Wep_Holster_01.uasset" 2685
"D:/GitHub/Feisty-Heisty/Feisty_Heisty/Content/PolygonHeist/Meshes/Weapons/SM_Wep_Holster_01.uexp" 2686
"D:/GitHub/Feisty-Heisty/Feisty_Heisty/Content/PolygonHeist/Meshes/Weapons/SM_Wep_Grenade_01.ubulk" 2687
"D:/GitHub/Feisty-Heisty/Feisty_Heisty/Content/PolygonHeist/Meshes/Weapons/SM_Wep_Grenade_01.uasset" 2688
"D:/GitHub/Feisty-Heisty/Feisty_Heisty/Content/PolygonHeist/Meshes/Weapons/SM_Wep_Grenade_01.uexp" 2689
"D:/GitHub/Feisty-Heisty/Feisty_Heisty/Content/PolygonHeist/Meshes/Weapons/SM_Wep_Flashbang_01.ubulk" 2690
"D:/GitHub/Feisty-Heisty/Feisty_Heisty/Content/PolygonHeist/Meshes/Weapons/SM_Wep_Flashbang_01.uasset" 2691
"D:/GitHub/Feisty-Heisty/Feisty_Heisty/Content/PolygonHeist/Meshes/Weapons/SM_Wep_Flashbang_01.uexp" 2692
"D:/GitHub/Feisty-Heisty/Feisty_Heisty/Content/PolygonHeist/Meshes/Weapons/SM_Wep_Crosshair_Sniper_01.ubulk" 2693
"D:/GitHub/Feisty-Heisty/Feisty_Heisty/Content/PolygonHeist/Meshes/Weapons/SM_Wep_Crosshair_Sniper_01.uasset" 2694
"D:/GitHub/Feisty-Heisty/Feisty_Heisty/Content/PolygonHeist/Meshes/Weapons/SM_Wep_Crosshair_Sniper_01.uexp" 2695
"D:/GitHub/Feisty-Heisty/Feisty_Heisty/Content/PolygonHeist/Meshes/Weapons/SM_Wep_Crosshair_05.ubulk" 2696
"D:/GitHub/Feisty-Heisty/Feisty_Heisty/Content/PolygonHeist/Meshes/Weapons/SM_Wep_Crosshair_05.uasset" 2697
"D:/GitHub/Feisty-Heisty/Feisty_Heisty/Content/PolygonHeist/Meshes/Weapons/SM_Wep_Crosshair_05.uexp" 2698
"D:/GitHub/Feisty-Heisty/Feisty_Heisty/Content/PolygonHeist/Meshes/Weapons/SM_Wep_Crosshair_04.ubulk" 2699
"D:/GitHub/Feisty-Heisty/Feisty_Heisty/Content/PolygonHeist/Meshes/Weapons/SM_Wep_Crosshair_04.uasset" 2700
"D:/GitHub/Feisty-Heisty/Feisty_Heisty/Content/PolygonHeist/Meshes/Weapons/SM_Wep_Crosshair_04.uexp" 2701
"D:/GitHub/Feisty-Heisty/Feisty_Heisty/Content/PolygonHeist/Meshes/Weapons/SM_Wep_Crosshair_03.ubulk" 2702
"D:/GitHub/Feisty-Heisty/Feisty_Heisty/Content/PolygonHeist/Meshes/Weapons/SM_Wep_Crosshair_03.uasset" 2703
"D:/GitHub/Feisty-Heisty/Feisty_Heisty/Content/PolygonHeist/Meshes/Weapons/SM_Wep_Crosshair_03.uexp" 2704
"D:/GitHub/Feisty-Heisty/Feisty_Heisty/Content/PolygonHeist/Meshes/Weapons/SM_Wep_Crosshair_02.ubulk" 2705
"D:/GitHub/Feisty-Heisty/Feisty_Heisty/Content/PolygonHeist/Meshes/Weapons/SM_Wep_Crosshair_02.uasset" 2706
"D:/GitHub/Feisty-Heisty/Feisty_Heisty/Content/PolygonHeist/Meshes/Weapons/SM_Wep_Crosshair_02.uexp" 2707
"D:/GitHub/Feisty-Heisty/Feisty_Heisty/Content/PolygonHeist/Meshes/Weapons/SM_Wep_Crosshair_01.ubulk" 2708
"D:/GitHub/Feisty-Heisty/Feisty_Heisty/Content/PolygonHeist/Meshes/Weapons/SM_Wep_Crosshair_01.uasset" 2709
"D:/GitHub/Feisty-Heisty/Feisty_Heisty/Content/PolygonHeist/Meshes/Weapons/SM_Wep_Crosshair_01.uexp" 2710
"D:/GitHub/Feisty-Heisty/Feisty_Heisty/Content/PolygonHeist/Meshes/Weapons/SM_Wep_Attachment_Torch_01.ubulk" 2711
"D:/GitHub/Feisty-Heisty/Feisty_Heisty/Content/PolygonHeist/Meshes/Weapons/SM_Wep_Attachment_Torch_01.uasset" 2712
"D:/GitHub/Feisty-Heisty/Feisty_Heisty/Content/PolygonHeist/Meshes/Weapons/SM_Wep_Attachment_Torch_01.uexp" 2713
"D:/GitHub/Feisty-Heisty/Feisty_Heisty/Content/PolygonHeist/Meshes/Weapons/SM_Wep_Attachment_SniperScope_01.ubulk" 2714
"D:/GitHub/Feisty-Heisty/Feisty_Heisty/Content/PolygonHeist/Meshes/Weapons/SM_Wep_Attachment_SniperScope_01.uasset" 2715
"D:/GitHub/Feisty-Heisty/Feisty_Heisty/Content/PolygonHeist/Meshes/Weapons/SM_Wep_Attachment_SniperScope_01.uexp" 2716
"D:/GitHub/Feisty-Heisty/Feisty_Heisty/Content/PolygonHeist/Meshes/Weapons/SM_Wep_Attachment_Silencer_01.ubulk" 2717
"D:/GitHub/Feisty-Heisty/Feisty_Heisty/Content/PolygonHeist/Meshes/Weapons/SM_Wep_Attachment_Silencer_01.uasset" 2718
"D:/GitHub/Feisty-Heisty/Feisty_Heisty/Content/PolygonHeist/Meshes/Weapons/SM_Wep_Attachment_Silencer_01.uexp" 2719
"D:/GitHub/Feisty-Heisty/Feisty_Heisty/Content/PolygonHeist/Meshes/Weapons/SM_Wep_Attachment_Redot_01.ubulk" 2720
"D:/GitHub/Feisty-Heisty/Feisty_Heisty/Content/PolygonHeist/Meshes/Weapons/SM_Wep_Attachment_Redot_01.uasset" 2721
"D:/GitHub/Feisty-Heisty/Feisty_Heisty/Content/PolygonHeist/Meshes/Weapons/SM_Wep_Attachment_Redot_01.uexp" 2722
"D:/GitHub/Feisty-Heisty/Feisty_Heisty/Content/PolygonHeist/Meshes/Weapons/SM_Wep_Attachment_M4Rail_01.ubulk" 2723
"D:/GitHub/Feisty-Heisty/Feisty_Heisty/Content/PolygonHeist/Meshes/Weapons/SM_Wep_Attachment_M4Rail_01.uasset" 2724
"D:/GitHub/Feisty-Heisty/Feisty_Heisty/Content/PolygonHeist/Meshes/Weapons/SM_Wep_Attachment_M4Rail_01.uexp" 2725
"D:/GitHub/Feisty-Heisty/Feisty_Heisty/Content/PolygonHeist/Meshes/Weapons/SM_Wep_Attachment_Grip_01.ubulk" 2726
"D:/GitHub/Feisty-Heisty/Feisty_Heisty/Content/PolygonHeist/Meshes/Weapons/SM_Wep_Attachment_Grip_01.uasset" 2727
"D:/GitHub/Feisty-Heisty/Feisty_Heisty/Content/PolygonHeist/Meshes/Weapons/SM_Wep_Attachment_Grip_01.uexp" 2728
"D:/GitHub/Feisty-Heisty/Feisty_Heisty/Content/PolygonHeist/Meshes/Weapons/SM_Wep_Ammo_Shotgun.ubulk" 2729
"D:/GitHub/Feisty-Heisty/Feisty_Heisty/Content/PolygonHeist/Meshes/Weapons/SM_Wep_Ammo_Shotgun.uasset" 2730
"D:/GitHub/Feisty-Heisty/Feisty_Heisty/Content/PolygonHeist/Meshes/Weapons/SM_Wep_Ammo_Shotgun.uexp" 2731
"D:/GitHub/Feisty-Heisty/Feisty_Heisty/Content/PolygonHeist/Meshes/Weapons/SM_Wep_Ammo_BulletSmall_02.ubulk" 2732
"D:/GitHub/Feisty-Heisty/Feisty_Heisty/Content/PolygonHeist/Meshes/Weapons/SM_Wep_Ammo_BulletSmall_02.uasset" 2733
"D:/GitHub/Feisty-Heisty/Feisty_Heisty/Content/PolygonHeist/Meshes/Weapons/SM_Wep_Ammo_BulletSmall_02.uexp" 2734
"D:/GitHub/Feisty-Heisty/Feisty_Heisty/Content/PolygonHeist/Meshes/Weapons/SM_Wep_Ammo_BulletSmall_01.ubulk" 2735
"D:/GitHub/Feisty-Heisty/Feisty_Heisty/Content/PolygonHeist/Meshes/Weapons/SM_Wep_Ammo_BulletSmall_01.uasset" 2736
"D:/GitHub/Feisty-Heisty/Feisty_Heisty/Content/PolygonHeist/Meshes/Weapons/SM_Wep_Ammo_BulletSmall_01.uexp" 2737
"D:/GitHub/Feisty-Heisty/Feisty_Heisty/Content/PolygonHeist/Meshes/Weapons/SM_Wep_Ammo_BulletLarge_02.ubulk" 2738
"D:/GitHub/Feisty-Heisty/Feisty_Heisty/Content/PolygonHeist/Meshes/Weapons/SM_Wep_Ammo_BulletLarge_02.uasset" 2739
"D:/GitHub/Feisty-Heisty/Feisty_Heisty/Content/PolygonHeist/Meshes/Weapons/SM_Wep_Ammo_BulletLarge_02.uexp" 2740
"D:/GitHub/Feisty-Heisty/Feisty_Heisty/Content/PolygonHeist/Meshes/Weapons/SM_Wep_Ammo_BulletLarge_01.ubulk" 2741
"D:/GitHub/Feisty-Heisty/Feisty_Heisty/Content/PolygonHeist/Meshes/Weapons/SM_Wep_Ammo_BulletLarge_01.uasset" 2742
"D:/GitHub/Feisty-Heisty/Feisty_Heisty/Content/PolygonHeist/Meshes/Weapons/SM_Wep_Ammo_BulletLarge_01.uexp" 2743
"D:/GitHub/Feisty-Heisty/Feisty_Heisty/Content/PolygonHeist/Meshes/Weapons_Rigged/SK_Wep_SniperSwat_Mag_01_PhysicsAsset.uasset" 2744
"D:/GitHub/Feisty-Heisty/Feisty_Heisty/Content/PolygonHeist/Meshes/Weapons_Rigged/SK_Wep_SniperSwat_Mag_01_PhysicsAsset.uexp" 2745
"D:/GitHub/Feisty-Heisty/Feisty_Heisty/Content/PolygonHeist/Meshes/Weapons_Rigged/SK_Wep_SniperSwat_Mag_01_Skeleton.uasset" 2746
"D:/GitHub/Feisty-Heisty/Feisty_Heisty/Content/PolygonHeist/Meshes/Weapons_Rigged/SK_Wep_SniperSwat_Mag_01_Skeleton.uexp" 2747
"D:/GitHub/Feisty-Heisty/Feisty_Heisty/Content/PolygonHeist/Meshes/Weapons_Rigged/SK_Wep_SniperSwat_Mag_01.uasset" 2748
"D:/GitHub/Feisty-Heisty/Feisty_Heisty/Content/PolygonHeist/Meshes/Weapons_Rigged/SK_Wep_SniperSwat_Mag_01.uexp" 2749
"D:/GitHub/Feisty-Heisty/Feisty_Heisty/Content/PolygonHeist/Meshes/Weapons_Rigged/SK_Wep_SniperSwat_01_PhysicsAsset.uasset" 2750
"D:/GitHub/Feisty-Heisty/Feisty_Heisty/Content/PolygonHeist/Meshes/Weapons_Rigged/SK_Wep_SniperSwat_01_PhysicsAsset.uexp" 2751
"D:/GitHub/Feisty-Heisty/Feisty_Heisty/Content/PolygonHeist/Meshes/Weapons_Rigged/SK_Wep_SniperSwat_01_Skeleton.uasset" 2752
"D:/GitHub/Feisty-Heisty/Feisty_Heisty/Content/PolygonHeist/Meshes/Weapons_Rigged/SK_Wep_SniperSwat_01_Skeleton.uexp" 2753
"D:/GitHub/Feisty-Heisty/Feisty_Heisty/Content/PolygonHeist/Meshes/Weapons_Rigged/SK_Wep_SniperSwat_01.uasset" 2754
"D:/GitHub/Feisty-Heisty/Feisty_Heisty/Content/PolygonHeist/Meshes/Weapons_Rigged/SK_Wep_SniperSwat_01.uexp" 2755
"D:/GitHub/Feisty-Heisty/Feisty_Heisty/Content/PolygonHeist/Meshes/Weapons_Rigged/SK_Wep_SMG_Mag_01_PhysicsAsset.uasset" 2756
"D:/GitHub/Feisty-Heisty/Feisty_Heisty/Content/PolygonHeist/Meshes/Weapons_Rigged/SK_Wep_SMG_Mag_01_PhysicsAsset.uexp" 2757
"D:/GitHub/Feisty-Heisty/Feisty_Heisty/Content/PolygonHeist/Meshes/Weapons_Rigged/SK_Wep_SMG_Mag_01_Skeleton.uasset" 2758
"D:/GitHub/Feisty-Heisty/Feisty_Heisty/Content/PolygonHeist/Meshes/Weapons_Rigged/SK_Wep_SMG_Mag_01_Skeleton.uexp" 2759
"D:/GitHub/Feisty-Heisty/Feisty_Heisty/Content/PolygonHeist/Meshes/Weapons_Rigged/SK_Wep_SMG_Mag_01.uasset" 2760
"D:/GitHub/Feisty-Heisty/Feisty_Heisty/Content/PolygonHeist/Meshes/Weapons_Rigged/SK_Wep_SMG_Mag_01.uexp" 2761
"D:/GitHub/Feisty-Heisty/Feisty_Heisty/Content/PolygonHeist/Meshes/Weapons_Rigged/SK_Wep_SMG_01_Skeleton.uasset" 2762
"D:/GitHub/Feisty-Heisty/Feisty_Heisty/Content/PolygonHeist/Meshes/Weapons_Rigged/SK_Wep_SMG_01_Skeleton.uexp" 2763
"D:/GitHub/Feisty-Heisty/Feisty_Heisty/Content/PolygonHeist/Meshes/Weapons_Rigged/SK_Wep_SMG_01_PhysicsAsset.uasset" 2764
"D:/GitHub/Feisty-Heisty/Feisty_Heisty/Content/PolygonHeist/Meshes/Weapons_Rigged/SK_Wep_SMG_01_PhysicsAsset.uexp" 2765
"D:/GitHub/Feisty-Heisty/Feisty_Heisty/Content/PolygonHeist/Meshes/Weapons_Rigged/SK_Wep_SMG_01.uasset" 2766
"D:/GitHub/Feisty-Heisty/Feisty_Heisty/Content/PolygonHeist/Meshes/Weapons_Rigged/SK_Wep_SMG_01.uexp" 2767
"D:/GitHub/Feisty-Heisty/Feisty_Heisty/Content/PolygonHeist/Meshes/Weapons_Rigged/SK_Wep_Shotgun_01_PhysicsAsset.uasset" 2768
"D:/GitHub/Feisty-Heisty/Feisty_Heisty/Content/PolygonHeist/Meshes/Weapons_Rigged/SK_Wep_Shotgun_01_PhysicsAsset.uexp" 2769
"D:/GitHub/Feisty-Heisty/Feisty_Heisty/Content/PolygonHeist/Meshes/Weapons_Rigged/SK_Wep_Shotgun_01_Skeleton.uasset" 2770
"D:/GitHub/Feisty-Heisty/Feisty_Heisty/Content/PolygonHeist/Meshes/Weapons_Rigged/SK_Wep_Shotgun_01_Skeleton.uexp" 2771
"D:/GitHub/Feisty-Heisty/Feisty_Heisty/Content/PolygonHeist/Meshes/Weapons_Rigged/SK_Wep_Shotgun_01.uasset" 2772
"D:/GitHub/Feisty-Heisty/Feisty_Heisty/Content/PolygonHeist/Meshes/Weapons_Rigged/SK_Wep_Shotgun_01.uexp" 2773
"D:/GitHub/Feisty-Heisty/Feisty_Heisty/Content/PolygonHeist/Meshes/Weapons_Rigged/SK_Wep_RifleSwat_Mag_01_Skeleton.uasset" 2774
"D:/GitHub/Feisty-Heisty/Feisty_Heisty/Content/PolygonHeist/Meshes/Weapons_Rigged/SK_Wep_RifleSwat_Mag_01_Skeleton.uexp" 2775
"D:/GitHub/Feisty-Heisty/Feisty_Heisty/Content/PolygonHeist/Meshes/Weapons_Rigged/SK_Wep_RifleSwat_Mag_01_PhysicsAsset.uasset" 2776
"D:/GitHub/Feisty-Heisty/Feisty_Heisty/Content/PolygonHeist/Meshes/Weapons_Rigged/SK_Wep_RifleSwat_Mag_01_PhysicsAsset.uexp" 2777
"D:/GitHub/Feisty-Heisty/Feisty_Heisty/Content/PolygonHeist/Meshes/Weapons_Rigged/SK_Wep_RifleSwat_Mag_01.uasset" 2778
"D:/GitHub/Feisty-Heisty/Feisty_Heisty/Content/PolygonHeist/Meshes/Weapons_Rigged/SK_Wep_RifleSwat_Mag_01.uexp" 2779
"D:/GitHub/Feisty-Heisty/Feisty_Heisty/Content/PolygonHeist/Meshes/Weapons_Rigged/SK_Wep_RifleSwat_01_Skeleton.uasset" 2780
"D:/GitHub/Feisty-Heisty/Feisty_Heisty/Content/PolygonHeist/Meshes/Weapons_Rigged/SK_Wep_RifleSwat_01_Skeleton.uexp" 2781
"D:/GitHub/Feisty-Heisty/Feisty_Heisty/Content/PolygonHeist/Meshes/Weapons_Rigged/SK_Wep_RifleSwat_01_PhysicsAsset.uasset" 2782
"D:/GitHub/Feisty-Heisty/Feisty_Heisty/Content/PolygonHeist/Meshes/Weapons_Rigged/SK_Wep_RifleSwat_01_PhysicsAsset.uexp" 2783
"D:/GitHub/Feisty-Heisty/Feisty_Heisty/Content/PolygonHeist/Meshes/Weapons_Rigged/SK_Wep_RifleSwat_01.uasset" 2784
"D:/GitHub/Feisty-Heisty/Feisty_Heisty/Content/PolygonHeist/Meshes/Weapons_Rigged/SK_Wep_RifleSwat_01.uexp" 2785
"D:/GitHub/Feisty-Heisty/Feisty_Heisty/Content/PolygonHeist/Meshes/Weapons_Rigged/SK_Wep_RifleBandit_Mag_01_Skeleton.uasset" 2786
"D:/GitHub/Feisty-Heisty/Feisty_Heisty/Content/PolygonHeist/Meshes/Weapons_Rigged/SK_Wep_RifleBandit_Mag_01_Skeleton.uexp" 2787
"D:/GitHub/Feisty-Heisty/Feisty_Heisty/Content/PolygonHeist/Meshes/Weapons_Rigged/SK_Wep_RifleBandit_Mag_01_PhysicsAsset.uasset" 2788
"D:/GitHub/Feisty-Heisty/Feisty_Heisty/Content/PolygonHeist/Meshes/Weapons_Rigged/SK_Wep_RifleBandit_Mag_01_PhysicsAsset.uexp" 2789
"D:/GitHub/Feisty-Heisty/Feisty_Heisty/Content/PolygonHeist/Meshes/Weapons_Rigged/SK_Wep_RifleBandit_Mag_01.uasset" 2790
"D:/GitHub/Feisty-Heisty/Feisty_Heisty/Content/PolygonHeist/Meshes/Weapons_Rigged/SK_Wep_RifleBandit_Mag_01.uexp" 2791
"D:/GitHub/Feisty-Heisty/Feisty_Heisty/Content/PolygonHeist/Meshes/Weapons_Rigged/SK_Wep_RifleBandit_01_PhysicsAsset.uasset" 2792
"D:/GitHub/Feisty-Heisty/Feisty_Heisty/Content/PolygonHeist/Meshes/Weapons_Rigged/SK_Wep_RifleBandit_01_PhysicsAsset.uexp" 2793
"D:/GitHub/Feisty-Heisty/Feisty_Heisty/Content/PolygonHeist/Meshes/Weapons_Rigged/SK_Wep_RifleBandit_01_Skeleton.uasset" 2794
"D:/GitHub/Feisty-Heisty/Feisty_Heisty/Content/PolygonHeist/Meshes/Weapons_Rigged/SK_Wep_RifleBandit_01_Skeleton.uexp" 2795
"D:/GitHub/Feisty-Heisty/Feisty_Heisty/Content/PolygonHeist/Meshes/Weapons_Rigged/SK_Wep_RifleBandit_01.uasset" 2796
"D:/GitHub/Feisty-Heisty/Feisty_Heisty/Content/PolygonHeist/Meshes/Weapons_Rigged/SK_Wep_RifleBandit_01.uexp" 2797
"D:/GitHub/Feisty-Heisty/Feisty_Heisty/Content/PolygonHeist/Meshes/Weapons_Rigged/SK_Wep_PistolSwat_Mag_01_Skeleton.uasset" 2798
"D:/GitHub/Feisty-Heisty/Feisty_Heisty/Content/PolygonHeist/Meshes/Weapons_Rigged/SK_Wep_PistolSwat_Mag_01_Skeleton.uexp" 2799
"D:/GitHub/Feisty-Heisty/Feisty_Heisty/Content/PolygonHeist/Meshes/Weapons_Rigged/SK_Wep_PistolSwat_Mag_01_PhysicsAsset.uasset" 2800
"D:/GitHub/Feisty-Heisty/Feisty_Heisty/Content/PolygonHeist/Meshes/Weapons_Rigged/SK_Wep_PistolSwat_Mag_01_PhysicsAsset.uexp" 2801
"D:/GitHub/Feisty-Heisty/Feisty_Heisty/Content/PolygonHeist/Meshes/Weapons_Rigged/SK_Wep_PistolSwat_Mag_01.uasset" 2802
"D:/GitHub/Feisty-Heisty/Feisty_Heisty/Content/PolygonHeist/Meshes/Weapons_Rigged/SK_Wep_PistolSwat_Mag_01.uexp" 2803
"D:/GitHub/Feisty-Heisty/Feisty_Heisty/Content/PolygonHeist/Meshes/Weapons_Rigged/SK_Wep_PistolSwat_01_PhysicsAsset.uasset" 2804
"D:/GitHub/Feisty-Heisty/Feisty_Heisty/Content/PolygonHeist/Meshes/Weapons_Rigged/SK_Wep_PistolSwat_01_PhysicsAsset.uexp" 2805
"D:/GitHub/Feisty-Heisty/Feisty_Heisty/Content/PolygonHeist/Meshes/Weapons_Rigged/SK_Wep_PistolSwat_01_Skeleton.uasset" 2806
"D:/GitHub/Feisty-Heisty/Feisty_Heisty/Content/PolygonHeist/Meshes/Weapons_Rigged/SK_Wep_PistolSwat_01_Skeleton.uexp" 2807
"D:/GitHub/Feisty-Heisty/Feisty_Heisty/Content/PolygonHeist/Meshes/Weapons_Rigged/SK_Wep_PistolSwat_01.uasset" 2808
"D:/GitHub/Feisty-Heisty/Feisty_Heisty/Content/PolygonHeist/Meshes/Weapons_Rigged/SK_Wep_PistolSwat_01.uexp" 2809
"D:/GitHub/Feisty-Heisty/Feisty_Heisty/Content/PolygonHeist/Meshes/Weapons_Rigged/SK_Wep_PistolBandit_Mag_01_Skeleton.uasset" 2810
"D:/GitHub/Feisty-Heisty/Feisty_Heisty/Content/PolygonHeist/Meshes/Weapons_Rigged/SK_Wep_PistolBandit_Mag_01_Skeleton.uexp" 2811
"D:/GitHub/Feisty-Heisty/Feisty_Heisty/Content/PolygonHeist/Meshes/Weapons_Rigged/SK_Wep_PistolBandit_Mag_01_PhysicsAsset.uasset" 2812
"D:/GitHub/Feisty-Heisty/Feisty_Heisty/Content/PolygonHeist/Meshes/Weapons_Rigged/SK_Wep_PistolBandit_Mag_01_PhysicsAsset.uexp" 2813
"D:/GitHub/Feisty-Heisty/Feisty_Heisty/Content/PolygonHeist/Meshes/Weapons_Rigged/SK_Wep_PistolBandit_Mag_01.uasset" 2814
"D:/GitHub/Feisty-Heisty/Feisty_Heisty/Content/PolygonHeist/Meshes/Weapons_Rigged/SK_Wep_PistolBandit_Mag_01.uexp" 2815
"D:/GitHub/Feisty-Heisty/Feisty_Heisty/Content/PolygonHeist/Meshes/Weapons_Rigged/SK_Wep_PistolBandit_01_Skeleton.uasset" 2816
"D:/GitHub/Feisty-Heisty/Feisty_Heisty/Content/PolygonHeist/Meshes/Weapons_Rigged/SK_Wep_PistolBandit_01_Skeleton.uexp" 2817
"D:/GitHub/Feisty-Heisty/Feisty_Heisty/Content/PolygonHeist/Meshes/Weapons_Rigged/SK_Wep_PistolBandit_01_PhysicsAsset.uasset" 2818
"D:/GitHub/Feisty-Heisty/Feisty_Heisty/Content/PolygonHeist/Meshes/Weapons_Rigged/SK_Wep_PistolBandit_01_PhysicsAsset.uexp" 2819
"D:/GitHub/Feisty-Heisty/Feisty_Heisty/Content/PolygonHeist/Meshes/Weapons_Rigged/SK_Wep_PistolBandit_01.uasset" 2820
"D:/GitHub/Feisty-Heisty/Feisty_Heisty/Content/PolygonHeist/Meshes/Weapons_Rigged/SK_Wep_PistolBandit_01.uexp" 2821
"D:/GitHub/Feisty-Heisty/Feisty_Heisty/Content/PolygonHeist/Meshes/Weapons_Rigged/SK_Wep_Holster_01_Skeleton.uasset" 2822
"D:/GitHub/Feisty-Heisty/Feisty_Heisty/Content/PolygonHeist/Meshes/Weapons_Rigged/SK_Wep_Holster_01_Skeleton.uexp" 2823
"D:/GitHub/Feisty-Heisty/Feisty_Heisty/Content/PolygonHeist/Meshes/Weapons_Rigged/SK_Wep_Holster_01_PhysicsAsset.uasset" 2824
"D:/GitHub/Feisty-Heisty/Feisty_Heisty/Content/PolygonHeist/Meshes/Weapons_Rigged/SK_Wep_Holster_01_PhysicsAsset.uexp" 2825
"D:/GitHub/Feisty-Heisty/Feisty_Heisty/Content/PolygonHeist/Meshes/Weapons_Rigged/SK_Wep_Holster_01.uasset" 2826
"D:/GitHub/Feisty-Heisty/Feisty_Heisty/Content/PolygonHeist/Meshes/Weapons_Rigged/SK_Wep_Holster_01.uexp" 2827
"D:/GitHub/Feisty-Heisty/Feisty_Heisty/Content/PolygonHeist/Meshes/Weapons_Rigged/SK_Wep_Grenade_Base_01_PhysicsAsset.uasset" 2828
"D:/GitHub/Feisty-Heisty/Feisty_Heisty/Content/PolygonHeist/Meshes/Weapons_Rigged/SK_Wep_Grenade_Base_01_PhysicsAsset.uexp" 2829
"D:/GitHub/Feisty-Heisty/Feisty_Heisty/Content/PolygonHeist/Meshes/Weapons_Rigged/SK_Wep_Grenade_Base_01_Skeleton.uasset" 2830
"D:/GitHub/Feisty-Heisty/Feisty_Heisty/Content/PolygonHeist/Meshes/Weapons_Rigged/SK_Wep_Grenade_Base_01_Skeleton.uexp" 2831
"D:/GitHub/Feisty-Heisty/Feisty_Heisty/Content/PolygonHeist/Meshes/Weapons_Rigged/SK_Wep_Grenade_Base_01.uasset" 2832
"D:/GitHub/Feisty-Heisty/Feisty_Heisty/Content/PolygonHeist/Meshes/Weapons_Rigged/SK_Wep_Grenade_Base_01.uexp" 2833
"D:/GitHub/Feisty-Heisty/Feisty_Heisty/Content/PolygonHeist/Meshes/Weapons_Rigged/SK_Wep_Flashbang_Base_01_Skeleton.uasset" 2834
"D:/GitHub/Feisty-Heisty/Feisty_Heisty/Content/PolygonHeist/Meshes/Weapons_Rigged/SK_Wep_Flashbang_Base_01_Skeleton.uexp" 2835
"D:/GitHub/Feisty-Heisty/Feisty_Heisty/Content/PolygonHeist/Meshes/Weapons_Rigged/SK_Wep_Flashbang_Base_01_PhysicsAsset.uasset" 2836
"D:/GitHub/Feisty-Heisty/Feisty_Heisty/Content/PolygonHeist/Meshes/Weapons_Rigged/SK_Wep_Flashbang_Base_01_PhysicsAsset.uexp" 2837
"D:/GitHub/Feisty-Heisty/Feisty_Heisty/Content/PolygonHeist/Meshes/Weapons_Rigged/SK_Wep_Flashbang_Base_01.uasset" 2838
"D:/GitHub/Feisty-Heisty/Feisty_Heisty/Content/PolygonHeist/Meshes/Weapons_Rigged/SK_Wep_Flashbang_Base_01.uexp" 2839
"D:/GitHub/Feisty-Heisty/Feisty_Heisty/Content/PolygonHeist/Meshes/Weapons_Rigged/SK_Wep_Attachment_Torch_01_PhysicsAsset.uasset" 2840
"D:/GitHub/Feisty-Heisty/Feisty_Heisty/Content/PolygonHeist/Meshes/Weapons_Rigged/SK_Wep_Attachment_Torch_01_PhysicsAsset.uexp" 2841
"D:/GitHub/Feisty-Heisty/Feisty_Heisty/Content/PolygonHeist/Meshes/Weapons_Rigged/SK_Wep_Attachment_Torch_01_Skeleton.uasset" 2842
"D:/GitHub/Feisty-Heisty/Feisty_Heisty/Content/PolygonHeist/Meshes/Weapons_Rigged/SK_Wep_Attachment_Torch_01_Skeleton.uexp" 2843
"D:/GitHub/Feisty-Heisty/Feisty_Heisty/Content/PolygonHeist/Meshes/Weapons_Rigged/SK_Wep_Attachment_Torch_01.uasset" 2844
"D:/GitHub/Feisty-Heisty/Feisty_Heisty/Content/PolygonHeist/Meshes/Weapons_Rigged/SK_Wep_Attachment_Torch_01.uexp" 2845
"D:/GitHub/Feisty-Heisty/Feisty_Heisty/Content/PolygonHeist/Meshes/Weapons_Rigged/SK_Wep_Attachment_SniperScope_01_PhysicsAsset.uasset" 2846
"D:/GitHub/Feisty-Heisty/Feisty_Heisty/Content/PolygonHeist/Meshes/Weapons_Rigged/SK_Wep_Attachment_SniperScope_01_PhysicsAsset.uexp" 2847
"D:/GitHub/Feisty-Heisty/Feisty_Heisty/Content/PolygonHeist/Meshes/Weapons_Rigged/SK_Wep_Attachment_SniperScope_01_Skeleton.uasset" 2848
"D:/GitHub/Feisty-Heisty/Feisty_Heisty/Content/PolygonHeist/Meshes/Weapons_Rigged/SK_Wep_Attachment_SniperScope_01_Skeleton.uexp" 2849
"D:/GitHub/Feisty-Heisty/Feisty_Heisty/Content/PolygonHeist/Meshes/Weapons_Rigged/SK_Wep_Attachment_SniperScope_01.uasset" 2850
"D:/GitHub/Feisty-Heisty/Feisty_Heisty/Content/PolygonHeist/Meshes/Weapons_Rigged/SK_Wep_Attachment_SniperScope_01.uexp" 2851
"D:/GitHub/Feisty-Heisty/Feisty_Heisty/Content/PolygonHeist/Meshes/Weapons_Rigged/SK_Wep_Attachment_Silencer_01_PhysicsAsset.uasset" 2852
"D:/GitHub/Feisty-Heisty/Feisty_Heisty/Content/PolygonHeist/Meshes/Weapons_Rigged/SK_Wep_Attachment_Silencer_01_PhysicsAsset.uexp" 2853
"D:/GitHub/Feisty-Heisty/Feisty_Heisty/Content/PolygonHeist/Meshes/Weapons_Rigged/SK_Wep_Attachment_Silencer_01_Skeleton.uasset" 2854
"D:/GitHub/Feisty-Heisty/Feisty_Heisty/Content/PolygonHeist/Meshes/Weapons_Rigged/SK_Wep_Attachment_Silencer_01_Skeleton.uexp" 2855
"D:/GitHub/Feisty-Heisty/Feisty_Heisty/Content/PolygonHeist/Meshes/Weapons_Rigged/SK_Wep_Attachment_Silencer_01.uasset" 2856
"D:/GitHub/Feisty-Heisty/Feisty_Heisty/Content/PolygonHeist/Meshes/Weapons_Rigged/SK_Wep_Attachment_Silencer_01.uexp" 2857
"D:/GitHub/Feisty-Heisty/Feisty_Heisty/Content/PolygonHeist/Meshes/Weapons_Rigged/SK_Wep_Attachment_Redot_01_PhysicsAsset.uasset" 2858
"D:/GitHub/Feisty-Heisty/Feisty_Heisty/Content/PolygonHeist/Meshes/Weapons_Rigged/SK_Wep_Attachment_Redot_01_PhysicsAsset.uexp" 2859
"D:/GitHub/Feisty-Heisty/Feisty_Heisty/Content/PolygonHeist/Meshes/Weapons_Rigged/SK_Wep_Attachment_Redot_01_Skeleton.uasset" 2860
"D:/GitHub/Feisty-Heisty/Feisty_Heisty/Content/PolygonHeist/Meshes/Weapons_Rigged/SK_Wep_Attachment_Redot_01_Skeleton.uexp" 2861
"D:/GitHub/Feisty-Heisty/Feisty_Heisty/Content/PolygonHeist/Meshes/Weapons_Rigged/SK_Wep_Attachment_Redot_01.uasset" 2862
"D:/GitHub/Feisty-Heisty/Feisty_Heisty/Content/PolygonHeist/Meshes/Weapons_Rigged/SK_Wep_Attachment_Redot_01.uexp" 2863
"D:/GitHub/Feisty-Heisty/Feisty_Heisty/Content/PolygonHeist/Meshes/Weapons_Rigged/SK_Wep_Attachment_M4Rail_01_Skeleton.uasset" 2864
"D:/GitHub/Feisty-Heisty/Feisty_Heisty/Content/PolygonHeist/Meshes/Weapons_Rigged/SK_Wep_Attachment_M4Rail_01_Skeleton.uexp" 2865
"D:/GitHub/Feisty-Heisty/Feisty_Heisty/Content/PolygonHeist/Meshes/Weapons_Rigged/SK_Wep_Attachment_M4Rail_01_PhysicsAsset.uasset" 2866
"D:/GitHub/Feisty-Heisty/Feisty_Heisty/Content/PolygonHeist/Meshes/Weapons_Rigged/SK_Wep_Attachment_M4Rail_01_PhysicsAsset.uexp" 2867
"D:/GitHub/Feisty-Heisty/Feisty_Heisty/Content/PolygonHeist/Meshes/Weapons_Rigged/SK_Wep_Attachment_M4Rail_01.uasset" 2868
"D:/GitHub/Feisty-Heisty/Feisty_Heisty/Content/PolygonHeist/Meshes/Weapons_Rigged/SK_Wep_Attachment_M4Rail_01.uexp" 2869
"D:/GitHub/Feisty-Heisty/Feisty_Heisty/Content/PolygonHeist/Materials/Mat_FX.uasset" 2870
"D:/GitHub/Feisty-Heisty/Feisty_Heisty/Content/PolygonHeist/Materials/Mat_FX.uexp" 2871
"D:/GitHub/Feisty-Heisty/Feisty_Heisty/Content/PolygonHeist/ParticleFX/FX_Sparks.uasset" 2872
"D:/GitHub/Feisty-Heisty/Feisty_Heisty/Content/PolygonHeist/ParticleFX/FX_Sparks.uexp" 2873
"D:/GitHub/Feisty-Heisty/Feisty_Heisty/Content/PolygonHeist/ParticleFX/FX_Smoke.uasset" 2874
"D:/GitHub/Feisty-Heisty/Feisty_Heisty/Content/PolygonHeist/ParticleFX/FX_Smoke.uexp" 2875
"D:/GitHub/Feisty-Heisty/Feisty_Heisty/Content/PolygonHeist/Meshes/Props/SM_Prop_Money_Note_01.ubulk" 2876
"D:/GitHub/Feisty-Heisty/Feisty_Heisty/Content/PolygonHeist/Meshes/Props/SM_Prop_Money_Note_01.uasset" 2877
"D:/GitHub/Feisty-Heisty/Feisty_Heisty/Content/PolygonHeist/Meshes/Props/SM_Prop_Money_Note_01.uexp" 2878
"D:/GitHub/Feisty-Heisty/Feisty_Heisty/Content/PolygonHeist/ParticleFX/FX_Money.uasset" 2879
"D:/GitHub/Feisty-Heisty/Feisty_Heisty/Content/PolygonHeist/ParticleFX/FX_Money.uexp" 2880
"D:/GitHub/Feisty-Heisty/Feisty_Heisty/Content/PolygonHeist/ParticleFX/FX_Gunshot.uasset" 2881
"D:/GitHub/Feisty-Heisty/Feisty_Heisty/Content/PolygonHeist/ParticleFX/FX_Gunshot.uexp" 2882
"D:/GitHub/Feisty-Heisty/Feisty_Heisty/Content/PolygonHeist/ParticleFX/FX_Fire.uasset" 2883
"D:/GitHub/Feisty-Heisty/Feisty_Heisty/Content/PolygonHeist/ParticleFX/FX_Fire.uexp" 2884
"D:/GitHub/Feisty-Heisty/Feisty_Heisty/Content/PolygonHeist/ParticleFX/FX_Explosion.uasset" 2885
"D:/GitHub/Feisty-Heisty/Feisty_Heisty/Content/PolygonHeist/ParticleFX/FX_Explosion.uexp" 2886
"D:/GitHub/Feisty-Heisty/Feisty_Heisty/Content/PolygonHeist/Meshes/Weapons_Rigged/SK_Wep_Attachment_Grip_01_PhysicsAsset.uasset" 2887
"D:/GitHub/Feisty-Heisty/Feisty_Heisty/Content/PolygonHeist/Meshes/Weapons_Rigged/SK_Wep_Attachment_Grip_01_PhysicsAsset.uexp" 2888
"D:/GitHub/Feisty-Heisty/Feisty_Heisty/Content/PolygonHeist/Meshes/Weapons_Rigged/SK_Wep_Attachment_Grip_01_Skeleton.uasset" 2889
"D:/GitHub/Feisty-Heisty/Feisty_Heisty/Content/PolygonHeist/Meshes/Weapons_Rigged/SK_Wep_Attachment_Grip_01_Skeleton.uexp" 2890
"D:/GitHub/Feisty-Heisty/Feisty_Heisty/Content/PolygonHeist/Meshes/Weapons_Rigged/SK_Wep_Attachment_Grip_01.uasset" 2891
"D:/GitHub/Feisty-Heisty/Feisty_Heisty/Content/PolygonHeist/Meshes/Weapons_Rigged/SK_Wep_Attachment_Grip_01.uexp" 2892
"D:/GitHub/Feisty-Heisty/Feisty_Heisty/Content/PolygonTown/Meshes/Characters/SK_Character_Town_PhysicsAsset.uasset" 2893
"D:/GitHub/Feisty-Heisty/Feisty_Heisty/Content/PolygonTown/Meshes/Characters/SK_Character_Town_PhysicsAsset.uexp" 2894
"D:/GitHub/Feisty-Heisty/Feisty_Heisty/Content/PolygonTown/Meshes/Characters/SK_Character_Town_Skeleton.uasset" 2895
"D:/GitHub/Feisty-Heisty/Feisty_Heisty/Content/PolygonTown/Meshes/Characters/SK_Character_Town_Skeleton.uexp" 2896
"D:/GitHub/Feisty-Heisty/Feisty_Heisty/Content/PolygonTown/Textures/Misc/T_PolygonTown_Roughness.ubulk" 2897
"D:/GitHub/Feisty-Heisty/Feisty_Heisty/Content/PolygonTown/Textures/Misc/T_PolygonTown_Roughness.uasset" 2898
"D:/GitHub/Feisty-Heisty/Feisty_Heisty/Content/PolygonTown/Textures/Misc/T_PolygonTown_Roughness.uexp" 2899
"D:/GitHub/Feisty-Heisty/Feisty_Heisty/Content/PolygonTown/Textures/Misc/T_PolygonTown_Metallic.ubulk" 2900
"D:/GitHub/Feisty-Heisty/Feisty_Heisty/Content/PolygonTown/Textures/Misc/T_PolygonTown_Metallic.uasset" 2901
"D:/GitHub/Feisty-Heisty/Feisty_Heisty/Content/PolygonTown/Textures/Misc/T_PolygonTown_Metallic.uexp" 2902
"D:/GitHub/Feisty-Heisty/Feisty_Heisty/Content/PolygonTown/Textures/T_PolygonTown_01_A.ubulk" 2903
"D:/GitHub/Feisty-Heisty/Feisty_Heisty/Content/PolygonTown/Textures/T_PolygonTown_01_A.uasset" 2904
"D:/GitHub/Feisty-Heisty/Feisty_Heisty/Content/PolygonTown/Textures/T_PolygonTown_01_A.uexp" 2905
"D:/GitHub/Feisty-Heisty/Feisty_Heisty/Content/PolygonTown/Textures/Misc/T_PolygonTown_Normal_A.ubulk" 2906
"D:/GitHub/Feisty-Heisty/Feisty_Heisty/Content/PolygonTown/Textures/Misc/T_PolygonTown_Normal_A.uasset" 2907
"D:/GitHub/Feisty-Heisty/Feisty_Heisty/Content/PolygonTown/Textures/Misc/T_PolygonTown_Normal_A.uexp" 2908
"D:/GitHub/Feisty-Heisty/Feisty_Heisty/Content/PolygonTown/Textures/Misc/T_PolygonTown_Emissive_01.ubulk" 2909
"D:/GitHub/Feisty-Heisty/Feisty_Heisty/Content/PolygonTown/Textures/Misc/T_PolygonTown_Emissive_01.uasset" 2910
"D:/GitHub/Feisty-Heisty/Feisty_Heisty/Content/PolygonTown/Textures/Misc/T_PolygonTown_Emissive_01.uexp" 2911
"D:/GitHub/Feisty-Heisty/Feisty_Heisty/Content/PolygonTown/Materials/Mat_PolygonTown_01_A.uasset" 2912
"D:/GitHub/Feisty-Heisty/Feisty_Heisty/Content/PolygonTown/Materials/Mat_PolygonTown_01_A.uexp" 2913
"D:/GitHub/Feisty-Heisty/Feisty_Heisty/Content/PolygonTown/Meshes/Characters/SK_Character_ShopKeeper_01.uasset" 2914
"D:/GitHub/Feisty-Heisty/Feisty_Heisty/Content/PolygonTown/Meshes/Characters/SK_Character_ShopKeeper_01.uexp" 2915
"D:/GitHub/Feisty-Heisty/Feisty_Heisty/Content/StandardAssets/Characters/Mannequins/Meshes/SKM_Quinn.uasset" 2916
"D:/GitHub/Feisty-Heisty/Feisty_Heisty/Content/StandardAssets/Characters/Mannequins/Meshes/SKM_Quinn.uexp" 2917
"D:/GitHub/Feisty-Heisty/Feisty_Heisty/Content/StandardAssets/Characters/Mannequins/Meshes/SKM_Manny_Simple.uasset" 2918
"D:/GitHub/Feisty-Heisty/Feisty_Heisty/Content/StandardAssets/Characters/Mannequins/Meshes/SKM_Manny_Simple.uexp" 2919
"D:/GitHub/Feisty-Heisty/Feisty_Heisty/Content/StandardAssets/Characters/Mannequins/Meshes/SKM_Manny.uasset" 2920
"D:/GitHub/Feisty-Heisty/Feisty_Heisty/Content/StandardAssets/Characters/Mannequins/Meshes/SKM_Manny.uexp" 2921
"../../../Engine/Content/Animation/DefaultAnimCurveCompressionSettings.uasset" 2922
"../../../Engine/Content/Animation/DefaultAnimCurveCompressionSettings.uexp" 2923
"D:/GitHub/Feisty-Heisty/Feisty_Heisty/Content/StandardAssets/Characters/Mannequin_UE4/Meshes/SK_Mannequin_Skeleton.uasset" 2924
"D:/GitHub/Feisty-Heisty/Feisty_Heisty/Content/StandardAssets/Characters/Mannequin_UE4/Meshes/SK_Mannequin_Skeleton.uexp" 2925
"../../../Engine/Content/Animation/DefaultAnimBoneCompressionSettings.uasset" 2926
"../../../Engine/Content/Animation/DefaultAnimBoneCompressionSettings.uexp" 2927
"D:/GitHub/Feisty-Heisty/Feisty_Heisty/Content/StandardAssets/Characters/Mannequin_UE4/Animations/Jog_Fwd.uasset" 2928
"D:/GitHub/Feisty-Heisty/Feisty_Heisty/Content/StandardAssets/Characters/Mannequin_UE4/Animations/Jog_Fwd.uexp" 2929
"D:/GitHub/Feisty-Heisty/Feisty_Heisty/Content/StandardAssets/Characters/Mannequin_UE4/Textures/T_ML_Aluminum01_N.ubulk" 2930
"D:/GitHub/Feisty-Heisty/Feisty_Heisty/Content/StandardAssets/Characters/Mannequin_UE4/Textures/T_ML_Aluminum01_N.uasset" 2931
"D:/GitHub/Feisty-Heisty/Feisty_Heisty/Content/StandardAssets/Characters/Mannequin_UE4/Textures/T_ML_Aluminum01_N.uexp" 2932
"D:/GitHub/Feisty-Heisty/Feisty_Heisty/Content/StandardAssets/Characters/Mannequin_UE4/Textures/T_ML_Aluminum01.ubulk" 2933
"D:/GitHub/Feisty-Heisty/Feisty_Heisty/Content/StandardAssets/Characters/Mannequin_UE4/Textures/T_ML_Aluminum01.uasset" 2934
"D:/GitHub/Feisty-Heisty/Feisty_Heisty/Content/StandardAssets/Characters/Mannequin_UE4/Textures/T_ML_Aluminum01.uexp" 2935
"D:/GitHub/Feisty-Heisty/Feisty_Heisty/Content/StandardAssets/Characters/Mannequin_UE4/Materials/Layers/ML_SoftMetal.uasset" 2936
"D:/GitHub/Feisty-Heisty/Feisty_Heisty/Content/StandardAssets/Characters/Mannequin_UE4/Materials/Layers/ML_SoftMetal.uexp" 2937
"../../../Engine/Content/Functions/Engine_MaterialFunctions02/Utility/BlendAngleCorrectedNormals.uasset" 2938
"../../../Engine/Content/Functions/Engine_MaterialFunctions02/Utility/BlendAngleCorrectedNormals.uexp" 2939
"../../../Engine/Content/Functions/MaterialLayerFunctions/MatLayerBlend_NormalBlend.uasset" 2940
"../../../Engine/Content/Functions/MaterialLayerFunctions/MatLayerBlend_NormalBlend.uexp" 2941
"D:/GitHub/Feisty-Heisty/Feisty_Heisty/Content/StandardAssets/Characters/Mannequin_UE4/Textures/T_UE4_Mannequin_MAT_MASKA.ubulk" 2942
"D:/GitHub/Feisty-Heisty/Feisty_Heisty/Content/StandardAssets/Characters/Mannequin_UE4/Textures/T_UE4_Mannequin_MAT_MASKA.uasset" 2943
"D:/GitHub/Feisty-Heisty/Feisty_Heisty/Content/StandardAssets/Characters/Mannequin_UE4/Textures/T_UE4_Mannequin_MAT_MASKA.uexp" 2944
"D:/GitHub/Feisty-Heisty/Feisty_Heisty/Content/StandardAssets/Characters/Mannequin_UE4/Materials/Layers/ML_ShinyPlastic_Beige.uasset" 2945
"D:/GitHub/Feisty-Heisty/Feisty_Heisty/Content/StandardAssets/Characters/Mannequin_UE4/Materials/Layers/ML_ShinyPlastic_Beige.uexp" 2946
"../../../Engine/Content/Functions/MaterialLayerFunctions/MatLayerBlend_Simple.uasset" 2947
"../../../Engine/Content/Functions/MaterialLayerFunctions/MatLayerBlend_Simple.uexp" 2948
"D:/GitHub/Feisty-Heisty/Feisty_Heisty/Content/StandardAssets/Characters/Mannequin_UE4/Textures/T_UE4_Mannequin__normals.ubulk" 2949
"D:/GitHub/Feisty-Heisty/Feisty_Heisty/Content/StandardAssets/Characters/Mannequin_UE4/Textures/T_UE4_Mannequin__normals.uasset" 2950
"D:/GitHub/Feisty-Heisty/Feisty_Heisty/Content/StandardAssets/Characters/Mannequin_UE4/Textures/T_UE4_Mannequin__normals.uexp" 2951
"D:/GitHub/Feisty-Heisty/Feisty_Heisty/Content/StandardAssets/Characters/Mannequin_UE4/Textures/T_UELogo_Mask.ubulk" 2952
"D:/GitHub/Feisty-Heisty/Feisty_Heisty/Content/StandardAssets/Characters/Mannequin_UE4/Textures/T_UELogo_Mask.uasset" 2953
"D:/GitHub/Feisty-Heisty/Feisty_Heisty/Content/StandardAssets/Characters/Mannequin_UE4/Textures/T_UELogo_Mask.uexp" 2954
"D:/GitHub/Feisty-Heisty/Feisty_Heisty/Content/StandardAssets/Characters/Mannequin_UE4/Materials/Layers/ML_ShinyPlastic_Beige_Logo.uasset" 2955
"D:/GitHub/Feisty-Heisty/Feisty_Heisty/Content/StandardAssets/Characters/Mannequin_UE4/Materials/Layers/ML_ShinyPlastic_Beige_Logo.uexp" 2956
"D:/GitHub/Feisty-Heisty/Feisty_Heisty/Content/StandardAssets/Characters/Mannequin_UE4/Textures/T_ML_Rubber_Blue_01_D.ubulk" 2957
"D:/GitHub/Feisty-Heisty/Feisty_Heisty/Content/StandardAssets/Characters/Mannequin_UE4/Textures/T_ML_Rubber_Blue_01_D.uasset" 2958
"D:/GitHub/Feisty-Heisty/Feisty_Heisty/Content/StandardAssets/Characters/Mannequin_UE4/Textures/T_ML_Rubber_Blue_01_D.uexp" 2959
"D:/GitHub/Feisty-Heisty/Feisty_Heisty/Content/StandardAssets/Characters/Mannequin_UE4/Textures/T_ML_Rubber_Blue_01_N.ubulk" 2960
"D:/GitHub/Feisty-Heisty/Feisty_Heisty/Content/StandardAssets/Characters/Mannequin_UE4/Textures/T_ML_Rubber_Blue_01_N.uasset" 2961
"D:/GitHub/Feisty-Heisty/Feisty_Heisty/Content/StandardAssets/Characters/Mannequin_UE4/Textures/T_ML_Rubber_Blue_01_N.uexp" 2962
"D:/GitHub/Feisty-Heisty/Feisty_Heisty/Content/StandardAssets/Characters/Mannequin_UE4/Materials/Layers/ML_Latex_Black.uasset" 2963
"D:/GitHub/Feisty-Heisty/Feisty_Heisty/Content/StandardAssets/Characters/Mannequin_UE4/Materials/Layers/ML_Latex_Black.uexp" 2964
"D:/GitHub/Feisty-Heisty/Feisty_Heisty/Content/StandardAssets/Characters/Mannequin_UE4/Materials/M_MannequinUE4_Body.uasset" 2965
"D:/GitHub/Feisty-Heisty/Feisty_Heisty/Content/StandardAssets/Characters/Mannequin_UE4/Materials/M_MannequinUE4_Body.uexp" 2966
"D:/GitHub/Feisty-Heisty/Feisty_Heisty/Content/StandardAssets/Characters/Mannequin_UE4/Textures/T_UELogo_N_TGA.ubulk" 2967
"D:/GitHub/Feisty-Heisty/Feisty_Heisty/Content/StandardAssets/Characters/Mannequin_UE4/Textures/T_UELogo_N_TGA.uasset" 2968
"D:/GitHub/Feisty-Heisty/Feisty_Heisty/Content/StandardAssets/Characters/Mannequin_UE4/Textures/T_UELogo_N_TGA.uexp" 2969
"D:/GitHub/Feisty-Heisty/Feisty_Heisty/Content/StandardAssets/Characters/Mannequin_UE4/Materials/M_MannequinUE4_ChestLogo.uasset" 2970
"D:/GitHub/Feisty-Heisty/Feisty_Heisty/Content/StandardAssets/Characters/Mannequin_UE4/Materials/M_MannequinUE4_ChestLogo.uexp" 2971
"D:/GitHub/Feisty-Heisty/Feisty_Heisty/Content/StandardAssets/Characters/Mannequin_UE4/Meshes/SK_Mannequin_PhysicsAsset.uasset" 2972
"D:/GitHub/Feisty-Heisty/Feisty_Heisty/Content/StandardAssets/Characters/Mannequin_UE4/Meshes/SK_Mannequin_PhysicsAsset.uexp" 2973
"D:/GitHub/Feisty-Heisty/Feisty_Heisty/Content/StandardAssets/Characters/Mannequin_UE4/Meshes/SK_Mannequin.uasset" 2974
"D:/GitHub/Feisty-Heisty/Feisty_Heisty/Content/StandardAssets/Characters/Mannequin_UE4/Meshes/SK_Mannequin.uexp" 2975
"D:/GitHub/Feisty-Heisty/Feisty_Heisty/Content/StandardAssets/Characters/Mannequin_UE4/Rigs/IK_UE4_Mannequin.uasset" 2976
"D:/GitHub/Feisty-Heisty/Feisty_Heisty/Content/StandardAssets/Characters/Mannequin_UE4/Rigs/IK_UE4_Mannequin.uexp" 2977
"D:/GitHub/Feisty-Heisty/Feisty_Heisty/Content/StandardAssets/Characters/Mannequin_UE4/Rigs/RTG_UE5Manny_UE4Manny.uasset" 2978
"D:/GitHub/Feisty-Heisty/Feisty_Heisty/Content/StandardAssets/Characters/Mannequin_UE4/Rigs/RTG_UE5Manny_UE4Manny.uexp" 2979
"D:/GitHub/Feisty-Heisty/Feisty_Heisty/Content/StandardAssets/Characters/Mannequin_UE4/Rigs/RTG_UE4Manny_UE5Manny.uasset" 2980
"D:/GitHub/Feisty-Heisty/Feisty_Heisty/Content/StandardAssets/Characters/Mannequin_UE4/Rigs/RTG_UE4Manny_UE5Manny.uexp" 2981
"D:/GitHub/Feisty-Heisty/Feisty_Heisty/Content/StandardAssets/Characters/Mannequins/Meshes/SKM_Quinn_Simple.uasset" 2982
"D:/GitHub/Feisty-Heisty/Feisty_Heisty/Content/StandardAssets/Characters/Mannequins/Meshes/SKM_Quinn_Simple.uexp" 2983
"D:/GitHub/Feisty-Heisty/Feisty_Heisty/Content/StandardAssets/ThirdPerson/Blueprints/BP_ThirdPersonCharacter.uasset" 2984
"D:/GitHub/Feisty-Heisty/Feisty_Heisty/Content/StandardAssets/ThirdPerson/Blueprints/BP_ThirdPersonCharacter.uexp" 2985
"D:/GitHub/Feisty-Heisty/Feisty_Heisty/Content/StandardAssets/ThirdPerson/Maps/ThirdPersonMap_BuiltData.ubulk" 2986
"D:/GitHub/Feisty-Heisty/Feisty_Heisty/Content/StandardAssets/ThirdPerson/Maps/ThirdPersonMap_BuiltData.uasset" 2987
"D:/GitHub/Feisty-Heisty/Feisty_Heisty/Content/StandardAssets/ThirdPerson/Maps/ThirdPersonMap_BuiltData.uexp" 2988
"D:/GitHub/Feisty-Heisty/Feisty_Heisty/Content/_Blueprints/VisionCone.uasset" 2989
"D:/GitHub/Feisty-Heisty/Feisty_Heisty/Content/_Blueprints/VisionCone.uexp" 2990
"D:/GitHub/Feisty-Heisty/Feisty_Heisty/Content/_Blueprints/EQS_Tester.uasset" 2991
"D:/GitHub/Feisty-Heisty/Feisty_Heisty/Content/_Blueprints/EQS_Tester.uexp" 2992
"D:/GitHub/Feisty-Heisty/Feisty_Heisty/Content/_Models/Battery/Battery.ubulk" 2993
"D:/GitHub/Feisty-Heisty/Feisty_Heisty/Content/_Models/Battery/Battery.uasset" 2994
"D:/GitHub/Feisty-Heisty/Feisty_Heisty/Content/_Models/Battery/Battery.uexp" 2995
"D:/GitHub/Feisty-Heisty/Feisty_Heisty/Content/_Models/Battery/Black.uasset" 2996
"D:/GitHub/Feisty-Heisty/Feisty_Heisty/Content/_Models/Battery/Black.uexp" 2997
"D:/GitHub/Feisty-Heisty/Feisty_Heisty/Content/PolygonTown/Textures/T_PolygonTown_03_A.ubulk" 2998
"D:/GitHub/Feisty-Heisty/Feisty_Heisty/Content/PolygonTown/Textures/T_PolygonTown_03_A.uasset" 2999
"D:/GitHub/Feisty-Heisty/Feisty_Heisty/Content/PolygonTown/Textures/T_PolygonTown_03_A.uexp" 3000
"D:/GitHub/Feisty-Heisty/Feisty_Heisty/Content/PolygonTown/Materials/Mat_PolygonTown_03_A.uasset" 3001
"D:/GitHub/Feisty-Heisty/Feisty_Heisty/Content/PolygonTown/Materials/Mat_PolygonTown_03_A.uexp" 3002
"D:/GitHub/Feisty-Heisty/Feisty_Heisty/Content/PolygonTown/Meshes/Characters/SK_Character_Son_01.uasset" 3003
"D:/GitHub/Feisty-Heisty/Feisty_Heisty/Content/PolygonTown/Meshes/Characters/SK_Character_Son_01.uexp" 3004
"../../../Engine/Content/EngineFonts/Faces/RobotoTiny.uexp" 3005
"../../../Engine/Content/EngineFonts/Faces/RobotoTiny.uasset" 3006
"../../../Engine/Content/EngineFonts/Faces/RobotoTiny.ufont" 3007
"../../../Engine/Content/EngineFonts/RobotoTiny.uasset" 3008
"../../../Engine/Content/EngineFonts/RobotoTiny.uexp" 3009
"D:/GitHub/Feisty-Heisty/Feisty_Heisty/Content/_UI/UI_Timer.uasset" 3010
"D:/GitHub/Feisty-Heisty/Feisty_Heisty/Content/_UI/UI_Timer.uexp" 3011
"D:/GitHub/Feisty-Heisty/Feisty_Heisty/Content/_Models/Battery/Yellow.uasset" 3012
"D:/GitHub/Feisty-Heisty/Feisty_Heisty/Content/_Models/Battery/Yellow.uexp" 3013
"D:/GitHub/Feisty-Heisty/Feisty_Heisty/Content/_Models/Battery/Silver.uasset" 3014
"D:/GitHub/Feisty-Heisty/Feisty_Heisty/Content/_Models/Battery/Silver.uexp" 3015
"D:/GitHub/Feisty-Heisty/Feisty_Heisty/Content/_Blueprints/BP_Player.uasset" 3016
"D:/GitHub/Feisty-Heisty/Feisty_Heisty/Content/_Blueprints/BP_Player.uexp" 3017
"D:/GitHub/Feisty-Heisty/Feisty_Heisty/Content/_Blueprints/Camera/CameraBounds_BP.uasset" 3018
"D:/GitHub/Feisty-Heisty/Feisty_Heisty/Content/_Blueprints/Camera/CameraBounds_BP.uexp" 3019
"D:/GitHub/Feisty-Heisty/Feisty_Heisty/Content/_Blueprints/Camera/Camera.uasset" 3020
"D:/GitHub/Feisty-Heisty/Feisty_Heisty/Content/_Blueprints/Camera/Camera.uexp" 3021
"../../../Engine/Content/BasicShapes/Cone.ubulk" 3022
"../../../Engine/Content/BasicShapes/Cone.uasset" 3023
"../../../Engine/Content/BasicShapes/Cone.uexp" 3024
"D:/GitHub/Feisty-Heisty/Feisty_Heisty/Content/_Blueprints/BP_PC.uasset" 3025
"D:/GitHub/Feisty-Heisty/Feisty_Heisty/Content/_Blueprints/BP_PC.uexp" 3026
"D:/GitHub/Feisty-Heisty/Feisty_Heisty/Content/_Fonts/LEMONMILK-Regular.uexp" 3027
"D:/GitHub/Feisty-Heisty/Feisty_Heisty/Content/_Fonts/LEMONMILK-Regular.uasset" 3028
"D:/GitHub/Feisty-Heisty/Feisty_Heisty/Content/_Fonts/LEMONMILK-Regular.ufont" 3029
"D:/GitHub/Feisty-Heisty/Feisty_Heisty/Content/_Sounds/Alarms/Laser_Alarm.ubulk" 3030
"D:/GitHub/Feisty-Heisty/Feisty_Heisty/Content/_Sounds/Alarms/Laser_Alarm.uasset" 3031
"D:/GitHub/Feisty-Heisty/Feisty_Heisty/Content/_Sounds/Alarms/Laser_Alarm.uexp" 3032
"D:/GitHub/Feisty-Heisty/Feisty_Heisty/Content/_Sounds/Alarms/Camera_Alarm.ubulk" 3033
"D:/GitHub/Feisty-Heisty/Feisty_Heisty/Content/_Sounds/Alarms/Camera_Alarm.uasset" 3034
"D:/GitHub/Feisty-Heisty/Feisty_Heisty/Content/_Sounds/Alarms/Camera_Alarm.uexp" 3035
"D:/GitHub/Feisty-Heisty/Feisty_Heisty/Content/_Music/Songs/Vault_Track_Edited.ubulk" 3036
"D:/GitHub/Feisty-Heisty/Feisty_Heisty/Content/_Music/Songs/Vault_Track_Edited.uasset" 3037
"D:/GitHub/Feisty-Heisty/Feisty_Heisty/Content/_Music/Songs/Vault_Track_Edited.uexp" 3038
"D:/GitHub/Feisty-Heisty/Feisty_Heisty/Content/_Music/Songs/Outside_Track_Edited.ubulk" 3039
"D:/GitHub/Feisty-Heisty/Feisty_Heisty/Content/_Music/Songs/Outside_Track_Edited.uasset" 3040
"D:/GitHub/Feisty-Heisty/Feisty_Heisty/Content/_Music/Songs/Outside_Track_Edited.uexp" 3041
"D:/GitHub/Feisty-Heisty/Feisty_Heisty/Content/_Music/Songs/Office_Track_Edited.ubulk" 3042
"D:/GitHub/Feisty-Heisty/Feisty_Heisty/Content/_Music/Songs/Office_Track_Edited.uasset" 3043
"D:/GitHub/Feisty-Heisty/Feisty_Heisty/Content/_Music/Songs/Office_Track_Edited.uexp" 3044
"D:/GitHub/Feisty-Heisty/Feisty_Heisty/Content/_Music/Songs/Loading_Screen_Track.ubulk" 3045
"D:/GitHub/Feisty-Heisty/Feisty_Heisty/Content/_Music/Songs/Loading_Screen_Track.uasset" 3046
"D:/GitHub/Feisty-Heisty/Feisty_Heisty/Content/_Music/Songs/Loading_Screen_Track.uexp" 3047
"D:/GitHub/Feisty-Heisty/Feisty_Heisty/Content/_Materials/M_Fireplace.uasset" 3048
"D:/GitHub/Feisty-Heisty/Feisty_Heisty/Content/_Materials/M_Fireplace.uexp" 3049
"D:/GitHub/Feisty-Heisty/Feisty_Heisty/Content/_Maps/_GENERATED/luke/CubeGridToolOutput_A2C71382.ubulk" 3050
"D:/GitHub/Feisty-Heisty/Feisty_Heisty/Content/_Maps/_GENERATED/luke/CubeGridToolOutput_A2C71382.uasset" 3051
"D:/GitHub/Feisty-Heisty/Feisty_Heisty/Content/_Maps/_GENERATED/luke/CubeGridToolOutput_A2C71382.uexp" 3052
"D:/GitHub/Feisty-Heisty/Feisty_Heisty/Content/_Maps/_GENERATED/luke/CubeGridToolOutput_8B6FEB8A.ubulk" 3053
"D:/GitHub/Feisty-Heisty/Feisty_Heisty/Content/_Maps/_GENERATED/luke/CubeGridToolOutput_8B6FEB8A.uasset" 3054
"D:/GitHub/Feisty-Heisty/Feisty_Heisty/Content/_Maps/_GENERATED/luke/CubeGridToolOutput_8B6FEB8A.uexp" 3055
"D:/GitHub/Feisty-Heisty/Feisty_Heisty/Content/_Sounds/Distraction_Alarm/Distraction_3.ubulk" 3056
"D:/GitHub/Feisty-Heisty/Feisty_Heisty/Content/_Sounds/Distraction_Alarm/Distraction_3.uasset" 3057
"D:/GitHub/Feisty-Heisty/Feisty_Heisty/Content/_Sounds/Distraction_Alarm/Distraction_3.uexp" 3058
"D:/GitHub/Feisty-Heisty/Feisty_Heisty/Content/_Sounds/Distraction_Alarm/Distraction_2.ubulk" 3059
"D:/GitHub/Feisty-Heisty/Feisty_Heisty/Content/_Sounds/Distraction_Alarm/Distraction_2.uasset" 3060
"D:/GitHub/Feisty-Heisty/Feisty_Heisty/Content/_Sounds/Distraction_Alarm/Distraction_2.uexp" 3061
"D:/GitHub/Feisty-Heisty/Feisty_Heisty/Content/_Sounds/Distraction_Alarm/Distraction_1.ubulk" 3062
"D:/GitHub/Feisty-Heisty/Feisty_Heisty/Content/_Sounds/Distraction_Alarm/Distraction_1.uasset" 3063
"D:/GitHub/Feisty-Heisty/Feisty_Heisty/Content/_Sounds/Distraction_Alarm/Distraction_1.uexp" 3064
"D:/GitHub/Feisty-Heisty/Feisty_Heisty/Content/_Sounds/Doors/Door_Open_Close.ubulk" 3065
"D:/GitHub/Feisty-Heisty/Feisty_Heisty/Content/_Sounds/Doors/Door_Open_Close.uasset" 3066
"D:/GitHub/Feisty-Heisty/Feisty_Heisty/Content/_Sounds/Doors/Door_Open_Close.uexp" 3067
"D:/GitHub/Feisty-Heisty/Feisty_Heisty/Content/_Sounds/Doors/Door_Close.ubulk" 3068
"D:/GitHub/Feisty-Heisty/Feisty_Heisty/Content/_Sounds/Doors/Door_Close.uasset" 3069
"D:/GitHub/Feisty-Heisty/Feisty_Heisty/Content/_Sounds/Doors/Door_Close.uexp" 3070
"D:/GitHub/Feisty-Heisty/Feisty_Heisty/Content/_Sounds/Footsteps/Footsteps_Gravel_Edited.ubulk" 3071
"D:/GitHub/Feisty-Heisty/Feisty_Heisty/Content/_Sounds/Footsteps/Footsteps_Gravel_Edited.uasset" 3072
"D:/GitHub/Feisty-Heisty/Feisty_Heisty/Content/_Sounds/Footsteps/Footsteps_Gravel_Edited.uexp" 3073
"D:/GitHub/Feisty-Heisty/Feisty_Heisty/Content/_Sounds/Footsteps/448637-Footsteps-Trainers-Walking-Concrete_Garage_Floor-Performance-03.ubulk" 3074
"D:/GitHub/Feisty-Heisty/Feisty_Heisty/Content/_Sounds/Footsteps/448637-Footsteps-Trainers-Walking-Concrete_Garage_Floor-Performance-03.uasset" 3075
"D:/GitHub/Feisty-Heisty/Feisty_Heisty/Content/_Sounds/Footsteps/448637-Footsteps-Trainers-Walking-Concrete_Garage_Floor-Performance-03.uexp" 3076
"D:/GitHub/Feisty-Heisty/Feisty_Heisty/Content/_Sounds/Footsteps/317170-Footsteps-Man-Shoes-Slow_Pace_Walking-Concrete_Floor-46.ubulk" 3077
"D:/GitHub/Feisty-Heisty/Feisty_Heisty/Content/_Sounds/Footsteps/317170-Footsteps-Man-Shoes-Slow_Pace_Walking-Concrete_Floor-46.uasset" 3078
"D:/GitHub/Feisty-Heisty/Feisty_Heisty/Content/_Sounds/Footsteps/317170-Footsteps-Man-Shoes-Slow_Pace_Walking-Concrete_Floor-46.uexp" 3079
"D:/GitHub/Feisty-Heisty/Feisty_Heisty/Content/_Sounds/Footsteps/206726-317-Foley-Footsteps-Hardwood-Sneaker-Walk-Slow-Close.ubulk" 3080
"D:/GitHub/Feisty-Heisty/Feisty_Heisty/Content/_Sounds/Footsteps/206726-317-Foley-Footsteps-Hardwood-Sneaker-Walk-Slow-Close.uasset" 3081
"D:/GitHub/Feisty-Heisty/Feisty_Heisty/Content/_Sounds/Footsteps/206726-317-Foley-Footsteps-Hardwood-Sneaker-Walk-Slow-Close.uexp" 3082
"D:/GitHub/Feisty-Heisty/Feisty_Heisty/Content/_Sounds/Footsteps/206706-297-Foley-Footsteps-Hardwood-Slipper-Walk-Slow-Close.ubulk" 3083
"D:/GitHub/Feisty-Heisty/Feisty_Heisty/Content/_Sounds/Footsteps/206706-297-Foley-Footsteps-Hardwood-Slipper-Walk-Slow-Close.uasset" 3084
"D:/GitHub/Feisty-Heisty/Feisty_Heisty/Content/_Sounds/Footsteps/206706-297-Foley-Footsteps-Hardwood-Slipper-Walk-Slow-Close.uexp" 3085
"D:/GitHub/Feisty-Heisty/Feisty_Heisty/Content/_Sounds/Hacking/Complete/Hack_Complete_1.ubulk" 3086
"D:/GitHub/Feisty-Heisty/Feisty_Heisty/Content/_Sounds/Hacking/Complete/Hack_Complete_1.uasset" 3087
"D:/GitHub/Feisty-Heisty/Feisty_Heisty/Content/_Sounds/Hacking/Complete/Hack_Complete_1.uexp" 3088
"D:/GitHub/Feisty-Heisty/Feisty_Heisty/Content/_Sounds/Lasers_Running/Lasers_Running_Edited.ubulk" 3089
"D:/GitHub/Feisty-Heisty/Feisty_Heisty/Content/_Sounds/Lasers_Running/Lasers_Running_Edited.uasset" 3090
"D:/GitHub/Feisty-Heisty/Feisty_Heisty/Content/_Sounds/Lasers_Running/Lasers_Running_Edited.uexp" 3091
"D:/GitHub/Feisty-Heisty/Feisty_Heisty/Content/_Sounds/Hacking/Interact/Computer_Interact_2.ubulk" 3092
"D:/GitHub/Feisty-Heisty/Feisty_Heisty/Content/_Sounds/Hacking/Interact/Computer_Interact_2.uasset" 3093
"D:/GitHub/Feisty-Heisty/Feisty_Heisty/Content/_Sounds/Hacking/Interact/Computer_Interact_2.uexp" 3094
"D:/GitHub/Feisty-Heisty/Feisty_Heisty/Content/_Sounds/Hacking/Interact/Computer_Interact_1.ubulk" 3095
"D:/GitHub/Feisty-Heisty/Feisty_Heisty/Content/_Sounds/Hacking/Interact/Computer_Interact_1.uasset" 3096
"D:/GitHub/Feisty-Heisty/Feisty_Heisty/Content/_Sounds/Hacking/Interact/Computer_Interact_1.uexp" 3097
"D:/GitHub/Feisty-Heisty/Feisty_Heisty/Content/_Sounds/Loot/Jewels.ubulk" 3098
"D:/GitHub/Feisty-Heisty/Feisty_Heisty/Content/_Sounds/Loot/Jewels.uasset" 3099
"D:/GitHub/Feisty-Heisty/Feisty_Heisty/Content/_Sounds/Loot/Jewels.uexp" 3100
"D:/GitHub/Feisty-Heisty/Feisty_Heisty/Content/_Sounds/Player_Caught/Player_Caught_3.ubulk" 3101
"D:/GitHub/Feisty-Heisty/Feisty_Heisty/Content/_Sounds/Player_Caught/Player_Caught_3.uasset" 3102
"D:/GitHub/Feisty-Heisty/Feisty_Heisty/Content/_Sounds/Player_Caught/Player_Caught_3.uexp" 3103
"D:/GitHub/Feisty-Heisty/Feisty_Heisty/Content/_Sounds/Player_Caught/Player_Caught_2.ubulk" 3104
"D:/GitHub/Feisty-Heisty/Feisty_Heisty/Content/_Sounds/Player_Caught/Player_Caught_2.uasset" 3105
"D:/GitHub/Feisty-Heisty/Feisty_Heisty/Content/_Sounds/Player_Caught/Player_Caught_2.uexp" 3106
"D:/GitHub/Feisty-Heisty/Feisty_Heisty/Content/_Sounds/Player_Caught/Player_Caught_1.ubulk" 3107
"D:/GitHub/Feisty-Heisty/Feisty_Heisty/Content/_Sounds/Player_Caught/Player_Caught_1.uasset" 3108
"D:/GitHub/Feisty-Heisty/Feisty_Heisty/Content/_Sounds/Player_Caught/Player_Caught_1.uexp" 3109
"D:/GitHub/Feisty-Heisty/Feisty_Heisty/Content/_Sounds/Power_Down/Power_Down_Edited.ubulk" 3110
"D:/GitHub/Feisty-Heisty/Feisty_Heisty/Content/_Sounds/Power_Down/Power_Down_Edited.uasset" 3111
"D:/GitHub/Feisty-Heisty/Feisty_Heisty/Content/_Sounds/Power_Down/Power_Down_Edited.uexp" 3112
"D:/GitHub/Feisty-Heisty/Feisty_Heisty/Content/_Sounds/Power_Up/Power_Up_Edited.ubulk" 3113
"D:/GitHub/Feisty-Heisty/Feisty_Heisty/Content/_Sounds/Power_Up/Power_Up_Edited.uasset" 3114
"D:/GitHub/Feisty-Heisty/Feisty_Heisty/Content/_Sounds/Power_Up/Power_Up_Edited.uexp" 3115
"../../../Engine/Plugins/Animation/ControlRig/Content/Controls/DefaultGizmoLibrary.uasset" 3116
"../../../Engine/Plugins/Animation/ControlRig/Content/Controls/DefaultGizmoLibrary.uexp" 3117
"D:/GitHub/Feisty-Heisty/Feisty_Heisty/Content/StandardAssets/Characters/Mannequins/Rigs/CR_Mannequin_BasicFootIK.uasset" 3118
"D:/GitHub/Feisty-Heisty/Feisty_Heisty/Content/StandardAssets/Characters/Mannequins/Rigs/CR_Mannequin_BasicFootIK.uexp" 3119
"../../../Engine/Plugins/Animation/ControlRig/Content/Controls/DefaultGizmoLibraryNormalized.uasset" 3120
"../../../Engine/Plugins/Animation/ControlRig/Content/Controls/DefaultGizmoLibraryNormalized.uexp" 3121
"D:/GitHub/Feisty-Heisty/Feisty_Heisty/Content/StandardAssets/Characters/Mannequins/Rigs/CR_Mannequin_Body.uasset" 3122
"D:/GitHub/Feisty-Heisty/Feisty_Heisty/Content/StandardAssets/Characters/Mannequins/Rigs/CR_Mannequin_Body.uexp" 3123
"D:/GitHub/Feisty-Heisty/Feisty_Heisty/Content/StandardAssets/Characters/Mannequins/Rigs/CR_Mannequin_Procedural.uasset" 3124
"D:/GitHub/Feisty-Heisty/Feisty_Heisty/Content/StandardAssets/Characters/Mannequins/Rigs/CR_Mannequin_Procedural.uexp" 3125
"../../../Engine/Content/Maps/Entry_BuiltData.uasset" 3126
"../../../Engine/Content/Maps/Entry_BuiltData.uexp" 3127
"../../../Engine/Content/Maps/Entry.uexp" 3128
"../../../Engine/Content/Maps/Entry.umap" 3129
"../../../Engine/Content/Maps/Templates/HLODs/HLODLayer_Instanced.uasset" 3130
"../../../Engine/Content/Maps/Templates/HLODs/HLODLayer_Instanced.uexp" 3131
"D:/GitHub/Feisty-Heisty/Feisty_Heisty/Content/ThirdPerson/Blueprints/BP_ThirdPersonGameMode.uasset" 3132
"D:/GitHub/Feisty-Heisty/Feisty_Heisty/Content/ThirdPerson/Blueprints/BP_ThirdPersonGameMode.uexp" 3133
"D:/GitHub/Feisty-Heisty/Feisty_Heisty/Content/ThirdPerson/Maps/ThirdPersonMap.uexp" 3134
"D:/GitHub/Feisty-Heisty/Feisty_Heisty/Content/ThirdPerson/Maps/ThirdPersonMap.umap" 3135
"D:/GitHub/Feisty-Heisty/Feisty_Heisty/Content/PolygonHeist/Meshes/Props/SM_Prop_Jewellery_Necklace_04.ubulk" 3136
"D:/GitHub/Feisty-Heisty/Feisty_Heisty/Content/PolygonHeist/Meshes/Props/SM_Prop_Jewellery_Necklace_04.uasset" 3137
"D:/GitHub/Feisty-Heisty/Feisty_Heisty/Content/PolygonHeist/Meshes/Props/SM_Prop_Jewellery_Necklace_04.uexp" 3138
"D:/GitHub/Feisty-Heisty/Feisty_Heisty/Content/PolygonHeist/Meshes/Props/SM_Prop_Jewellery_03.ubulk" 3139
"D:/GitHub/Feisty-Heisty/Feisty_Heisty/Content/PolygonHeist/Meshes/Props/SM_Prop_Jewellery_03.uasset" 3140
"D:/GitHub/Feisty-Heisty/Feisty_Heisty/Content/PolygonHeist/Meshes/Props/SM_Prop_Jewellery_03.uexp" 3141
"../../../Engine/Content/Functions/Engine_MaterialFunctions02/Texturing/CustomRotator.uasset" 3142
"../../../Engine/Content/Functions/Engine_MaterialFunctions02/Texturing/CustomRotator.uexp" 3143
"D:/GitHub/Feisty-Heisty/Feisty_Heisty/Content/LPSDeluxe2TropicalEnvironment/LPSD2_Textures/T_LPSNoise.ubulk" 3144
"D:/GitHub/Feisty-Heisty/Feisty_Heisty/Content/LPSDeluxe2TropicalEnvironment/LPSD2_Textures/T_LPSNoise.uasset" 3145
"D:/GitHub/Feisty-Heisty/Feisty_Heisty/Content/LPSDeluxe2TropicalEnvironment/LPSD2_Textures/T_LPSNoise.uexp" 3146
"../../../Engine/Content/Functions/Engine_MaterialFunctions02/WorldPositionOffset/LocalPosition.uasset" 3147
"../../../Engine/Content/Functions/Engine_MaterialFunctions02/WorldPositionOffset/LocalPosition.uexp" 3148
"../../../Engine/Content/Functions/Engine_MaterialFunctions01/Texturing/WorldAlignedTexture.uasset" 3149
"../../../Engine/Content/Functions/Engine_MaterialFunctions01/Texturing/WorldAlignedTexture.uexp" 3150
"D:/GitHub/Feisty-Heisty/Feisty_Heisty/Content/LPSDeluxe2TropicalEnvironment/LPSD2_Materials/Materials/Master_Color/M_Color_Master.uasset" 3151
"D:/GitHub/Feisty-Heisty/Feisty_Heisty/Content/LPSDeluxe2TropicalEnvironment/LPSD2_Materials/Materials/Master_Color/M_Color_Master.uexp" 3152
"D:/GitHub/Feisty-Heisty/Feisty_Heisty/Content/LPSDeluxe2TropicalEnvironment/LPSD2_Materials/Materials/Master_Color_Instances/MI_Gem_Ruby.uasset" 3153
"D:/GitHub/Feisty-Heisty/Feisty_Heisty/Content/LPSDeluxe2TropicalEnvironment/LPSD2_Materials/Materials/Master_Color_Instances/MI_Gem_Ruby.uexp" 3154
"D:/GitHub/Feisty-Heisty/Feisty_Heisty/Content/LPSDeluxe2TropicalEnvironment/LPSD2_Meshes/Treasure/SM_TreasureGem_1.ubulk" 3155
"D:/GitHub/Feisty-Heisty/Feisty_Heisty/Content/LPSDeluxe2TropicalEnvironment/LPSD2_Meshes/Treasure/SM_TreasureGem_1.uasset" 3156
"D:/GitHub/Feisty-Heisty/Feisty_Heisty/Content/LPSDeluxe2TropicalEnvironment/LPSD2_Meshes/Treasure/SM_TreasureGem_1.uexp" 3157
"D:/GitHub/Feisty-Heisty/Feisty_Heisty/Content/LPSDeluxe2TropicalEnvironment/LPSD2_Materials/Materials/Master_Color_Instances/MI_Gem_Emerald.uasset" 3158
"D:/GitHub/Feisty-Heisty/Feisty_Heisty/Content/LPSDeluxe2TropicalEnvironment/LPSD2_Materials/Materials/Master_Color_Instances/MI_Gem_Emerald.uexp" 3159
"D:/GitHub/Feisty-Heisty/Feisty_Heisty/Content/LPSDeluxe2TropicalEnvironment/LPSD2_Materials/Materials/Master_Color_Instances/MI_Metal_Gold.uasset" 3160
"D:/GitHub/Feisty-Heisty/Feisty_Heisty/Content/LPSDeluxe2TropicalEnvironment/LPSD2_Materials/Materials/Master_Color_Instances/MI_Metal_Gold.uexp" 3161
"D:/GitHub/Feisty-Heisty/Feisty_Heisty/Content/LPSDeluxe2TropicalEnvironment/LPSD2_Meshes/Treasure/SM_TreasureGem_4.ubulk" 3162
"D:/GitHub/Feisty-Heisty/Feisty_Heisty/Content/LPSDeluxe2TropicalEnvironment/LPSD2_Meshes/Treasure/SM_TreasureGem_4.uasset" 3163
"D:/GitHub/Feisty-Heisty/Feisty_Heisty/Content/LPSDeluxe2TropicalEnvironment/LPSD2_Meshes/Treasure/SM_TreasureGem_4.uexp" 3164
"D:/GitHub/Feisty-Heisty/Feisty_Heisty/Content/_Music/Songs/Menu_Track_Edited.ubulk" 3165
"D:/GitHub/Feisty-Heisty/Feisty_Heisty/Content/_Music/Songs/Menu_Track_Edited.uasset" 3166
"D:/GitHub/Feisty-Heisty/Feisty_Heisty/Content/_Music/Songs/Menu_Track_Edited.uexp" 3167
"D:/GitHub/Feisty-Heisty/Feisty_Heisty/Content/PolygonHeist/Meshes/Props/SM_Prop_Jewellery_Rings_01.ubulk" 3168
"D:/GitHub/Feisty-Heisty/Feisty_Heisty/Content/PolygonHeist/Meshes/Props/SM_Prop_Jewellery_Rings_01.uasset" 3169
"D:/GitHub/Feisty-Heisty/Feisty_Heisty/Content/PolygonHeist/Meshes/Props/SM_Prop_Jewellery_Rings_01.uexp" 3170
"D:/GitHub/Feisty-Heisty/Feisty_Heisty/Content/LPSDeluxe2TropicalEnvironment/LPSD2_Meshes/Treasure/SM_LargeCoin_1.ubulk" 3171
"D:/GitHub/Feisty-Heisty/Feisty_Heisty/Content/LPSDeluxe2TropicalEnvironment/LPSD2_Meshes/Treasure/SM_LargeCoin_1.uasset" 3172
"D:/GitHub/Feisty-Heisty/Feisty_Heisty/Content/LPSDeluxe2TropicalEnvironment/LPSD2_Meshes/Treasure/SM_LargeCoin_1.uexp" 3173
"D:/GitHub/Feisty-Heisty/Feisty_Heisty/Content/PolygonHeist/Meshes/Environments/SM_Env_Floor_02.ubulk" 3174
"D:/GitHub/Feisty-Heisty/Feisty_Heisty/Content/PolygonHeist/Meshes/Environments/SM_Env_Floor_02.uasset" 3175
"D:/GitHub/Feisty-Heisty/Feisty_Heisty/Content/PolygonHeist/Meshes/Environments/SM_Env_Floor_02.uexp" 3176
"D:/GitHub/Feisty-Heisty/Feisty_Heisty/Content/PolygonHeist/Meshes/Props/SM_Prop_GoldBar_01.ubulk" 3177
"D:/GitHub/Feisty-Heisty/Feisty_Heisty/Content/PolygonHeist/Meshes/Props/SM_Prop_GoldBar_01.uasset" 3178
"D:/GitHub/Feisty-Heisty/Feisty_Heisty/Content/PolygonHeist/Meshes/Props/SM_Prop_GoldBar_01.uexp" 3179
"D:/GitHub/Feisty-Heisty/Feisty_Heisty/Content/PolygonHeist/Meshes/Props/SM_Prop_Shelf_01.ubulk" 3180
"D:/GitHub/Feisty-Heisty/Feisty_Heisty/Content/PolygonHeist/Meshes/Props/SM_Prop_Shelf_01.uasset" 3181
"D:/GitHub/Feisty-Heisty/Feisty_Heisty/Content/PolygonHeist/Meshes/Props/SM_Prop_Shelf_01.uexp" 3182
"D:/GitHub/Feisty-Heisty/Feisty_Heisty/Content/_UI/UI_MainMenu.uasset" 3183
"D:/GitHub/Feisty-Heisty/Feisty_Heisty/Content/_UI/UI_MainMenu.uexp" 3184
"D:/GitHub/Feisty-Heisty/Feisty_Heisty/Content/_Animation/MM_Pose.uasset" 3185
"D:/GitHub/Feisty-Heisty/Feisty_Heisty/Content/_Animation/MM_Pose.uexp" 3186
"D:/GitHub/Feisty-Heisty/Feisty_Heisty/Content/LPSDeluxe2TropicalEnvironment/LPSD2_Materials/Materials/Master_Color_Instances/MI_Color_Oak.uasset" 3187
"D:/GitHub/Feisty-Heisty/Feisty_Heisty/Content/LPSDeluxe2TropicalEnvironment/LPSD2_Materials/Materials/Master_Color_Instances/MI_Color_Oak.uexp" 3188
"D:/GitHub/Feisty-Heisty/Feisty_Heisty/Content/LPSDeluxe2TropicalEnvironment/LPSD2_Materials/SpecialMaterials/2SidedMaterials/M_2Side_Master.uasset" 3189
"D:/GitHub/Feisty-Heisty/Feisty_Heisty/Content/LPSDeluxe2TropicalEnvironment/LPSD2_Materials/SpecialMaterials/2SidedMaterials/M_2Side_Master.uexp" 3190
"D:/GitHub/Feisty-Heisty/Feisty_Heisty/Content/LPSDeluxe2TropicalEnvironment/LPSD2_Materials/SpecialMaterials/2SidedMaterials/MI_2Side_Red.uasset" 3191
"D:/GitHub/Feisty-Heisty/Feisty_Heisty/Content/LPSDeluxe2TropicalEnvironment/LPSD2_Materials/SpecialMaterials/2SidedMaterials/MI_2Side_Red.uexp" 3192
"D:/GitHub/Feisty-Heisty/Feisty_Heisty/Content/LPSDeluxe2TropicalEnvironment/LPSD2_Meshes/Pirate/SM_CaptainsChair_1.ubulk" 3193
"D:/GitHub/Feisty-Heisty/Feisty_Heisty/Content/LPSDeluxe2TropicalEnvironment/LPSD2_Meshes/Pirate/SM_CaptainsChair_1.uasset" 3194
"D:/GitHub/Feisty-Heisty/Feisty_Heisty/Content/LPSDeluxe2TropicalEnvironment/LPSD2_Meshes/Pirate/SM_CaptainsChair_1.uexp" 3195
"D:/GitHub/Feisty-Heisty/Feisty_Heisty/Content/LPSDeluxe2TropicalEnvironment/LPSD2_Meshes/Treasure/SM_MediumCoin_1.ubulk" 3196
"D:/GitHub/Feisty-Heisty/Feisty_Heisty/Content/LPSDeluxe2TropicalEnvironment/LPSD2_Meshes/Treasure/SM_MediumCoin_1.uasset" 3197
"D:/GitHub/Feisty-Heisty/Feisty_Heisty/Content/LPSDeluxe2TropicalEnvironment/LPSD2_Meshes/Treasure/SM_MediumCoin_1.uexp" 3198
"D:/GitHub/Feisty-Heisty/Feisty_Heisty/Content/LPSDeluxe2TropicalEnvironment/LPSD2_Meshes/Treasure/SM_SmallCoin_1.ubulk" 3199
"D:/GitHub/Feisty-Heisty/Feisty_Heisty/Content/LPSDeluxe2TropicalEnvironment/LPSD2_Meshes/Treasure/SM_SmallCoin_1.uasset" 3200
"D:/GitHub/Feisty-Heisty/Feisty_Heisty/Content/LPSDeluxe2TropicalEnvironment/LPSD2_Meshes/Treasure/SM_SmallCoin_1.uexp" 3201
"../../../Engine/Plugins/FX/Niagara/Content/Enums/ENiagaraSphereDistributionMode.uasset" 3202
"../../../Engine/Plugins/FX/Niagara/Content/Enums/ENiagaraSphereDistributionMode.uexp" 3203
"../../../Engine/Plugins/FX/Niagara/Content/Enums/ENiagaraTorusDistributionMode.uasset" 3204
"../../../Engine/Plugins/FX/Niagara/Content/Enums/ENiagaraTorusDistributionMode.uexp" 3205
"../../../Engine/Plugins/FX/Niagara/Content/Enums/ENiagaraRandomnessMode.uasset" 3206
"../../../Engine/Plugins/FX/Niagara/Content/Enums/ENiagaraRandomnessMode.uexp" 3207
"../../../Engine/Plugins/FX/Niagara/Content/Functions/GetRandomInfo.uasset" 3208
"../../../Engine/Plugins/FX/Niagara/Content/Functions/GetRandomInfo.uexp" 3209
"../../../Engine/Plugins/FX/Niagara/Content/Functions/RandomRangeFloat.uasset" 3210
"../../../Engine/Plugins/FX/Niagara/Content/Functions/RandomRangeFloat.uexp" 3211
"../../../Engine/Plugins/FX/Niagara/Content/Modules/Emitter/SpawnRate.uasset" 3212
"../../../Engine/Plugins/FX/Niagara/Content/Modules/Emitter/SpawnRate.uexp" 3213
"../../../Engine/Plugins/FX/Niagara/Content/Enums/ENiagaraRandomnessEvaluation.uasset" 3214
"../../../Engine/Plugins/FX/Niagara/Content/Enums/ENiagaraRandomnessEvaluation.uexp" 3215
"../../../Engine/Plugins/FX/Niagara/Content/Functions/V2/CalculateRandomRangeFloat.uasset" 3216
"../../../Engine/Plugins/FX/Niagara/Content/Functions/V2/CalculateRandomRangeFloat.uexp" 3217
"../../../Engine/Plugins/FX/Niagara/Content/DynamicInputs/UniformRange/V2/RandomRangeFloat.uasset" 3218
"../../../Engine/Plugins/FX/Niagara/Content/DynamicInputs/UniformRange/V2/RandomRangeFloat.uexp" 3219
"../../../Engine/Plugins/FX/Niagara/Content/Enums/Location/ENiagara_LocationShapes.uasset" 3220
"../../../Engine/Plugins/FX/Niagara/Content/Enums/Location/ENiagara_LocationShapes.uexp" 3221
"../../../Engine/Plugins/FX/Niagara/Content/Enums/ENiagara_MassInitializationMode.uasset" 3222
"../../../Engine/Plugins/FX/Niagara/Content/Enums/ENiagara_MassInitializationMode.uexp" 3223
"../../../Engine/Plugins/FX/Niagara/Content/Enums/Location/ENiagara_CylinderMode.uasset" 3224
"../../../Engine/Plugins/FX/Niagara/Content/Enums/Location/ENiagara_CylinderMode.uexp" 3225
"../../../Engine/Plugins/FX/Niagara/Content/Enums/ENiagaraCollisionRadiusOptions.uasset" 3226
"../../../Engine/Plugins/FX/Niagara/Content/Enums/ENiagaraCollisionRadiusOptions.uexp" 3227
"../../../Engine/Plugins/FX/Niagara/Content/DefaultAssets/DefaultSpriteMaterial.uasset" 3228
"../../../Engine/Plugins/FX/Niagara/Content/DefaultAssets/DefaultSpriteMaterial.uexp" 3229
"../../../Engine/Plugins/FX/Niagara/Content/Functions/Localspace/TransformBase.uasset" 3230
"../../../Engine/Plugins/FX/Niagara/Content/Functions/Localspace/TransformBase.uexp" 3231
"../../../Engine/Plugins/FX/Niagara/Content/Functions/Localspace/TransformVector.uasset" 3232
"../../../Engine/Plugins/FX/Niagara/Content/Functions/Localspace/TransformVector.uexp" 3233
"../../../Engine/Plugins/FX/Niagara/Content/Modules/Update/Forces/GravityForce.uasset" 3234
"../../../Engine/Plugins/FX/Niagara/Content/Modules/Update/Forces/GravityForce.uexp" 3235
"../../../Engine/Plugins/FX/Niagara/Content/Enums/ENiagaraFrictionMergeType.uasset" 3236
"../../../Engine/Plugins/FX/Niagara/Content/Enums/ENiagaraFrictionMergeType.uexp" 3237
"../../../Engine/Plugins/FX/Niagara/Content/Enums/ENiagara_PositionInitializationMode.uasset" 3238
"../../../Engine/Plugins/FX/Niagara/Content/Enums/ENiagara_PositionInitializationMode.uexp" 3239
"../../../Engine/Plugins/FX/Niagara/Content/Icons/Modules/T_Icon_Solver_LimitSpeed.uasset" 3240
"../../../Engine/Plugins/FX/Niagara/Content/Icons/Modules/T_Icon_Solver_LimitSpeed.uexp" 3241
"../../../Engine/Plugins/FX/Niagara/Content/Functions/DirectionAndLengthSafe.uasset" 3242
"../../../Engine/Plugins/FX/Niagara/Content/Functions/DirectionAndLengthSafe.uexp" 3243
"../../../Engine/Plugins/FX/Niagara/Content/Functions/Rotation/MultiplyQuaternion.uasset" 3244
"../../../Engine/Plugins/FX/Niagara/Content/Functions/Rotation/MultiplyQuaternion.uexp" 3245
"../../../Engine/Plugins/FX/Niagara/Content/Functions/Rotation/AxisAngleToQuaternion.uasset" 3246
"../../../Engine/Plugins/FX/Niagara/Content/Functions/Rotation/AxisAngleToQuaternion.uexp" 3247
"../../../Engine/Plugins/FX/Niagara/Content/Modules/Solvers/ApplyRotationVector.uasset" 3248
"../../../Engine/Plugins/FX/Niagara/Content/Modules/Solvers/ApplyRotationVector.uexp" 3249
"../../../Engine/Plugins/FX/Niagara/Content/Icons/Modules/T_Icon_Solver_RotationalSolve.uasset" 3250
"../../../Engine/Plugins/FX/Niagara/Content/Icons/Modules/T_Icon_Solver_RotationalSolve.uexp" 3251
"../../../Engine/Plugins/FX/Niagara/Content/Icons/Modules/T_Icon_Solver_LimitAccel.uasset" 3252
"../../../Engine/Plugins/FX/Niagara/Content/Icons/Modules/T_Icon_Solver_LimitAccel.uexp" 3253
"../../../Engine/Plugins/FX/Niagara/Content/Modules/Solvers/SolveForcesAndVelocity.uasset" 3254
"../../../Engine/Plugins/FX/Niagara/Content/Modules/Solvers/SolveForcesAndVelocity.uexp" 3255
"../../../Engine/Plugins/FX/Niagara/Content/Modules/Update/Forces/Drag.uasset" 3256
"../../../Engine/Plugins/FX/Niagara/Content/Modules/Update/Forces/Drag.uexp" 3257
"../../../Engine/Plugins/FX/Niagara/Content/Enums/ENiagaraScaleColorMode.uasset" 3258
"../../../Engine/Plugins/FX/Niagara/Content/Enums/ENiagaraScaleColorMode.uexp" 3259
"../../../Engine/Plugins/FX/Niagara/Content/Modules/Update/Color/ScaleColor.uasset" 3260
"../../../Engine/Plugins/FX/Niagara/Content/Modules/Update/Color/ScaleColor.uexp" 3261
"../../../Engine/Plugins/FX/Niagara/Content/Enums/ENiagara_SizeScaleMode.uasset" 3262
"../../../Engine/Plugins/FX/Niagara/Content/Enums/ENiagara_SizeScaleMode.uexp" 3263
"../../../Engine/Plugins/FX/Niagara/Content/Enums/ENiagara_UVFlippingMode.uasset" 3264
"../../../Engine/Plugins/FX/Niagara/Content/Enums/ENiagara_UVFlippingMode.uexp" 3265
"../../../Engine/Plugins/FX/Niagara/Content/Enums/ENiagara_GPUCollisionType.uasset" 3266
"../../../Engine/Plugins/FX/Niagara/Content/Enums/ENiagara_GPUCollisionType.uexp" 3267
"../../../Engine/Plugins/FX/Niagara/Content/Functions/Localspace/SimulationPosition.uasset" 3268
"../../../Engine/Plugins/FX/Niagara/Content/Functions/Localspace/SimulationPosition.uexp" 3269
"../../../Engine/Plugins/FX/Niagara/Content/Functions/V2/CalculateRandomRangeInteger.uasset" 3270
"../../../Engine/Plugins/FX/Niagara/Content/Functions/V2/CalculateRandomRangeInteger.uexp" 3271
"../../../Engine/Plugins/FX/Niagara/Content/Enums/Ribbons/ENiagara_UnsetDirectSetRandom.uasset" 3272
"../../../Engine/Plugins/FX/Niagara/Content/Enums/Ribbons/ENiagara_UnsetDirectSetRandom.uexp" 3273
"../../../Engine/Plugins/FX/Niagara/Content/Enums/ENiagara_LifetimeMode.uasset" 3274
"../../../Engine/Plugins/FX/Niagara/Content/Enums/ENiagara_LifetimeMode.uexp" 3275
"../../../Engine/Plugins/FX/Niagara/Content/Functions/V2/CalculateRandomRange.uasset" 3276
"../../../Engine/Plugins/FX/Niagara/Content/Functions/V2/CalculateRandomRange.uexp" 3277
"../../../Engine/Plugins/FX/Niagara/Content/Functions/V2/CalculateRandomBool.uasset" 3278
"../../../Engine/Plugins/FX/Niagara/Content/Functions/V2/CalculateRandomBool.uexp" 3279
"../../../Engine/Plugins/FX/Niagara/Content/Enums/Ribbons/ENiagara_UnsetDirectSet.uasset" 3280
"../../../Engine/Plugins/FX/Niagara/Content/Enums/Ribbons/ENiagara_UnsetDirectSet.uexp" 3281
"../../../Engine/Plugins/FX/Niagara/Content/Enums/ENiagara_SpriteRotationMode.uasset" 3282
"../../../Engine/Plugins/FX/Niagara/Content/Enums/ENiagara_SpriteRotationMode.uexp" 3283
"../../../Engine/Plugins/FX/Niagara/Content/Enums/ENiagara_ColorInitializationMode.uasset" 3284
"../../../Engine/Plugins/FX/Niagara/Content/Enums/ENiagara_ColorInitializationMode.uexp" 3285
"../../../Engine/Plugins/FX/Niagara/Content/Functions/LinearColor/HueShiftLinearColor.uasset" 3286
"../../../Engine/Plugins/FX/Niagara/Content/Functions/LinearColor/HueShiftLinearColor.uexp" 3287
"../../../Engine/Plugins/FX/Niagara/Content/Enums/ENiagaraChannelCorrelation.uasset" 3288
"../../../Engine/Plugins/FX/Niagara/Content/Enums/ENiagaraChannelCorrelation.uexp" 3289
"../../../Engine/Plugins/FX/Niagara/Content/Modules/Spawn/Initialization/V2/InitializeParticle.uasset" 3290
"../../../Engine/Plugins/FX/Niagara/Content/Modules/Spawn/Initialization/V2/InitializeParticle.uexp" 3291
"../../../Engine/Plugins/FX/Niagara/Content/Enums/Transforms/ENiagara_ScaleMode.uasset" 3292
"../../../Engine/Plugins/FX/Niagara/Content/Enums/Transforms/ENiagara_ScaleMode.uexp" 3293
"../../../Engine/Plugins/FX/Niagara/Content/Functions/Math/SaturateFloat.uasset" 3294
"../../../Engine/Plugins/FX/Niagara/Content/Functions/Math/SaturateFloat.uexp" 3295
"../../../Engine/Plugins/FX/Niagara/Content/Functions/Rotation/XYZRotationToQuaternion.uasset" 3296
"../../../Engine/Plugins/FX/Niagara/Content/Functions/Rotation/XYZRotationToQuaternion.uexp" 3297
"../../../Engine/Plugins/FX/Niagara/Content/Functions/Rotation/MultiplyVectorWithQuaternion.uasset" 3298
"../../../Engine/Plugins/FX/Niagara/Content/Functions/Rotation/MultiplyVectorWithQuaternion.uexp" 3299
"../../../Engine/Plugins/FX/Niagara/Content/Functions/Rotation/FindQuatBetween.uasset" 3300
"../../../Engine/Plugins/FX/Niagara/Content/Functions/Rotation/FindQuatBetween.uexp" 3301
"../../../Engine/Plugins/FX/Niagara/Content/Functions/V2/CalculateRandomUnitVector.uasset" 3302
"../../../Engine/Plugins/FX/Niagara/Content/Functions/V2/CalculateRandomUnitVector.uexp" 3303
"../../../Engine/Plugins/FX/Niagara/Content/Enums/Angles/ENiagara_AngleInput.uasset" 3304
"../../../Engine/Plugins/FX/Niagara/Content/Enums/Angles/ENiagara_AngleInput.uexp" 3305
"../../../Engine/Plugins/FX/Niagara/Content/Functions/Rotation/AngleUnitConverter.uasset" 3306
"../../../Engine/Plugins/FX/Niagara/Content/Functions/Rotation/AngleUnitConverter.uexp" 3307
"../../../Engine/Plugins/FX/Niagara/Content/Enums/Utility/ENiagara_VelocityMode.uasset" 3308
"../../../Engine/Plugins/FX/Niagara/Content/Enums/Utility/ENiagara_VelocityMode.uexp" 3309
"../../../Engine/Plugins/FX/Niagara/Content/Functions/Rotation/InvertQuaternion.uasset" 3310
"../../../Engine/Plugins/FX/Niagara/Content/Functions/Rotation/InvertQuaternion.uexp" 3311
"../../../Engine/Plugins/FX/Niagara/Content/Functions/Rotation/MatrixToQuaternion.uasset" 3312
"../../../Engine/Plugins/FX/Niagara/Content/Functions/Rotation/MatrixToQuaternion.uexp" 3313
"../../../Engine/Plugins/FX/Niagara/Content/Functions/Rotation/MakeQuaternionFrom3BasisVectors.uasset" 3314
"../../../Engine/Plugins/FX/Niagara/Content/Functions/Rotation/MakeQuaternionFrom3BasisVectors.uexp" 3315
"../../../Engine/Plugins/FX/Niagara/Content/Enums/Transforms/ENiagara_RotationMode.uasset" 3316
"../../../Engine/Plugins/FX/Niagara/Content/Enums/Transforms/ENiagara_RotationMode.uexp" 3317
"../../../Engine/Plugins/FX/Niagara/Content/Functions/Rotation/TransformStack/TransformStack_Rotation.uasset" 3318
"../../../Engine/Plugins/FX/Niagara/Content/Functions/Rotation/TransformStack/TransformStack_Rotation.uexp" 3319
"../../../Engine/Plugins/FX/Niagara/Content/Functions/Math/CalculateRandomPointInConeSphereIntersection.uasset" 3320
"../../../Engine/Plugins/FX/Niagara/Content/Functions/Math/CalculateRandomPointInConeSphereIntersection.uexp" 3321
"../../../Engine/Plugins/FX/Niagara/Content/Functions/NormalizeDistanceRange.uasset" 3322
"../../../Engine/Plugins/FX/Niagara/Content/Functions/NormalizeDistanceRange.uexp" 3323
"../../../Engine/Plugins/FX/Niagara/Content/Functions/DistanceBasedFalloff.uasset" 3324
"../../../Engine/Plugins/FX/Niagara/Content/Functions/DistanceBasedFalloff.uexp" 3325
"../../../Engine/Plugins/FX/Niagara/Content/Modules/Spawn/Velocity/AddVelocity.uasset" 3326
"../../../Engine/Plugins/FX/Niagara/Content/Modules/Spawn/Velocity/AddVelocity.uexp" 3327
"../../../Engine/Plugins/FX/Niagara/Content/Enums/ENiagaraEmitterLifeCycleMode.uasset" 3328
"../../../Engine/Plugins/FX/Niagara/Content/Enums/ENiagaraEmitterLifeCycleMode.uexp" 3329
"../../../Engine/Plugins/FX/Niagara/Content/Functions/Emitter/EmitterChangeState.uasset" 3330
"../../../Engine/Plugins/FX/Niagara/Content/Functions/Emitter/EmitterChangeState.uexp" 3331
"../../../Engine/Plugins/FX/Niagara/Content/Enums/ENiagara_InfiniteLoopDuration.uasset" 3332
"../../../Engine/Plugins/FX/Niagara/Content/Enums/ENiagara_InfiniteLoopDuration.uexp" 3333
"../../../Engine/Plugins/FX/Niagara/Content/Enums/ENiagara_EmitterStateOptions.uasset" 3334
"../../../Engine/Plugins/FX/Niagara/Content/Enums/ENiagara_EmitterStateOptions.uexp" 3335
"../../../Engine/Plugins/FX/Niagara/Content/Enums/ENiagaraInactiveMode.uasset" 3336
"../../../Engine/Plugins/FX/Niagara/Content/Enums/ENiagaraInactiveMode.uexp" 3337
"../../../Engine/Plugins/FX/Niagara/Content/Enums/ENiagaraExecutionStateManagement.uasset" 3338
"../../../Engine/Plugins/FX/Niagara/Content/Enums/ENiagaraExecutionStateManagement.uexp" 3339
"../../../Engine/Plugins/FX/Niagara/Content/Enums/ENiagaraEmitterScalabilityMode_Limited.uasset" 3340
"../../../Engine/Plugins/FX/Niagara/Content/Enums/ENiagaraEmitterScalabilityMode_Limited.uexp" 3341
"../../../Engine/Plugins/FX/Niagara/Content/Modules/Emitter/EmitterState.uasset" 3342
"../../../Engine/Plugins/FX/Niagara/Content/Modules/Emitter/EmitterState.uexp" 3343
"../../../Engine/Plugins/FX/Niagara/Content/Enums/Location/ENiagara_ConeMode.uasset" 3344
"../../../Engine/Plugins/FX/Niagara/Content/Enums/Location/ENiagara_ConeMode.uexp" 3345
"../../../Engine/Plugins/FX/Niagara/Content/Enums/ENiagaraCalculateRadiusOptions.uasset" 3346
"../../../Engine/Plugins/FX/Niagara/Content/Enums/ENiagaraCalculateRadiusOptions.uexp" 3347
"../../../Engine/Plugins/FX/Niagara/Content/Enums/ENiagaraSystemInactiveMode.uasset" 3348
"../../../Engine/Plugins/FX/Niagara/Content/Enums/ENiagaraSystemInactiveMode.uexp" 3349
"../../../Engine/Plugins/FX/Niagara/Content/Enums/ENiagara_AttributeSamplingApplyOutput.uasset" 3350
"../../../Engine/Plugins/FX/Niagara/Content/Enums/ENiagara_AttributeSamplingApplyOutput.uexp" 3351
"../../../Engine/Plugins/FX/Niagara/Content/Enums/ENiagara_CPUCollisionType.uasset" 3352
"../../../Engine/Plugins/FX/Niagara/Content/Enums/ENiagara_CPUCollisionType.uexp" 3353
"../../../Engine/Plugins/FX/Niagara/Content/Enums/ENiagaraRestitutionMergeType.uasset" 3354
"../../../Engine/Plugins/FX/Niagara/Content/Enums/ENiagaraRestitutionMergeType.uexp" 3355
"../../../Engine/Plugins/FX/Niagara/Content/Enums/Transforms/ENiagara_OffsetMode.uasset" 3356
"../../../Engine/Plugins/FX/Niagara/Content/Enums/Transforms/ENiagara_OffsetMode.uexp" 3357
"../../../Engine/Plugins/FX/Niagara/Content/Functions/System/SystemChangeState.uasset" 3358
"../../../Engine/Plugins/FX/Niagara/Content/Functions/System/SystemChangeState.uexp" 3359
"../../../Engine/Plugins/FX/Niagara/Content/Modules/System/SystemState.uasset" 3360
"../../../Engine/Plugins/FX/Niagara/Content/Modules/System/SystemState.uexp" 3361
"../../../Engine/Plugins/FX/Niagara/Content/Enums/Location/ENiagara_BoxPlaneMode.uasset" 3362
"../../../Engine/Plugins/FX/Niagara/Content/Enums/Location/ENiagara_BoxPlaneMode.uexp" 3363
"../../../Engine/Plugins/FX/Niagara/Content/Enums/Transforms/ENiagara_TransformOrder.uasset" 3364
"../../../Engine/Plugins/FX/Niagara/Content/Enums/Transforms/ENiagara_TransformOrder.uexp" 3365
"../../../Engine/Plugins/FX/Niagara/Content/Enums/Location/ENiagaraRingDiscMode.uasset" 3366
"../../../Engine/Plugins/FX/Niagara/Content/Enums/Location/ENiagaraRingDiscMode.uexp" 3367
"../../../Engine/Plugins/FX/Niagara/Content/DynamicInputs/ValueFromCurve/FloatFromCurve.uasset" 3368
"../../../Engine/Plugins/FX/Niagara/Content/DynamicInputs/ValueFromCurve/FloatFromCurve.uexp" 3369
"../../../Engine/Plugins/FX/Niagara/Content/Enums/ENiagaraShapeTorusMode.uasset" 3370
"../../../Engine/Plugins/FX/Niagara/Content/Enums/ENiagaraShapeTorusMode.uexp" 3371
"../../../Engine/Plugins/FX/Niagara/Content/Enums/ENiagaraExpansionMode.uasset" 3372
"../../../Engine/Plugins/FX/Niagara/Content/Enums/ENiagaraExpansionMode.uexp" 3373
"../../../Engine/Plugins/FX/Niagara/Content/Functions/Rotation/RotateVector2D.uasset" 3374
"../../../Engine/Plugins/FX/Niagara/Content/Functions/Rotation/RotateVector2D.uexp" 3375
"../../../Engine/Plugins/FX/Niagara/Content/Functions/V2/RemapRange.uasset" 3376
"../../../Engine/Plugins/FX/Niagara/Content/Functions/V2/RemapRange.uexp" 3377
"../../../Engine/Plugins/FX/Niagara/Content/Functions/IsolateLongestVectorComponent.uasset" 3378
"../../../Engine/Plugins/FX/Niagara/Content/Functions/IsolateLongestVectorComponent.uexp" 3379
"../../../Engine/Plugins/FX/Niagara/Content/Functions/RandomPointInBox.uasset" 3380
"../../../Engine/Plugins/FX/Niagara/Content/Functions/RandomPointInBox.uexp" 3381
"../../../Engine/Plugins/FX/Niagara/Content/Functions/ParametricTorusKnot.uasset" 3382
"../../../Engine/Plugins/FX/Niagara/Content/Functions/ParametricTorusKnot.uexp" 3383
"../../../Engine/Plugins/FX/Niagara/Content/Functions/PolarToCartesianCoordinates.uasset" 3384
"../../../Engine/Plugins/FX/Niagara/Content/Functions/PolarToCartesianCoordinates.uexp" 3385
"../../../Engine/Plugins/FX/Niagara/Content/Functions/ParametricTorus.uasset" 3386
"../../../Engine/Plugins/FX/Niagara/Content/Functions/ParametricTorus.uexp" 3387
"../../../Engine/Plugins/FX/Niagara/Content/Functions/Localspace/TransformPosition.uasset" 3388
"../../../Engine/Plugins/FX/Niagara/Content/Functions/Localspace/TransformPosition.uexp" 3389
"../../../Engine/Plugins/FX/Niagara/Content/Functions/NormalizedExecutionIndex.uasset" 3390
"../../../Engine/Plugins/FX/Niagara/Content/Functions/NormalizedExecutionIndex.uexp" 3391
"../../../Engine/Plugins/FX/Niagara/Content/Functions/SphericalToCartesianCoordinates.uasset" 3392
"../../../Engine/Plugins/FX/Niagara/Content/Functions/SphericalToCartesianCoordinates.uexp" 3393
"../../../Engine/Plugins/FX/Niagara/Content/Enums/Transforms/ENiagara_TransformType.uasset" 3394
"../../../Engine/Plugins/FX/Niagara/Content/Enums/Transforms/ENiagara_TransformType.uexp" 3395
"../../../Engine/Plugins/FX/Niagara/Content/Modules/Spawn/Location/V2/ShapeLocation.uasset" 3396
"../../../Engine/Plugins/FX/Niagara/Content/Modules/Spawn/Location/V2/ShapeLocation.uexp" 3397
"../../../Engine/Plugins/FX/Niagara/Content/Icons/Modules/T_Icon_Particle_InfiniteLife.uasset" 3398
"../../../Engine/Plugins/FX/Niagara/Content/Icons/Modules/T_Icon_Particle_InfiniteLife.uexp" 3399
"../../../Engine/Plugins/FX/Niagara/Content/Modules/Update/Lifetime/ParticleState.uasset" 3400
"../../../Engine/Plugins/FX/Niagara/Content/Modules/Update/Lifetime/ParticleState.uexp" 3401
"../../../Engine/Plugins/FX/Niagara/Content/Functions/ProjectVectorOnPlane.uasset" 3402
"../../../Engine/Plugins/FX/Niagara/Content/Functions/ProjectVectorOnPlane.uexp" 3403
"../../../Engine/Plugins/FX/Niagara/Content/Functions/CalculateRadiusFromSpriteSize.uasset" 3404
"../../../Engine/Plugins/FX/Niagara/Content/Functions/CalculateRadiusFromSpriteSize.uexp" 3405
"../../../Engine/Plugins/FX/Niagara/Content/Functions/ReflectVector.uasset" 3406
"../../../Engine/Plugins/FX/Niagara/Content/Functions/ReflectVector.uexp" 3407
"../../../Engine/Plugins/FX/Niagara/Content/Enums/ENiagara_Float4Channel.uasset" 3408
"../../../Engine/Plugins/FX/Niagara/Content/Enums/ENiagara_Float4Channel.uexp" 3409
"../../../Engine/Plugins/FX/Niagara/Content/Functions/Textures/CalculateA_VolumeTexturesDistanceFieldGradient.uasset" 3410
"../../../Engine/Plugins/FX/Niagara/Content/Functions/Textures/CalculateA_VolumeTexturesDistanceFieldGradient.uexp" 3411
"../../../Engine/Plugins/FX/Niagara/Content/Modules/Collision/NiagaraDistanceFieldCollisions.uasset" 3412
"../../../Engine/Plugins/FX/Niagara/Content/Modules/Collision/NiagaraDistanceFieldCollisions.uexp" 3413
"../../../Engine/Plugins/FX/Niagara/Content/Modules/Collision/SceneDepthTest.uasset" 3414
"../../../Engine/Plugins/FX/Niagara/Content/Modules/Collision/SceneDepthTest.uexp" 3415
"../../../Engine/Plugins/FX/Niagara/Content/Functions/Collision/PlaneSphereCollisionDetection.uasset" 3416
"../../../Engine/Plugins/FX/Niagara/Content/Functions/Collision/PlaneSphereCollisionDetection.uexp" 3417
"../../../Engine/Plugins/FX/Niagara/Content/Functions/Collision/RandomizeCollisionNormals.uasset" 3418
"../../../Engine/Plugins/FX/Niagara/Content/Functions/Collision/RandomizeCollisionNormals.uexp" 3419
"../../../Engine/Plugins/FX/Niagara/Content/Functions/Math/CentimeterMeterConversion.uasset" 3420
"../../../Engine/Plugins/FX/Niagara/Content/Functions/Math/CentimeterMeterConversion.uexp" 3421
"../../../Engine/Plugins/FX/Niagara/Content/Modules/Collision/CollisionQueryAndResponse.uasset" 3422
"../../../Engine/Plugins/FX/Niagara/Content/Modules/Collision/CollisionQueryAndResponse.uexp" 3423
"../../../Engine/Plugins/FX/Niagara/Content/Functions/Helpers/DoOnce_fn.uasset" 3424
"../../../Engine/Plugins/FX/Niagara/Content/Functions/Helpers/DoOnce_fn.uexp" 3425
"../../../Engine/Plugins/FX/Niagara/Content/Functions/CalculateMeshRadius.uasset" 3426
"../../../Engine/Plugins/FX/Niagara/Content/Functions/CalculateMeshRadius.uexp" 3427
"../../../Engine/Plugins/FX/Niagara/Content/Modules/Collision/Collision.uasset" 3428
"../../../Engine/Plugins/FX/Niagara/Content/Modules/Collision/Collision.uexp" 3429
"D:/GitHub/Feisty-Heisty/Feisty_Heisty/Content/_VFX/NS_Drip.uasset" 3430
"D:/GitHub/Feisty-Heisty/Feisty_Heisty/Content/_VFX/NS_Drip.uexp" 3431
"D:/GitHub/Feisty-Heisty/Feisty_Heisty/Content/PolygonTown/Meshes/Props/SM_Prop_Rug_03.ubulk" 3432
"D:/GitHub/Feisty-Heisty/Feisty_Heisty/Content/PolygonTown/Meshes/Props/SM_Prop_Rug_03.uasset" 3433
"D:/GitHub/Feisty-Heisty/Feisty_Heisty/Content/PolygonTown/Meshes/Props/SM_Prop_Rug_03.uexp" 3434
"D:/GitHub/Feisty-Heisty/Feisty_Heisty/Content/PolygonHeist/Meshes/Props/SM_Prop_Folder_03.ubulk" 3435
"D:/GitHub/Feisty-Heisty/Feisty_Heisty/Content/PolygonHeist/Meshes/Props/SM_Prop_Folder_03.uasset" 3436
"D:/GitHub/Feisty-Heisty/Feisty_Heisty/Content/PolygonHeist/Meshes/Props/SM_Prop_Folder_03.uexp" 3437
"D:/GitHub/Feisty-Heisty/Feisty_Heisty/Content/LPSDeluxe2TropicalEnvironment/LPSD2_Materials/Materials/Master_Color_Instances/MI_Color_Caramel_2.uasset" 3438
"D:/GitHub/Feisty-Heisty/Feisty_Heisty/Content/LPSDeluxe2TropicalEnvironment/LPSD2_Materials/Materials/Master_Color_Instances/MI_Color_Caramel_2.uexp" 3439
"D:/GitHub/Feisty-Heisty/Feisty_Heisty/Content/LPSDeluxe2TropicalEnvironment/LPSD2_Materials/Materials/Master_Color_Instances/MI_Metal_Copper.uasset" 3440
"D:/GitHub/Feisty-Heisty/Feisty_Heisty/Content/LPSDeluxe2TropicalEnvironment/LPSD2_Materials/Materials/Master_Color_Instances/MI_Metal_Copper.uexp" 3441
"D:/GitHub/Feisty-Heisty/Feisty_Heisty/Content/LPSDeluxe2TropicalEnvironment/LPSD2_Meshes/Pirate/SM_Chalice_1.ubulk" 3442
"D:/GitHub/Feisty-Heisty/Feisty_Heisty/Content/LPSDeluxe2TropicalEnvironment/LPSD2_Meshes/Pirate/SM_Chalice_1.uasset" 3443
"D:/GitHub/Feisty-Heisty/Feisty_Heisty/Content/LPSDeluxe2TropicalEnvironment/LPSD2_Meshes/Pirate/SM_Chalice_1.uexp" 3444
"D:/GitHub/Feisty-Heisty/Feisty_Heisty/Content/LPSDeluxe2TropicalEnvironment/LPSD2_Meshes/Pirate/SM_CaptainTable_1.ubulk" 3445
"D:/GitHub/Feisty-Heisty/Feisty_Heisty/Content/LPSDeluxe2TropicalEnvironment/LPSD2_Meshes/Pirate/SM_CaptainTable_1.uasset" 3446
"D:/GitHub/Feisty-Heisty/Feisty_Heisty/Content/LPSDeluxe2TropicalEnvironment/LPSD2_Meshes/Pirate/SM_CaptainTable_1.uexp" 3447
"D:/GitHub/Feisty-Heisty/Feisty_Heisty/Content/PolygonTown/Meshes/Props/SM_Prop_Fireplace_01.ubulk" 3448
"D:/GitHub/Feisty-Heisty/Feisty_Heisty/Content/PolygonTown/Meshes/Props/SM_Prop_Fireplace_01.uasset" 3449
"D:/GitHub/Feisty-Heisty/Feisty_Heisty/Content/PolygonTown/Meshes/Props/SM_Prop_Fireplace_01.uexp" 3450
"D:/GitHub/Feisty-Heisty/Feisty_Heisty/Content/_Blueprints/BP_Fireplace.uasset" 3451
"D:/GitHub/Feisty-Heisty/Feisty_Heisty/Content/_Blueprints/BP_Fireplace.uexp" 3452
"D:/GitHub/Feisty-Heisty/Feisty_Heisty/Content/PolygonHeist/Meshes/Environments/SM_Env_Wall_Interior_Ground_01.ubulk" 3453
"D:/GitHub/Feisty-Heisty/Feisty_Heisty/Content/PolygonHeist/Meshes/Environments/SM_Env_Wall_Interior_Ground_01.uasset" 3454
"D:/GitHub/Feisty-Heisty/Feisty_Heisty/Content/PolygonHeist/Meshes/Environments/SM_Env_Wall_Interior_Ground_01.uexp" 3455
"D:/GitHub/Feisty-Heisty/Feisty_Heisty/Content/PolygonHeist/Meshes/Props/SM_Prop_Jewellery_01.ubulk" 3456
"D:/GitHub/Feisty-Heisty/Feisty_Heisty/Content/PolygonHeist/Meshes/Props/SM_Prop_Jewellery_01.uasset" 3457
"D:/GitHub/Feisty-Heisty/Feisty_Heisty/Content/PolygonHeist/Meshes/Props/SM_Prop_Jewellery_01.uexp" 3458
"D:/GitHub/Feisty-Heisty/Feisty_Heisty/Content/PolygonTown/Materials/Rug.uasset" 3459
"D:/GitHub/Feisty-Heisty/Feisty_Heisty/Content/PolygonTown/Materials/Rug.uexp" 3460
"D:/GitHub/Feisty-Heisty/Feisty_Heisty/Content/PolygonHeist/Meshes/Props/SM_Prop_Jewellery_Necklace_02.ubulk" 3461
"D:/GitHub/Feisty-Heisty/Feisty_Heisty/Content/PolygonHeist/Meshes/Props/SM_Prop_Jewellery_Necklace_02.uasset" 3462
"D:/GitHub/Feisty-Heisty/Feisty_Heisty/Content/PolygonHeist/Meshes/Props/SM_Prop_Jewellery_Necklace_02.uexp" 3463
"D:/GitHub/Feisty-Heisty/Feisty_Heisty/Content/LPSDeluxe2TropicalEnvironment/LPSD2_Meshes/Treasure/SM_TreasureBar_1.ubulk" 3464
"D:/GitHub/Feisty-Heisty/Feisty_Heisty/Content/LPSDeluxe2TropicalEnvironment/LPSD2_Meshes/Treasure/SM_TreasureBar_1.uasset" 3465
"D:/GitHub/Feisty-Heisty/Feisty_Heisty/Content/LPSDeluxe2TropicalEnvironment/LPSD2_Meshes/Treasure/SM_TreasureBar_1.uexp" 3466
"D:/GitHub/Feisty-Heisty/Feisty_Heisty/Content/LPSDeluxe2TropicalEnvironment/LPSD2_Materials/Materials/Master_Color_Instances/MI_Color_Bamboo_2.uasset" 3467
"D:/GitHub/Feisty-Heisty/Feisty_Heisty/Content/LPSDeluxe2TropicalEnvironment/LPSD2_Materials/Materials/Master_Color_Instances/MI_Color_Bamboo_2.uexp" 3468
"D:/GitHub/Feisty-Heisty/Feisty_Heisty/Content/LPSDeluxe2TropicalEnvironment/LPSD2_Materials/Materials/Master_Color_Instances/MI_Color_BrownGlass.uasset" 3469
"D:/GitHub/Feisty-Heisty/Feisty_Heisty/Content/LPSDeluxe2TropicalEnvironment/LPSD2_Materials/Materials/Master_Color_Instances/MI_Color_BrownGlass.uexp" 3470
"D:/GitHub/Feisty-Heisty/Feisty_Heisty/Content/LPSDeluxe2TropicalEnvironment/LPSD2_Meshes/Pirate/SM_RumBottle_1.ubulk" 3471
"D:/GitHub/Feisty-Heisty/Feisty_Heisty/Content/LPSDeluxe2TropicalEnvironment/LPSD2_Meshes/Pirate/SM_RumBottle_1.uasset" 3472
"D:/GitHub/Feisty-Heisty/Feisty_Heisty/Content/LPSDeluxe2TropicalEnvironment/LPSD2_Meshes/Pirate/SM_RumBottle_1.uexp" 3473
"D:/GitHub/Feisty-Heisty/Feisty_Heisty/Content/Megascans/Decals/High_Velocity_Blood_Spatter_se1sfhkp/T_High_Velocity_Blood_Spatter_se1sfhkp_1K_D.ubulk" 3474
"D:/GitHub/Feisty-Heisty/Feisty_Heisty/Content/Megascans/Decals/High_Velocity_Blood_Spatter_se1sfhkp/T_High_Velocity_Blood_Spatter_se1sfhkp_1K_D.uasset" 3475
"D:/GitHub/Feisty-Heisty/Feisty_Heisty/Content/Megascans/Decals/High_Velocity_Blood_Spatter_se1sfhkp/T_High_Velocity_Blood_Spatter_se1sfhkp_1K_D.uexp" 3476
"D:/GitHub/Feisty-Heisty/Feisty_Heisty/Content/Megascans/Decals/High_Velocity_Blood_Spatter_se1sfhkp/T_HighVelocityBloodSpatter_se1sfhkp_1K_DpRA.ubulk" 3477
"D:/GitHub/Feisty-Heisty/Feisty_Heisty/Content/Megascans/Decals/High_Velocity_Blood_Spatter_se1sfhkp/T_HighVelocityBloodSpatter_se1sfhkp_1K_DpRA.uasset" 3478
"D:/GitHub/Feisty-Heisty/Feisty_Heisty/Content/Megascans/Decals/High_Velocity_Blood_Spatter_se1sfhkp/T_HighVelocityBloodSpatter_se1sfhkp_1K_DpRA.uexp" 3479
"D:/GitHub/Feisty-Heisty/Feisty_Heisty/Content/Megascans/Decals/High_Velocity_Blood_Spatter_se1sfhkp/T_High_Velocity_Blood_Spatter_se1sfhkp_1K_N.ubulk" 3480
"D:/GitHub/Feisty-Heisty/Feisty_Heisty/Content/Megascans/Decals/High_Velocity_Blood_Spatter_se1sfhkp/T_High_Velocity_Blood_Spatter_se1sfhkp_1K_N.uasset" 3481
"D:/GitHub/Feisty-Heisty/Feisty_Heisty/Content/Megascans/Decals/High_Velocity_Blood_Spatter_se1sfhkp/T_High_Velocity_Blood_Spatter_se1sfhkp_1K_N.uexp" 3482
"../../../Engine/Content/EngineMaterials/BlendFunc_DefBlend.uasset" 3483
"../../../Engine/Content/EngineMaterials/BlendFunc_DefBlend.uexp" 3484
"../../../Engine/Content/EngineMaterials/BlendFunc_DefBase.uasset" 3485
"../../../Engine/Content/EngineMaterials/BlendFunc_DefBase.uexp" 3486
"../../../Engine/Content/Functions/Engine_MaterialFunctions03/Blends/Blend_Overlay.uasset" 3487
"../../../Engine/Content/Functions/Engine_MaterialFunctions03/Blends/Blend_Overlay.uexp" 3488
"../../../Engine/Content/Functions/Engine_MaterialFunctions01/Texturing/FlattenNormal.uasset" 3489
"../../../Engine/Content/Functions/Engine_MaterialFunctions01/Texturing/FlattenNormal.uexp" 3490
"../../../Engine/Plugins/Bridge/Content/MSPresets/MSTextures/WhitePlaceholder.uasset" 3491
"../../../Engine/Plugins/Bridge/Content/MSPresets/MSTextures/WhitePlaceholder.uexp" 3492
"../../../Engine/Content/EngineMaterials/DefaultNormal.ubulk" 3493
"../../../Engine/Content/EngineMaterials/DefaultNormal.uasset" 3494
"../../../Engine/Content/EngineMaterials/DefaultNormal.uexp" 3495
"../../../Engine/Content/Functions/Engine_MaterialFunctions02/Math/CreateThirdOrthogonalVector.uasset" 3496
"../../../Engine/Content/Functions/Engine_MaterialFunctions02/Math/CreateThirdOrthogonalVector.uexp" 3497
"../../../Engine/Content/Functions/Engine_MaterialFunctions02/Math/InverseTransformMatrix.uasset" 3498
"../../../Engine/Content/Functions/Engine_MaterialFunctions02/Math/InverseTransformMatrix.uexp" 3499
"../../../Engine/Content/Functions/Engine_MaterialFunctions02/Math/TransformToZVector.uasset" 3500
"../../../Engine/Content/Functions/Engine_MaterialFunctions02/Math/TransformToZVector.uexp" 3501
"../../../Engine/Content/EngineVolumetrics/Fogsheet/Materials/T_EV_BlankWhite_01.uasset" 3502
"../../../Engine/Content/EngineVolumetrics/Fogsheet/Materials/T_EV_BlankWhite_01.uexp" 3503
"../../../Engine/Plugins/Bridge/Content/MSPresets/M_MS_Decal_Material/MF_QuixelDecalPOM.uasset" 3504
"../../../Engine/Plugins/Bridge/Content/MSPresets/M_MS_Decal_Material/MF_QuixelDecalPOM.uexp" 3505
"../../../Engine/Plugins/Bridge/Content/MSPresets/MSTextures/BlackPlaceholder.uasset" 3506
"../../../Engine/Plugins/Bridge/Content/MSPresets/MSTextures/BlackPlaceholder.uexp" 3507
"D:/GitHub/Feisty-Heisty/Feisty_Heisty/Content/MSPresets/M_MS_Decal_Material/M_MS_Decal_Material.uasset" 3508
"D:/GitHub/Feisty-Heisty/Feisty_Heisty/Content/MSPresets/M_MS_Decal_Material/M_MS_Decal_Material.uexp" 3509
"D:/GitHub/Feisty-Heisty/Feisty_Heisty/Content/Megascans/Decals/High_Velocity_Blood_Spatter_se1sfhkp/MI_High_Velocity_Blood_Spatter_se1sfhkp_1K.uasset" 3510
"D:/GitHub/Feisty-Heisty/Feisty_Heisty/Content/Megascans/Decals/High_Velocity_Blood_Spatter_se1sfhkp/MI_High_Velocity_Blood_Spatter_se1sfhkp_1K.uexp" 3511
"D:/GitHub/Feisty-Heisty/Feisty_Heisty/Content/_Maps/MainMenu.uexp" 3512
"D:/GitHub/Feisty-Heisty/Feisty_Heisty/Content/_Maps/MainMenu.umap" 3513
"D:/GitHub/Feisty-Heisty/Feisty_Heisty/Content/_Fonts/LEMONMILK-Regular_Font.uasset" 3514
"D:/GitHub/Feisty-Heisty/Feisty_Heisty/Content/_Fonts/LEMONMILK-Regular_Font.uexp" 3515
"D:/GitHub/Feisty-Heisty/Feisty_Heisty/Content/PolygonCity/Textures/T_PolygonCity_Texture_03_C.ubulk" 3516
"D:/GitHub/Feisty-Heisty/Feisty_Heisty/Content/PolygonCity/Textures/T_PolygonCity_Texture_03_C.uasset" 3517
"D:/GitHub/Feisty-Heisty/Feisty_Heisty/Content/PolygonCity/Textures/T_PolygonCity_Texture_03_C.uexp" 3518
"D:/GitHub/Feisty-Heisty/Feisty_Heisty/Content/PolygonCity/Materials/Mat_PolygonCity_Texture_03_C.uasset" 3519
"D:/GitHub/Feisty-Heisty/Feisty_Heisty/Content/PolygonCity/Materials/Mat_PolygonCity_Texture_03_C.uexp" 3520
"D:/GitHub/Feisty-Heisty/Feisty_Heisty/Content/_LevelSequence/IntroSequence.uasset" 3521
"D:/GitHub/Feisty-Heisty/Feisty_Heisty/Content/_LevelSequence/IntroSequence.uexp" 3522
"D:/GitHub/Feisty-Heisty/Feisty_Heisty/Content/_Materials/M_Cone.uasset" 3523
"D:/GitHub/Feisty-Heisty/Feisty_Heisty/Content/_Materials/M_Cone.uexp" 3524
"D:/GitHub/Feisty-Heisty/Feisty_Heisty/Content/_Materials/M_Cone_Inst.uasset" 3525
"D:/GitHub/Feisty-Heisty/Feisty_Heisty/Content/_Materials/M_Cone_Inst.uexp" 3526
"D:/GitHub/Feisty-Heisty/Feisty_Heisty/Content/PolygonHeist/Meshes/Characters/SK_Character_Male_SWAT_01_PhysicsAsset.uasset" 3527
"D:/GitHub/Feisty-Heisty/Feisty_Heisty/Content/PolygonHeist/Meshes/Characters/SK_Character_Male_SWAT_01_PhysicsAsset.uexp" 3528
"D:/GitHub/Feisty-Heisty/Feisty_Heisty/Content/PolygonHeist/Materials/Mat_PolygonHeist_Swat_Goggles.uasset" 3529
"D:/GitHub/Feisty-Heisty/Feisty_Heisty/Content/PolygonHeist/Materials/Mat_PolygonHeist_Swat_Goggles.uexp" 3530
"D:/GitHub/Feisty-Heisty/Feisty_Heisty/Content/PolygonHeist/Meshes/Characters/SK_Character_Male_SWAT_01.uasset" 3531
"D:/GitHub/Feisty-Heisty/Feisty_Heisty/Content/PolygonHeist/Meshes/Characters/SK_Character_Male_SWAT_01.uexp" 3532
"../../../Engine/Content/EditorBlueprintResources/StandardMacros.uasset" 3533
"../../../Engine/Content/EditorBlueprintResources/StandardMacros.uexp" 3534
"D:/GitHub/Feisty-Heisty/Feisty_Heisty/Content/_Blueprints/BP_AI.uasset" 3535
"D:/GitHub/Feisty-Heisty/Feisty_Heisty/Content/_Blueprints/BP_AI.uexp" 3536
"D:/GitHub/Feisty-Heisty/Feisty_Heisty/Content/_Materials/OcclusionRender_PP.uasset" 3537
"D:/GitHub/Feisty-Heisty/Feisty_Heisty/Content/_Materials/OcclusionRender_PP.uexp" 3538
"D:/GitHub/Feisty-Heisty/Feisty_Heisty/Content/PolygonCity/Meshes/Environments/SM_Env_Tree_03.ubulk" 3539
"D:/GitHub/Feisty-Heisty/Feisty_Heisty/Content/PolygonCity/Meshes/Environments/SM_Env_Tree_03.uasset" 3540
"D:/GitHub/Feisty-Heisty/Feisty_Heisty/Content/PolygonCity/Meshes/Environments/SM_Env_Tree_03.uexp" 3541
"D:/GitHub/Feisty-Heisty/Feisty_Heisty/Content/PolygonCity/Materials/Mat_PolygonCity_Texture_02_A.uasset" 3542
"D:/GitHub/Feisty-Heisty/Feisty_Heisty/Content/PolygonCity/Materials/Mat_PolygonCity_Texture_02_A.uexp" 3543
"D:/GitHub/Feisty-Heisty/Feisty_Heisty/Content/_Maps/_GENERATED/luke/CubeGridToolOutput_8CC03949.ubulk" 3544
"D:/GitHub/Feisty-Heisty/Feisty_Heisty/Content/_Maps/_GENERATED/luke/CubeGridToolOutput_8CC03949.uasset" 3545
"D:/GitHub/Feisty-Heisty/Feisty_Heisty/Content/_Maps/_GENERATED/luke/CubeGridToolOutput_8CC03949.uexp" 3546
"../../../Engine/Content/OpenWorldTemplate/LandscapeMaterial/T_GridChecker_A.ubulk" 3547
"../../../Engine/Content/OpenWorldTemplate/LandscapeMaterial/T_GridChecker_A.uasset" 3548
"../../../Engine/Content/OpenWorldTemplate/LandscapeMaterial/T_GridChecker_A.uexp" 3549
"../../../Engine/Content/OpenWorldTemplate/LandscapeMaterial/MF_ProcGrid.uasset" 3550
"../../../Engine/Content/OpenWorldTemplate/LandscapeMaterial/MF_ProcGrid.uexp" 3551
"../../../Engine/Content/OpenWorldTemplate/LandscapeMaterial/M_ProcGrid.uasset" 3552
"../../../Engine/Content/OpenWorldTemplate/LandscapeMaterial/M_ProcGrid.uexp" 3553
"../../../Engine/Content/OpenWorldTemplate/LandscapeMaterial/MI_ProcGrid.uasset" 3554
"../../../Engine/Content/OpenWorldTemplate/LandscapeMaterial/MI_ProcGrid.uexp" 3555
"D:/GitHub/Feisty-Heisty/Feisty_Heisty/Content/PolygonCity/Meshes/Vehicles_Rigged/SK_Veh_Car_Van_01_PhysicsAsset.uasset" 3556
"D:/GitHub/Feisty-Heisty/Feisty_Heisty/Content/PolygonCity/Meshes/Vehicles_Rigged/SK_Veh_Car_Van_01_PhysicsAsset.uexp" 3557
"D:/GitHub/Feisty-Heisty/Feisty_Heisty/Content/PolygonCity/Meshes/Vehicles_Rigged/SK_Veh_Car_Van_01_Skeleton.uasset" 3558
"D:/GitHub/Feisty-Heisty/Feisty_Heisty/Content/PolygonCity/Meshes/Vehicles_Rigged/SK_Veh_Car_Van_01_Skeleton.uexp" 3559
"D:/GitHub/Feisty-Heisty/Feisty_Heisty/Content/PolygonCity/Meshes/Vehicles_Rigged/SK_Veh_Car_Van_01.uasset" 3560
"D:/GitHub/Feisty-Heisty/Feisty_Heisty/Content/PolygonCity/Meshes/Vehicles_Rigged/SK_Veh_Car_Van_01.uexp" 3561
"../../../Engine/Content/EngineSky/C_Sky_Horizon_Color.uasset" 3562
"../../../Engine/Content/EngineSky/C_Sky_Horizon_Color.uexp" 3563
"../../../Engine/Content/EngineSky/T_Sky_Stars.ubulk" 3564
"../../../Engine/Content/EngineSky/T_Sky_Stars.uasset" 3565
"../../../Engine/Content/EngineSky/T_Sky_Stars.uexp" 3566
"../../../Engine/Content/EngineSky/T_Sky_Clouds_M.ubulk" 3567
"../../../Engine/Content/EngineSky/T_Sky_Clouds_M.uasset" 3568
"../../../Engine/Content/EngineSky/T_Sky_Clouds_M.uexp" 3569
"../../../Engine/Content/EngineSky/T_Sky_Blue.ubulk" 3570
"../../../Engine/Content/EngineSky/T_Sky_Blue.uasset" 3571
"../../../Engine/Content/EngineSky/T_Sky_Blue.uexp" 3572
"../../../Engine/Content/EngineSky/M_Sky_Panning_Clouds2.uasset" 3573
"../../../Engine/Content/EngineSky/M_Sky_Panning_Clouds2.uexp" 3574
"../../../Engine/Content/EngineSky/SM_SkySphere.ubulk" 3575
"../../../Engine/Content/EngineSky/SM_SkySphere.uasset" 3576
"../../../Engine/Content/EngineSky/SM_SkySphere.uexp" 3577
"../../../Engine/Content/EngineSky/C_Sky_Cloud_Color.uasset" 3578
"../../../Engine/Content/EngineSky/C_Sky_Cloud_Color.uexp" 3579
"../../../Engine/Content/EngineSky/C_Sky_Zenith_Color.uasset" 3580
"../../../Engine/Content/EngineSky/C_Sky_Zenith_Color.uexp" 3581
"../../../Engine/Content/EngineSky/BP_Sky_Sphere.uasset" 3582
"../../../Engine/Content/EngineSky/BP_Sky_Sphere.uexp" 3583
"D:/GitHub/Feisty-Heisty/Feisty_Heisty/Content/_Materials/M_Wire.uasset" 3584
"D:/GitHub/Feisty-Heisty/Feisty_Heisty/Content/_Materials/M_Wire.uexp" 3585
"D:/GitHub/Feisty-Heisty/Feisty_Heisty/Content/_Materials/M_Wire_Inst.uasset" 3586
"D:/GitHub/Feisty-Heisty/Feisty_Heisty/Content/_Materials/M_Wire_Inst.uexp" 3587
"../../../Engine/Content/BasicShapes/Cube.ubulk" 3588
"../../../Engine/Content/BasicShapes/Cube.uasset" 3589
"../../../Engine/Content/BasicShapes/Cube.uexp" 3590
"D:/GitHub/Feisty-Heisty/Feisty_Heisty/Content/_Sounds/Doors/Vault_Edited.ubulk" 3591
"D:/GitHub/Feisty-Heisty/Feisty_Heisty/Content/_Sounds/Doors/Vault_Edited.uasset" 3592
"D:/GitHub/Feisty-Heisty/Feisty_Heisty/Content/_Sounds/Doors/Vault_Edited.uexp" 3593
"../../../Engine/Content/BasicShapes/BasicShapeMaterial.uasset" 3594
"../../../Engine/Content/BasicShapes/BasicShapeMaterial.uexp" 3595
"D:/GitHub/Feisty-Heisty/Feisty_Heisty/Content/_Blueprints/BP_Gate.uasset" 3596
"D:/GitHub/Feisty-Heisty/Feisty_Heisty/Content/_Blueprints/BP_Gate.uexp" 3597
"D:/GitHub/Feisty-Heisty/Feisty_Heisty/Content/_Music/Songs/Ambient_Noise_1.ubulk" 3598
"D:/GitHub/Feisty-Heisty/Feisty_Heisty/Content/_Music/Songs/Ambient_Noise_1.uasset" 3599
"D:/GitHub/Feisty-Heisty/Feisty_Heisty/Content/_Music/Songs/Ambient_Noise_1.uexp" 3600
"D:/GitHub/Feisty-Heisty/Feisty_Heisty/Content/_Models/LineSegmentCylinder.ubulk" 3601
"D:/GitHub/Feisty-Heisty/Feisty_Heisty/Content/_Models/LineSegmentCylinder.uasset" 3602
"D:/GitHub/Feisty-Heisty/Feisty_Heisty/Content/_Models/LineSegmentCylinder.uexp" 3603
"D:/GitHub/Feisty-Heisty/Feisty_Heisty/Content/PolygonCity/Meshes/Buildings/SM_Bld_Shop_02.ubulk" 3604
"D:/GitHub/Feisty-Heisty/Feisty_Heisty/Content/PolygonCity/Meshes/Buildings/SM_Bld_Shop_02.uasset" 3605
"D:/GitHub/Feisty-Heisty/Feisty_Heisty/Content/PolygonCity/Meshes/Buildings/SM_Bld_Shop_02.uexp" 3606
"D:/GitHub/Feisty-Heisty/Feisty_Heisty/Content/PolygonCity/Meshes/Props/SM_Prop_Cone_02.ubulk" 3607
"D:/GitHub/Feisty-Heisty/Feisty_Heisty/Content/PolygonCity/Meshes/Props/SM_Prop_Cone_02.uasset" 3608
"D:/GitHub/Feisty-Heisty/Feisty_Heisty/Content/PolygonCity/Meshes/Props/SM_Prop_Cone_02.uexp" 3609
"D:/GitHub/Feisty-Heisty/Feisty_Heisty/Content/_Sounds/Loot/Coins.ubulk" 3610
"D:/GitHub/Feisty-Heisty/Feisty_Heisty/Content/_Sounds/Loot/Coins.uasset" 3611
"D:/GitHub/Feisty-Heisty/Feisty_Heisty/Content/_Sounds/Loot/Coins.uexp" 3612
"D:/GitHub/Feisty-Heisty/Feisty_Heisty/Content/_Blueprints/BP_Loot.uasset" 3613
"D:/GitHub/Feisty-Heisty/Feisty_Heisty/Content/_Blueprints/BP_Loot.uexp" 3614
"../../../Engine/Content/MapTemplates/SM_Template_Map_Floor.ubulk" 3615
"../../../Engine/Content/MapTemplates/SM_Template_Map_Floor.uasset" 3616
"../../../Engine/Content/MapTemplates/SM_Template_Map_Floor.uexp" 3617
"D:/GitHub/Feisty-Heisty/Feisty_Heisty/Content/_Fonts/LM_Font.uasset" 3618
"D:/GitHub/Feisty-Heisty/Feisty_Heisty/Content/_Fonts/LM_Font.uexp" 3619
"D:/GitHub/Feisty-Heisty/Feisty_Heisty/Content/PolygonCity/Textures/T_PolygonCity_Texture_01_B.ubulk" 3620
"D:/GitHub/Feisty-Heisty/Feisty_Heisty/Content/PolygonCity/Textures/T_PolygonCity_Texture_01_B.uasset" 3621
"D:/GitHub/Feisty-Heisty/Feisty_Heisty/Content/PolygonCity/Textures/T_PolygonCity_Texture_01_B.uexp" 3622
"D:/GitHub/Feisty-Heisty/Feisty_Heisty/Content/PolygonCity/Materials/Mat_PolygonCity_Texture_01_B.uasset" 3623
"D:/GitHub/Feisty-Heisty/Feisty_Heisty/Content/PolygonCity/Materials/Mat_PolygonCity_Texture_01_B.uexp" 3624
"D:/GitHub/Feisty-Heisty/Feisty_Heisty/Content/_Sounds/Battery/Battery_In_Out_Edited.ubulk" 3625
"D:/GitHub/Feisty-Heisty/Feisty_Heisty/Content/_Sounds/Battery/Battery_In_Out_Edited.uasset" 3626
"D:/GitHub/Feisty-Heisty/Feisty_Heisty/Content/_Sounds/Battery/Battery_In_Out_Edited.uexp" 3627
"D:/GitHub/Feisty-Heisty/Feisty_Heisty/Content/_Models/Alarm/Glass.uasset" 3628
"D:/GitHub/Feisty-Heisty/Feisty_Heisty/Content/_Models/Alarm/Glass.uexp" 3629
"D:/GitHub/Feisty-Heisty/Feisty_Heisty/Content/_Models/Alarm/Bar.uasset" 3630
"D:/GitHub/Feisty-Heisty/Feisty_Heisty/Content/_Models/Alarm/Bar.uexp" 3631
"D:/GitHub/Feisty-Heisty/Feisty_Heisty/Content/_Models/Alarm/Alarm.ubulk" 3632
"D:/GitHub/Feisty-Heisty/Feisty_Heisty/Content/_Models/Alarm/Alarm.uasset" 3633
"D:/GitHub/Feisty-Heisty/Feisty_Heisty/Content/_Models/Alarm/Alarm.uexp" 3634
"D:/GitHub/Feisty-Heisty/Feisty_Heisty/Content/_Blueprints/BP_Alarm.uasset" 3635
"D:/GitHub/Feisty-Heisty/Feisty_Heisty/Content/_Blueprints/BP_Alarm.uexp" 3636
"D:/GitHub/Feisty-Heisty/Feisty_Heisty/Content/_Models/Battery/M_BatteryHolder.uasset" 3637
"D:/GitHub/Feisty-Heisty/Feisty_Heisty/Content/_Models/Battery/M_BatteryHolder.uexp" 3638
"D:/GitHub/Feisty-Heisty/Feisty_Heisty/Content/_UI/UI_Hack.uasset" 3639
"D:/GitHub/Feisty-Heisty/Feisty_Heisty/Content/_UI/UI_Hack.uexp" 3640
"D:/GitHub/Feisty-Heisty/Feisty_Heisty/Content/_Sounds/Hacking/Complete/Hack_Complete_2.ubulk" 3641
"D:/GitHub/Feisty-Heisty/Feisty_Heisty/Content/_Sounds/Hacking/Complete/Hack_Complete_2.uasset" 3642
"D:/GitHub/Feisty-Heisty/Feisty_Heisty/Content/_Sounds/Hacking/Complete/Hack_Complete_2.uexp" 3643
"D:/GitHub/Feisty-Heisty/Feisty_Heisty/Content/PolygonHeist/Meshes/Props/SM_Prop_Computer_Screen_01.ubulk" 3644
"D:/GitHub/Feisty-Heisty/Feisty_Heisty/Content/PolygonHeist/Meshes/Props/SM_Prop_Computer_Screen_01.uasset" 3645
"D:/GitHub/Feisty-Heisty/Feisty_Heisty/Content/PolygonHeist/Meshes/Props/SM_Prop_Computer_Screen_01.uexp" 3646
"D:/GitHub/Feisty-Heisty/Feisty_Heisty/Content/_Blueprints/BP_WireSpline.uasset" 3647
"D:/GitHub/Feisty-Heisty/Feisty_Heisty/Content/_Blueprints/BP_WireSpline.uexp" 3648
"D:/GitHub/Feisty-Heisty/Feisty_Heisty/Content/_Blueprints/BP_Computer.uasset" 3649
"D:/GitHub/Feisty-Heisty/Feisty_Heisty/Content/_Blueprints/BP_Computer.uexp" 3650
"D:/GitHub/Feisty-Heisty/Feisty_Heisty/Content/_Models/Battery/BatteryHolder.ubulk" 3651
"D:/GitHub/Feisty-Heisty/Feisty_Heisty/Content/_Models/Battery/BatteryHolder.uasset" 3652
"D:/GitHub/Feisty-Heisty/Feisty_Heisty/Content/_Models/Battery/BatteryHolder.uexp" 3653
"D:/GitHub/Feisty-Heisty/Feisty_Heisty/Content/_Blueprints/Battery.uasset" 3654
"D:/GitHub/Feisty-Heisty/Feisty_Heisty/Content/_Blueprints/Battery.uexp" 3655
"D:/GitHub/Feisty-Heisty/Feisty_Heisty/Content/PolygonCity/Meshes/Vehicles_Rigged/SK_Veh_Car_Medium_01_PhysicsAsset.uasset" 3656
"D:/GitHub/Feisty-Heisty/Feisty_Heisty/Content/PolygonCity/Meshes/Vehicles_Rigged/SK_Veh_Car_Medium_01_PhysicsAsset.uexp" 3657
"D:/GitHub/Feisty-Heisty/Feisty_Heisty/Content/PolygonCity/Meshes/Vehicles_Rigged/SK_Veh_Car_Medium_01_Skeleton.uasset" 3658
"D:/GitHub/Feisty-Heisty/Feisty_Heisty/Content/PolygonCity/Meshes/Vehicles_Rigged/SK_Veh_Car_Medium_01_Skeleton.uexp" 3659
"D:/GitHub/Feisty-Heisty/Feisty_Heisty/Content/PolygonCity/Meshes/Vehicles_Rigged/SK_Veh_Car_Medium_01.uasset" 3660
"D:/GitHub/Feisty-Heisty/Feisty_Heisty/Content/PolygonCity/Meshes/Vehicles_Rigged/SK_Veh_Car_Medium_01.uexp" 3661
"D:/GitHub/Feisty-Heisty/Feisty_Heisty/Content/PolygonCity/Materials/Mat_PolygonCity_Texture_01_A_Emissive.uasset" 3662
"D:/GitHub/Feisty-Heisty/Feisty_Heisty/Content/PolygonCity/Materials/Mat_PolygonCity_Texture_01_A_Emissive.uexp" 3663
"D:/GitHub/Feisty-Heisty/Feisty_Heisty/Content/PolygonHeist/Meshes/Props/SM_Prop_Camera_Head_01.ubulk" 3664
"D:/GitHub/Feisty-Heisty/Feisty_Heisty/Content/PolygonHeist/Meshes/Props/SM_Prop_Camera_Head_01.uasset" 3665
"D:/GitHub/Feisty-Heisty/Feisty_Heisty/Content/PolygonHeist/Meshes/Props/SM_Prop_Camera_Head_01.uexp" 3666
"D:/GitHub/Feisty-Heisty/Feisty_Heisty/Content/_Blueprints/BP_Camera.uasset" 3667
"D:/GitHub/Feisty-Heisty/Feisty_Heisty/Content/_Blueprints/BP_Camera.uexp" 3668
"D:/GitHub/Feisty-Heisty/Feisty_Heisty/Content/PolygonCity/Meshes/Vehicles_Rigged/SK_Veh_Car_Muscle_01_PhysicsAsset.uasset" 3669
"D:/GitHub/Feisty-Heisty/Feisty_Heisty/Content/PolygonCity/Meshes/Vehicles_Rigged/SK_Veh_Car_Muscle_01_PhysicsAsset.uexp" 3670
"D:/GitHub/Feisty-Heisty/Feisty_Heisty/Content/PolygonCity/Meshes/Vehicles_Rigged/SK_Veh_Car_Muscle_01_Skeleton.uasset" 3671
"D:/GitHub/Feisty-Heisty/Feisty_Heisty/Content/PolygonCity/Meshes/Vehicles_Rigged/SK_Veh_Car_Muscle_01_Skeleton.uexp" 3672
"D:/GitHub/Feisty-Heisty/Feisty_Heisty/Content/PolygonCity/Meshes/Vehicles_Rigged/SK_Veh_Car_Muscle_01.uasset" 3673
"D:/GitHub/Feisty-Heisty/Feisty_Heisty/Content/PolygonCity/Meshes/Vehicles_Rigged/SK_Veh_Car_Muscle_01.uexp" 3674
"D:/GitHub/Feisty-Heisty/Feisty_Heisty/Content/_Maps/_GENERATED/User/CubeGridToolOutput_E3F589E1.ubulk" 3675
"D:/GitHub/Feisty-Heisty/Feisty_Heisty/Content/_Maps/_GENERATED/User/CubeGridToolOutput_E3F589E1.uasset" 3676
"D:/GitHub/Feisty-Heisty/Feisty_Heisty/Content/_Maps/_GENERATED/User/CubeGridToolOutput_E3F589E1.uexp" 3677
"D:/GitHub/Feisty-Heisty/Feisty_Heisty/Content/PolygonCity/Meshes/Vehicles_Rigged/SK_Veh_Car_Police_01_PhysicsAsset.uasset" 3678
"D:/GitHub/Feisty-Heisty/Feisty_Heisty/Content/PolygonCity/Meshes/Vehicles_Rigged/SK_Veh_Car_Police_01_PhysicsAsset.uexp" 3679
"D:/GitHub/Feisty-Heisty/Feisty_Heisty/Content/PolygonCity/Meshes/Vehicles_Rigged/SK_Veh_Car_Police_01_Skeleton.uasset" 3680
"D:/GitHub/Feisty-Heisty/Feisty_Heisty/Content/PolygonCity/Meshes/Vehicles_Rigged/SK_Veh_Car_Police_01_Skeleton.uexp" 3681
"D:/GitHub/Feisty-Heisty/Feisty_Heisty/Content/PolygonCity/Meshes/Vehicles_Rigged/SK_Veh_Car_Police_01.uasset" 3682
"D:/GitHub/Feisty-Heisty/Feisty_Heisty/Content/PolygonCity/Meshes/Vehicles_Rigged/SK_Veh_Car_Police_01.uexp" 3683
"D:/GitHub/Feisty-Heisty/Feisty_Heisty/Content/_UI/UI_Score.uasset" 3684
"D:/GitHub/Feisty-Heisty/Feisty_Heisty/Content/_UI/UI_Score.uexp" 3685
"D:/GitHub/Feisty-Heisty/Feisty_Heisty/Content/_Maps/_GENERATED/luke/CubeGridToolOutput_E8997791.ubulk" 3686
"D:/GitHub/Feisty-Heisty/Feisty_Heisty/Content/_Maps/_GENERATED/luke/CubeGridToolOutput_E8997791.uasset" 3687
"D:/GitHub/Feisty-Heisty/Feisty_Heisty/Content/_Maps/_GENERATED/luke/CubeGridToolOutput_E8997791.uexp" 3688
"D:/GitHub/Feisty-Heisty/Feisty_Heisty/Content/PolygonCity/Meshes/Vehicles_Rigged/SK_Veh_Car_Small_01_PhysicsAsset.uasset" 3689
"D:/GitHub/Feisty-Heisty/Feisty_Heisty/Content/PolygonCity/Meshes/Vehicles_Rigged/SK_Veh_Car_Small_01_PhysicsAsset.uexp" 3690
"D:/GitHub/Feisty-Heisty/Feisty_Heisty/Content/PolygonCity/Meshes/Vehicles_Rigged/SK_Veh_Car_Small_01_Skeleton.uasset" 3691
"D:/GitHub/Feisty-Heisty/Feisty_Heisty/Content/PolygonCity/Meshes/Vehicles_Rigged/SK_Veh_Car_Small_01_Skeleton.uexp" 3692
"D:/GitHub/Feisty-Heisty/Feisty_Heisty/Content/PolygonCity/Meshes/Vehicles_Rigged/SK_Veh_Car_Small_01.uasset" 3693
"D:/GitHub/Feisty-Heisty/Feisty_Heisty/Content/PolygonCity/Meshes/Vehicles_Rigged/SK_Veh_Car_Small_01.uexp" 3694
"D:/GitHub/Feisty-Heisty/Feisty_Heisty/Content/_Maps/_GENERATED/luke/CubeGridToolOutput_C10FF047.ubulk" 3695
"D:/GitHub/Feisty-Heisty/Feisty_Heisty/Content/_Maps/_GENERATED/luke/CubeGridToolOutput_C10FF047.uasset" 3696
"D:/GitHub/Feisty-Heisty/Feisty_Heisty/Content/_Maps/_GENERATED/luke/CubeGridToolOutput_C10FF047.uexp" 3697
"D:/GitHub/Feisty-Heisty/Feisty_Heisty/Content/_Blueprints/BP_LoadLevel.uasset" 3698
"D:/GitHub/Feisty-Heisty/Feisty_Heisty/Content/_Blueprints/BP_LoadLevel.uexp" 3699
"D:/GitHub/Feisty-Heisty/Feisty_Heisty/Content/_Maps/Level1.uexp" 3700
"D:/GitHub/Feisty-Heisty/Feisty_Heisty/Content/_Maps/Level1.umap" 3701
"D:/GitHub/Feisty-Heisty/Feisty_Heisty/Content/PolygonCity/Meshes/Environments/SM_Env_Sidewalk_Dip_01.ubulk" 3702
"D:/GitHub/Feisty-Heisty/Feisty_Heisty/Content/PolygonCity/Meshes/Environments/SM_Env_Sidewalk_Dip_01.uasset" 3703
"D:/GitHub/Feisty-Heisty/Feisty_Heisty/Content/PolygonCity/Meshes/Environments/SM_Env_Sidewalk_Dip_01.uexp" 3704
"D:/GitHub/Feisty-Heisty/Feisty_Heisty/Content/PolygonCity/Meshes/Environments/SM_Env_Road_Bare_01.ubulk" 3705
"D:/GitHub/Feisty-Heisty/Feisty_Heisty/Content/PolygonCity/Meshes/Environments/SM_Env_Road_Bare_01.uasset" 3706
"D:/GitHub/Feisty-Heisty/Feisty_Heisty/Content/PolygonCity/Meshes/Environments/SM_Env_Road_Bare_01.uexp" 3707
"D:/GitHub/Feisty-Heisty/Feisty_Heisty/Content/PolygonHeist/Textures/T_PolygonHeist_03_A.ubulk" 3708
"D:/GitHub/Feisty-Heisty/Feisty_Heisty/Content/PolygonHeist/Textures/T_PolygonHeist_03_A.uasset" 3709
"D:/GitHub/Feisty-Heisty/Feisty_Heisty/Content/PolygonHeist/Textures/T_PolygonHeist_03_A.uexp" 3710
"D:/GitHub/Feisty-Heisty/Feisty_Heisty/Content/PolygonHeist/Materials/Mat_PolygonHeist_03_A.uasset" 3711
"D:/GitHub/Feisty-Heisty/Feisty_Heisty/Content/PolygonHeist/Materials/Mat_PolygonHeist_03_A.uexp" 3712
"D:/GitHub/Feisty-Heisty/Feisty_Heisty/Content/PolygonHeist/Meshes/Props/SM_Prop_Sign_Money_Bank_01.ubulk" 3713
"D:/GitHub/Feisty-Heisty/Feisty_Heisty/Content/PolygonHeist/Meshes/Props/SM_Prop_Sign_Money_Bank_01.uasset" 3714
"D:/GitHub/Feisty-Heisty/Feisty_Heisty/Content/PolygonHeist/Meshes/Props/SM_Prop_Sign_Money_Bank_01.uexp" 3715
"D:/GitHub/Feisty-Heisty/Feisty_Heisty/Content/PolygonCity/Meshes/Environments/SM_Env_Road_Arrow_01.ubulk" 3716
"D:/GitHub/Feisty-Heisty/Feisty_Heisty/Content/PolygonCity/Meshes/Environments/SM_Env_Road_Arrow_01.uasset" 3717
"D:/GitHub/Feisty-Heisty/Feisty_Heisty/Content/PolygonCity/Meshes/Environments/SM_Env_Road_Arrow_01.uexp" 3718
"D:/GitHub/Feisty-Heisty/Feisty_Heisty/Content/PolygonCity/Meshes/Environments/SM_Env_Road_Arrow_02.ubulk" 3719
"D:/GitHub/Feisty-Heisty/Feisty_Heisty/Content/PolygonCity/Meshes/Environments/SM_Env_Road_Arrow_02.uasset" 3720
"D:/GitHub/Feisty-Heisty/Feisty_Heisty/Content/PolygonCity/Meshes/Environments/SM_Env_Road_Arrow_02.uexp" 3721
"../../../Engine/Content/EngineSky/M_SimpleSkyDome.uasset" 3722
"../../../Engine/Content/EngineSky/M_SimpleSkyDome.uexp" 3723
"D:/GitHub/Feisty-Heisty/Feisty_Heisty/Content/_Maps/HaydenFuckAround.uexp" 3724
"D:/GitHub/Feisty-Heisty/Feisty_Heisty/Content/_Maps/HaydenFuckAround.umap" 3725
"D:/GitHub/Feisty-Heisty/Feisty_Heisty/Content/LPSDeluxe2TropicalEnvironment/LPSD2_Materials/Materials/Master_Color_Instances/MI_Gem_Sapphire.uasset" 3726
"D:/GitHub/Feisty-Heisty/Feisty_Heisty/Content/LPSDeluxe2TropicalEnvironment/LPSD2_Materials/Materials/Master_Color_Instances/MI_Gem_Sapphire.uexp" 3727
"D:/GitHub/Feisty-Heisty/Feisty_Heisty/Content/LPSDeluxe2TropicalEnvironment/LPSD2_Meshes/Treasure/SM_TreasureGem_3.ubulk" 3728
"D:/GitHub/Feisty-Heisty/Feisty_Heisty/Content/LPSDeluxe2TropicalEnvironment/LPSD2_Meshes/Treasure/SM_TreasureGem_3.uasset" 3729
"D:/GitHub/Feisty-Heisty/Feisty_Heisty/Content/LPSDeluxe2TropicalEnvironment/LPSD2_Meshes/Treasure/SM_TreasureGem_3.uexp" 3730
"D:/GitHub/Feisty-Heisty/Feisty_Heisty/Content/LPSDeluxe2TropicalEnvironment/LPSD2_Materials/Materials/Master_Color_Instances/MI_Gem_Turquoise.uasset" 3731
"D:/GitHub/Feisty-Heisty/Feisty_Heisty/Content/LPSDeluxe2TropicalEnvironment/LPSD2_Materials/Materials/Master_Color_Instances/MI_Gem_Turquoise.uexp" 3732
"D:/GitHub/Feisty-Heisty/Feisty_Heisty/Content/LPSDeluxe2TropicalEnvironment/LPSD2_Meshes/Treasure/SM_TreasureGlowStone_1.ubulk" 3733
"D:/GitHub/Feisty-Heisty/Feisty_Heisty/Content/LPSDeluxe2TropicalEnvironment/LPSD2_Meshes/Treasure/SM_TreasureGlowStone_1.uasset" 3734
"D:/GitHub/Feisty-Heisty/Feisty_Heisty/Content/LPSDeluxe2TropicalEnvironment/LPSD2_Meshes/Treasure/SM_TreasureGlowStone_1.uexp" 3735
"D:/GitHub/Feisty-Heisty/Feisty_Heisty/Content/_Materials/OcclusionRender_PP_Inst.uasset" 3736
"D:/GitHub/Feisty-Heisty/Feisty_Heisty/Content/_Materials/OcclusionRender_PP_Inst.uexp" 3737
"D:/GitHub/Feisty-Heisty/Feisty_Heisty/Content/LPSDeluxe2TropicalEnvironment/LPSD2_Materials/Materials/Master_Color_Instances/MI_Metal_Steel.uasset" 3738
"D:/GitHub/Feisty-Heisty/Feisty_Heisty/Content/LPSDeluxe2TropicalEnvironment/LPSD2_Materials/Materials/Master_Color_Instances/MI_Metal_Steel.uexp" 3739
"D:/GitHub/Feisty-Heisty/Feisty_Heisty/Content/LPSDeluxe2TropicalEnvironment/LPSD2_Materials/Materials/Master_Color_Instances/MI_Metal_Brass.uasset" 3740
"D:/GitHub/Feisty-Heisty/Feisty_Heisty/Content/LPSDeluxe2TropicalEnvironment/LPSD2_Materials/Materials/Master_Color_Instances/MI_Metal_Brass.uexp" 3741
"D:/GitHub/Feisty-Heisty/Feisty_Heisty/Content/LPSDeluxe2TropicalEnvironment/LPSD2_Meshes/Treasure/Sm_TreasureChalice_1.ubulk" 3742
"D:/GitHub/Feisty-Heisty/Feisty_Heisty/Content/LPSDeluxe2TropicalEnvironment/LPSD2_Meshes/Treasure/Sm_TreasureChalice_1.uasset" 3743
"D:/GitHub/Feisty-Heisty/Feisty_Heisty/Content/LPSDeluxe2TropicalEnvironment/LPSD2_Meshes/Treasure/Sm_TreasureChalice_1.uexp" 3744
"D:/GitHub/Feisty-Heisty/Feisty_Heisty/Content/LPSDeluxe2TropicalEnvironment/LPSD2_Materials/Materials/Master_Color_Instances/MI_Metal_Silver.uasset" 3745
"D:/GitHub/Feisty-Heisty/Feisty_Heisty/Content/LPSDeluxe2TropicalEnvironment/LPSD2_Materials/Materials/Master_Color_Instances/MI_Metal_Silver.uexp" 3746
"D:/GitHub/Feisty-Heisty/Feisty_Heisty/Content/LPSDeluxe2TropicalEnvironment/LPSD2_Meshes/Treasure/SM_TreasureCrown_1.ubulk" 3747
"D:/GitHub/Feisty-Heisty/Feisty_Heisty/Content/LPSDeluxe2TropicalEnvironment/LPSD2_Meshes/Treasure/SM_TreasureCrown_1.uasset" 3748
"D:/GitHub/Feisty-Heisty/Feisty_Heisty/Content/LPSDeluxe2TropicalEnvironment/LPSD2_Meshes/Treasure/SM_TreasureCrown_1.uexp" 3749
"D:/GitHub/Feisty-Heisty/Feisty_Heisty/Content/_VFX/NS_Laser.uasset" 3750
"D:/GitHub/Feisty-Heisty/Feisty_Heisty/Content/_VFX/NS_Laser.uexp" 3751
"D:/GitHub/Feisty-Heisty/Feisty_Heisty/Content/_Blueprints/BP_Laser.uasset" 3752
"D:/GitHub/Feisty-Heisty/Feisty_Heisty/Content/_Blueprints/BP_Laser.uexp" 3753
"D:/GitHub/Feisty-Heisty/Feisty_Heisty/Content/PolygonHeist/Meshes/Environments/SM_Env_Wall_Interior_Door_01.ubulk" 3754
"D:/GitHub/Feisty-Heisty/Feisty_Heisty/Content/PolygonHeist/Meshes/Environments/SM_Env_Wall_Interior_Door_01.uasset" 3755
"D:/GitHub/Feisty-Heisty/Feisty_Heisty/Content/PolygonHeist/Meshes/Environments/SM_Env_Wall_Interior_Door_01.uexp" 3756
"../../../Engine/Content/BasicShapes/Plane.ubulk" 3757
"../../../Engine/Content/BasicShapes/Plane.uasset" 3758
"../../../Engine/Content/BasicShapes/Plane.uexp" 3759
"D:/GitHub/Feisty-Heisty/Feisty_Heisty/Content/LPSDeluxe2TropicalEnvironment/LPSD2_Materials/Materials/Master_Color_Instances/MI_Gem_Quartz.uasset" 3760
"D:/GitHub/Feisty-Heisty/Feisty_Heisty/Content/LPSDeluxe2TropicalEnvironment/LPSD2_Materials/Materials/Master_Color_Instances/MI_Gem_Quartz.uexp" 3761
"D:/GitHub/Feisty-Heisty/Feisty_Heisty/Content/LPSDeluxe2TropicalEnvironment/LPSD2_Meshes/Treasure/SM_TreasurePearls_1.ubulk" 3762
"D:/GitHub/Feisty-Heisty/Feisty_Heisty/Content/LPSDeluxe2TropicalEnvironment/LPSD2_Meshes/Treasure/SM_TreasurePearls_1.uasset" 3763
"D:/GitHub/Feisty-Heisty/Feisty_Heisty/Content/LPSDeluxe2TropicalEnvironment/LPSD2_Meshes/Treasure/SM_TreasurePearls_1.uexp" 3764
"D:/GitHub/Feisty-Heisty/Feisty_Heisty/Content/_Maps/ShowcaseLevel.uexp" 3765
"D:/GitHub/Feisty-Heisty/Feisty_Heisty/Content/_Maps/ShowcaseLevel.umap" 3766
